run_id,frame,elapsed_seconds,round,paused,ai_enabled,ai_mode,simulation_mode_note,unfold_progress,fork_distance,left_fork_x,left_fork_y,left_fork_z,right_fork_x,right_fork_y,right_fork_z,replication_speed,unfold_speed,target_replication_speed,target_unfold_speed,chaos_level,attached_enzyme_count,active_particle_count,attachment_count,detachment_count,collision_count,transfer_count,mark_count,spill_count,enzyme0_x,enzyme0_y,enzyme0_z,enzyme0_attached,enzyme1_x,enzyme1_y,enzyme1_z,enzyme1_attached,completion_hold,ai_stagnation_seconds
20260527-224222-sentence-script-a-coiled-chromosome-fibe-33de09,20,0.257,1,0,1,careful,careful,0.04906,0.05365,-0.05365,0.00000,0.00000,0.05365,0.00000,0.00000,0.52020,0.09194,0.39074,0.07500,0.00000,10,0,10,0,0,0,0,0,0.29879,-0.14274,0.28290,1,0.18451,0.35240,0.21922,1,0.00000,0.00000
20260527-224222-sentence-script-a-coiled-chromosome-fibe-33de09,40,0.511,1,0,1,careful,careful,0.07766,0.21207,-0.21207,0.00000,0.00000,0.21207,0.00000,0.00000,0.44701,0.08175,0.40390,0.07500,0.00000,10,0,10,0,0,0,0,0,-0.22025,-0.51803,0.12137,1,0.24787,0.04794,0.53225,1,0.00000,0.00000
20260527-224222-sentence-script-a-coiled-chromosome-fibe-33de09,61,0.761,1,0,1,careful,careful,0.10539,0.36362,-0.36362,0.00000,0.00000,0.36362,0.00000,0.00000,0.42574,0.07757,0.41863,0.07500,0.00000,10,0,10,0,0,0,0,0,-0.39589,-0.47341,-0.26559,1,0.39726,-0.33358,0.42816,1,0.00000,0.00000
20260527-224222-sentence-script-a-coiled-chromosome-fibe-33de09,76,1.027,1,0,1,careful,careful,0.12460,0.47003,-0.47003,0.00000,0.00000,0.47003,0.00000,0.00000,0.42719,0.07629,0.43582,0.07500,0.00000,10,0,10,0,0,0,0,0,-0.50369,-0.26392,-0.47380,1,0.50385,-0.50772,0.19106,1,0.00000,0.00000
20260527-224222-sentence-script-a-coiled-chromosome-fibe-33de09,90,1.294,1,0,1,careful,careful,0.14231,0.57074,-0.57074,0.00000,0.00000,0.57074,0.00000,0.00000,0.43639,0.07567,0.45414,0.07500,0.00000,10,1,10,0,0,0,0,1,-0.60390,0.00871,-0.54170,1,0.60392,-0.53483,-0.08736,1,0.00000,0.00000
20260527-224222-sentence-script-a-coiled-chromosome-fibe-33de09,104,1.565,1,0,1,careful,careful,0.15993,0.67422,-0.67422,0.00000,0.00000,0.67422,0.00000,0.00000,0.45013,0.07535,0.47345,0.07500,0.00000,10,1,10,0,0,0,0,1,-0.70613,0.28255,-0.46155,1,0.70613,-0.41650,-0.34578,1,0.00000,0.00000
20260527-224222-sentence-script-a-coiled-chromosome-fibe-33de09,118,1.832,1,0,1,careful,careful,0.17748,0.78128,-0.78128,0.00000,0.00000,0.78128,0.00000,0.00000,0.46663,0.07519,0.49270,0.07500,0.00000,10,1,10,0,0,0,0,1,-0.81155,0.47962,-0.24942,1,0.81155,-0.18010,-0.50997,1,0.00000,0.00000
20260527-224222-sentence-script-a-coiled-chromosome-fibe-33de09,132,2.087,1,0,1,careful,careful,0.19502,0.89235,-0.89235,0.00000,0.00000,0.89235,0.00000,0.00000,0.48416,0.07510,0.51071,0.07500,0.00000,10,1,10,0,0,0,0,1,-0.92077,0.53877,0.03763,1,0.92077,0.11064,-0.52887,1,0.00000,0.00000
20260527-224222-sentence-script-a-coiled-chromosome-fibe-33de09,147,2.353,1,0,1,careful,human override,0.21378,1.01543,-1.01543,0.00000,0.00000,1.01543,0.00000,0.00000,0.49799,0.07505,0.51188,0.07500,0.00000,10,1,10,0,0,0,0,1,-1.04209,0.42432,0.33332,1,1.04209,0.38728,-0.37590,1,0.00000,0.00000
20260527-224222-sentence-script-a-coiled-chromosome-fibe-33de09,161,2.612,1,0,1,careful,human override,0.23129,1.13253,-1.13253,0.00000,0.00000,1.13253,0.00000,0.00000,0.50459,0.07503,0.51188,0.07500,0.00000,10,0,10,0,0,0,0,1,-1.15821,0.17985,0.50811,1,1.15821,0.52754,-0.11148,1,0.00000,0.00000
20260527-224222-sentence-script-a-coiled-chromosome-fibe-33de09,175,2.862,1,0,1,careful,human override,0.24880,1.25074,-1.25074,0.00000,0.00000,1.25074,0.00000,0.00000,0.50805,0.07501,0.51188,0.07500,0.00000,10,1,10,0,0,0,0,2,-1.27589,-0.12410,0.52396,1,1.27589,0.50399,0.19027,1,0.00000,0.00000
20260527-224222-sentence-script-a-coiled-chromosome-fibe-33de09,190,3.129,1,0,1,careful,human override,0.26755,1.37804,-1.37804,0.00000,0.00000,1.37804,0.00000,0.00000,0.50996,0.07501,0.51188,0.07500,0.00000,10,1,10,0,0,0,0,2,-1.40289,-0.40510,0.35407,1,1.40289,0.30149,0.44600,1,0.00000,0.00000
20260527-224222-sentence-script-a-coiled-chromosome-fibe-33de09,204,3.389,1,0,1,careful,human override,0.28505,1.49716,-1.49716,0.00000,0.00000,1.49716,0.00000,0.00000,0.51087,0.07500,0.51188,0.07500,0.00000,10,0,10,0,0,1,0,2,-1.52186,-0.53282,0.07223,1,1.52186,0.00843,0.53796,1,0.00000,0.00000
20260527-224222-sentence-script-a-coiled-chromosome-fibe-33de09,218,3.655,1,0,1,careful,human override,0.30255,1.61643,-1.61643,0.00000,0.00000,1.61643,0.00000,0.00000,0.51135,0.07500,0.51188,0.07500,0.00000,10,0,10,0,0,1,0,2,-1.64105,-0.48323,-0.23511,1,1.64105,-0.28841,0.45395,1,0.00000,0.00000
20260527-224222-sentence-script-a-coiled-chromosome-fibe-33de09,232,3.910,1,0,1,careful,human override,0.32005,1.73578,-1.73578,0.00000,0.00000,1.73578,0.00000,0.00000,0.51160,0.07500,0.51188,0.07500,0.00000,10,0,10,0,0,1,0,2,-1.76037,-0.26971,-0.46445,1,1.76037,-0.49115,0.21819,1,0.00000,0.00000
20260527-224222-sentence-script-a-coiled-chromosome-fibe-33de09,246,4.175,1,0,1,careful,human override,0.33755,1.85517,-1.85517,0.00000,0.00000,1.85517,0.00000,0.00000,0.51174,0.07500,0.51188,0.07500,0.00000,10,1,10,0,0,1,0,3,-1.87974,0.03758,-0.53544,1,1.87974,-0.52880,-0.09348,1,0.00000,0.00000
20260527-224222-sentence-script-a-coiled-chromosome-fibe-33de09,263,4.434,1,0,1,careful,human override,0.35880,2.00017,-2.00017,0.00000,0.00000,2.00017,0.00000,0.00000,0.51181,0.07500,0.51188,0.07500,0.00000,10,1,10,0,0,1,0,3,-2.02473,0.38428,-0.37437,1,2.02473,-0.33297,-0.42079,1,0.00000,0.00000
20260527-224222-sentence-script-a-coiled-chromosome-fibe-33de09,280,4.698,1,0,1,careful,human override,0.38005,2.14519,-2.14519,0.00000,0.00000,2.14519,0.00000,0.00000,0.51185,0.07500,0.51188,0.07500,0.00000,10,1,10,0,0,1,0,3,-2.16974,0.53578,-0.02098,1,2.16974,0.03352,-0.53519,1,0.00000,0.00000
20260527-224222-sentence-script-a-coiled-chromosome-fibe-33de09,299,4.956,1,0,1,careful,human override,0.40380,2.30728,-2.30728,0.00000,0.00000,2.30728,0.00000,0.00000,0.51187,0.07500,0.51188,0.07500,0.00000,10,1,10,0,0,1,0,3,-2.33183,0.37909,0.37879,1,2.33183,0.41565,-0.33820,1,0.00000,0.00000
20260527-224222-sentence-script-a-coiled-chromosome-fibe-33de09,314,5.219,1,0,1,careful,human override,0.42255,2.43525,-2.43525,0.00000,0.00000,2.43525,0.00000,0.00000,0.51187,0.07500,0.51188,0.07500,0.00000,10,0,10,0,0,1,0,3,-2.45980,0.06946,0.53107,1,2.45980,0.53541,-0.01482,1,0.00000,0.00000
20260527-224222-sentence-script-a-coiled-chromosome-fibe-33de09,328,5.480,1,0,1,careful,human override,0.44005,2.55469,-2.55469,0.00000,0.00000,2.55469,0.00000,0.00000,0.51188,0.07500,0.51188,0.07500,0.00000,10,0,10,0,0,1,0,3,-2.57923,-0.24940,0.47378,1,2.57923,0.44580,0.29649,1,0.00000,0.00000
20260527-224222-sentence-script-a-coiled-chromosome-fibe-33de09,342,5.735,1,0,1,careful,human override,0.45755,2.67413,-2.67413,0.00000,0.00000,2.67413,0.00000,0.00000,0.51188,0.07500,0.51188,0.07500,0.00000,10,0,10,0,0,1,0,3,-2.69867,-0.47729,0.24228,1,2.69867,0.19099,0.49984,1,0.00000,0.00000
20260527-224222-sentence-script-a-coiled-chromosome-fibe-33de09,356,5.998,1,0,1,careful,human override,0.47505,2.79356,-2.79356,0.00000,0.00000,2.79356,0.00000,0.00000,0.51188,0.07500,0.51188,0.07500,0.00000,10,0,10,0,0,1,0,3,-2.81811,-0.52898,-0.08004,1,2.81811,-0.13578,0.51736,1,0.00000,0.00000
20260527-224222-sentence-script-a-coiled-chromosome-fibe-33de09,370,6.259,1,0,1,careful,human override,0.49255,2.91300,-2.91300,0.00000,0.00000,2.91300,0.00000,0.00000,0.51188,0.07500,0.51188,0.07500,0.00000,10,1,10,0,0,1,0,4,-2.93755,-0.38281,-0.37344,1,2.93755,-0.41252,0.34013,1,0.00000,0.00000
20260527-224222-sentence-script-a-coiled-chromosome-fibe-33de09,384,6.511,1,0,1,careful,human override,0.51005,3.03244,-3.03244,0.00000,0.00000,3.03244,0.00000,0.00000,0.51188,0.07500,0.51188,0.07500,0.00000,10,1,10,0,0,1,0,4,-3.05699,-0.09149,-0.52668,1,3.05699,-0.53347,0.03391,1,0.00000,0.00000
20260527-224222-sentence-script-a-coiled-chromosome-fibe-33de09,398,6.772,1,0,1,careful,human override,0.52755,3.15188,-3.15188,0.00000,0.00000,3.15188,0.00000,0.00000,0.51188,0.07500,0.51188,0.07500,0.00000,10,1,10,0,0,1,0,4,-3.17643,0.23547,-0.47969,1,3.17643,-0.45132,-0.28612,1,0.00000,0.00000
20260527-224222-sentence-script-a-coiled-chromosome-fibe-33de09,411,7.022,1,0,1,careful,human override,0.54380,3.26279,-3.26279,0.00000,0.00000,3.26279,0.00000,0.00000,0.51188,0.07500,0.51188,0.07500,0.00000,10,1,10,0,0,1,0,4,-3.28733,0.46146,-0.26893,1,3.28733,-0.21886,-0.48748,1,0.00000,0.00000
20260527-224222-sentence-script-a-coiled-chromosome-fibe-33de09,425,7.283,1,0,1,careful,careful,0.56130,3.38034,-3.38034,0.00000,0.00000,3.38034,0.00000,0.00000,0.49176,0.07500,0.45204,0.07500,0.00000,10,1,10,0,0,1,0,4,-3.40601,0.53095,0.05664,1,3.40601,0.10971,-0.52296,1,0.00000,0.00000
20260527-224222-sentence-script-a-coiled-chromosome-fibe-33de09,439,7.537,1,0,1,careful,careful,0.57880,3.49203,-3.49203,0.00000,0.00000,3.49203,0.00000,0.00000,0.46799,0.07500,0.43466,0.07500,0.00000,10,0,10,0,0,2,0,4,-3.52018,0.39368,0.36056,1,3.52018,0.39668,-0.35784,1,0.00000,0.00000
20260527-224222-sentence-script-a-coiled-chromosome-fibe-33de09,453,7.797,1,0,1,careful,careful,0.59630,3.59863,-3.59863,0.00000,0.00000,3.59863,0.00000,0.00000,0.44755,0.07500,0.41794,0.07500,0.00000,10,0,10,0,0,2,0,4,-3.62911,0.10215,0.52388,1,3.62911,0.53130,-0.05375,1,0.00000,0.00000
20260527-224222-sentence-script-a-coiled-chromosome-fibe-33de09,467,8.057,1,0,1,careful,careful,0.61380,3.70072,-3.70072,0.00000,0.00000,3.70072,0.00000,0.00000,0.42920,0.07500,0.40278,0.07500,0.00000,10,0,10,0,0,2,0,4,-3.73330,-0.22966,0.48175,1,3.73330,0.45979,0.27144,1,0.00000,0.00000
20260527-224222-sentence-script-a-coiled-chromosome-fibe-33de09,481,8.317,1,0,1,careful,human override,0.63130,3.79879,-3.79879,0.00000,0.00000,3.79879,0.00000,0.00000,0.41306,0.07500,0.39209,0.07500,0.00000,10,2,10,0,0,2,0,6,-3.83324,-0.47129,0.25040,1,3.83324,0.20885,0.49127,1,0.00000,0.00000
20260527-224222-sentence-script-a-coiled-chromosome-fibe-33de09,496,8.573,1,0,1,careful,human override,0.65005,3.90051,-3.90051,0.00000,0.00000,3.90051,0.00000,0.00000,0.40260,0.07500,0.39209,0.07500,0.00000,10,2,10,0,4,2,0,6,-3.93642,-0.52351,-0.10348,1,3.93642,-0.14768,0.51289,1,0.00000,0.00000
20260527-224222-sentence-script-a-coiled-chromosome-fibe-33de09,514,8.829,1,0,1,careful,human override,0.67255,4.02023,-4.02023,0.00000,0.00000,4.02023,0.00000,0.00000,0.39668,0.07500,0.39209,0.07500,0.00000,10,2,10,0,4,2,0,6,-4.05704,-0.28130,-0.45349,1,4.05704,-0.47559,0.24214,1,0.00000,0.00000
20260527-224222-sentence-script-a-coiled-chromosome-fibe-33de09,533,9.087,1,0,1,careful,human override,0.69630,4.14534,-4.14534,0.00000,0.00000,4.14534,0.00000,0.00000,0.39400,0.07500,0.39209,0.07500,0.00000,10,3,10,0,4,2,0,7,-4.18256,0.16309,-0.50807,1,4.18256,-0.49239,-0.20559,1,0.00000,0.00000
20260527-224222-sentence-script-a-coiled-chromosome-fibe-33de09,549,9.337,1,0,1,careful,human override,0.71630,4.25025,-4.25025,0.00000,0.00000,4.25025,0.00000,0.00000,0.39300,0.07500,0.39209,0.07500,0.00000,10,2,10,0,4,2,0,7,-4.28763,0.46064,-0.26913,1,4.28763,-0.22953,-0.48165,1,0.00000,0.00000
20260527-224222-sentence-script-a-coiled-chromosome-fibe-33de09,566,9.588,1,0,1,careful,human override,0.73755,4.36151,-4.36151,0.00000,0.00000,4.36151,0.00000,0.00000,0.39251,0.07500,0.39209,0.07500,0.00000,10,2,10,0,4,3,0,8,-4.39897,0.51695,0.13152,1,4.39897,0.17375,-0.50445,1,0.00000,0.00000
20260527-224222-sentence-script-a-coiled-chromosome-fibe-33de09,586,9.851,1,0,1,careful,human override,0.76255,4.49230,-4.49230,0.00000,0.00000,4.49230,0.00000,0.00000,0.39225,0.07500,0.39209,0.07500,0.00000,10,2,10,0,4,3,0,8,-4.52980,0.21025,0.49017,1,4.52980,0.50565,-0.16987,1,0.00000,0.00000
20260527-224222-sentence-script-a-coiled-chromosome-fibe-33de09,605,10.117,1,0,1,careful,human override,0.78630,4.61649,-4.61649,0.00000,0.00000,4.61649,0.00000,0.00000,0.39216,0.07500,0.39209,0.07500,0.00000,10,1,10,0,4,3,0,8,-4.65401,-0.23951,0.47657,1,4.65401,0.45544,0.27751,1,0.00000,0.00000
20260527-224222-sentence-script-a-coiled-chromosome-fibe-33de09,620,10.380,1,0,1,careful,human override,0.80505,4.71453,-4.71453,0.00000,0.00000,4.71453,0.00000,0.00000,0.39212,0.07500,0.39209,0.07500,0.00000,10,1,10,0,4,3,0,8,-4.75205,-0.48758,0.21610,1,4.75205,0.17584,0.50355,1,0.00000,0.00000
20260527-224222-sentence-script-a-coiled-chromosome-fibe-33de09,634,10.636,1,0,1,careful,human override,0.82255,4.80602,-4.80602,0.00000,0.00000,4.80602,0.00000,0.00000,0.39210,0.07500,0.39209,0.07500,0.00000,10,1,10,0,4,3,0,8,-4.84354,-0.51979,-0.11918,1,4.84354,-0.16034,0.50872,1,0.00000,0.00000
20260527-224222-sentence-script-a-coiled-chromosome-fibe-33de09,646,10.898,1,0,1,careful,human override,0.83755,4.88444,-4.88444,0.00000,0.00000,4.88444,0.00000,0.00000,0.39210,0.07500,0.39209,0.07500,0.00000,10,2,10,0,4,3,0,9,-4.92196,-0.38008,-0.37394,1,4.92196,-0.40240,0.35015,1,0.00000,0.00000
20260527-224222-sentence-script-a-coiled-chromosome-fibe-33de09,654,11.149,1,0,1,careful,human override,0.84755,4.93672,-4.93672,0.00000,0.00000,4.93672,0.00000,0.00000,0.39209,0.07500,0.39209,0.07500,0.00000,10,1,10,0,4,4,0,9,-4.97424,-0.22002,-0.48565,1,4.97424,-0.50111,0.18280,1,0.00000,0.00000
20260527-224222-sentence-script-a-coiled-chromosome-fibe-33de09,663,11.415,1,0,1,careful,human override,0.85880,4.99553,-4.99553,0.00000,0.00000,4.99553,0.00000,0.00000,0.39209,0.07500,0.39209,0.07500,0.00000,10,1,10,0,7,4,0,9,-5.03306,-0.00565,-0.53306,1,5.03306,-0.53231,-0.03345,1,0.00000,0.00000
20260527-224222-sentence-script-a-coiled-chromosome-fibe-33de09,672,11.676,1,0,1,careful,human override,0.87005,5.05435,-5.05435,0.00000,0.00000,5.05435,0.00000,0.00000,0.39209,0.07500,0.39209,0.07500,0.00000,10,1,10,0,7,4,0,9,-5.09187,0.21008,-0.48985,1,5.09187,-0.47396,-0.24442,1,0.00000,0.00000
20260527-224222-sentence-script-a-coiled-chromosome-fibe-33de09,686,11.934,1,0,1,careful,human override,0.88755,5.14583,-5.14583,0.00000,0.00000,5.14583,0.00000,0.00000,0.39209,0.07500,0.39209,0.07500,0.00000,10,1,10,0,7,4,0,9,-5.18336,0.46274,-0.26452,1,5.18336,-0.23191,-0.48005,1,0.00000,0.00000
20260527-224222-sentence-script-a-coiled-chromosome-fibe-33de09,704,12.197,1,0,1,careful,human override,0.91005,5.26346,-5.26346,0.00000,0.00000,5.26346,0.00000,0.00000,0.39209,0.07500,0.39209,0.07500,0.00000,10,1,10,0,7,4,0,9,-5.30098,0.50702,0.16404,1,5.30098,0.19750,-0.49515,1,0.00000,0.00000
20260527-224222-sentence-script-a-coiled-chromosome-fibe-33de09,723,12.450,1,0,1,careful,human override,0.93380,5.38762,-5.38762,0.00000,0.00000,5.38762,0.00000,0.00000,0.39209,0.07500,0.39209,0.07500,0.00000,10,0,10,0,7,4,0,9,-5.42515,0.19677,0.49520,1,5.42515,0.50677,-0.16528,1,0.00000,0.00000
20260527-224222-sentence-script-a-coiled-chromosome-fibe-33de09,739,12.703,1,0,1,careful,human override,0.95380,5.49218,-5.49218,0.00000,0.00000,5.49218,0.00000,0.00000,0.39209,0.07500,0.39209,0.07500,0.00000,10,0,10,0,7,4,0,9,-5.52970,-0.18864,0.49842,1,5.52970,0.48625,0.21849,1,0.00000,0.00000
20260527-224222-sentence-script-a-coiled-chromosome-fibe-33de09,757,12.959,1,0,1,careful,human override,0.97630,5.60980,-5.60980,0.00000,0.00000,5.60980,0.00000,0.00000,0.39209,0.07500,0.39209,0.07500,0.00000,10,0,10,0,7,4,0,9,-5.64733,-0.49535,0.19680,1,5.64733,0.16661,0.50631,1,0.00000,0.00000
20260527-224222-sentence-script-a-coiled-chromosome-fibe-33de09,775,13.214,1,0,1,careful,human override,0.99880,5.72743,-5.72743,0.00000,0.00000,5.72743,0.00000,0.00000,0.39209,0.07500,0.39209,0.07500,0.00000,10,0,10,0,7,4,0,9,-5.76495,-0.47924,-0.23325,1,5.76495,-0.26193,0.46413,1,0.00000,0.00000
20260527-224222-sentence-script-a-coiled-chromosome-fibe-33de09,791,13.468,1,0,1,careful,human override,1.00000,5.83199,-5.83199,0.00000,0.00000,5.83199,0.00000,0.00000,0.39209,0.07500,0.39209,0.07500,0.00000,10,1,10,0,7,4,0,10,-5.86951,-0.19694,-0.49522,1,5.86951,-0.50635,0.16618,1,0.00000,0.23333
20260527-224222-sentence-script-a-coiled-chromosome-fibe-33de09,807,13.722,1,0,1,careful,human override,1.00000,5.93654,-5.93654,0.00000,0.00000,5.93654,0.00000,0.00000,0.39209,0.07500,0.39209,0.07500,0.00000,10,1,10,0,7,4,0,10,-5.97407,0.18836,-0.49852,1,5.97407,-0.48625,-0.21826,1,0.00000,0.50000
20260527-224222-sentence-script-a-coiled-chromosome-fibe-33de09,825,13.979,1,0,1,careful,human override,1.00000,6.05417,-6.05417,0.00000,0.00000,6.05417,0.00000,0.00000,0.39209,0.07500,0.39209,0.07500,0.00000,10,0,10,0,7,5,0,10,-6.09169,0.49565,-0.19556,1,6.09169,-0.16599,-0.50639,1,0.00000,0.80000
20260527-224222-sentence-script-a-coiled-chromosome-fibe-33de09,843,14.246,1,0,1,careful,human override,1.00000,6.17179,-6.17179,0.00000,0.00000,6.17179,0.00000,0.00000,0.39209,0.07500,0.39209,0.07500,0.00000,10,1,10,0,7,5,0,11,-6.20932,0.47817,0.23520,1,6.20932,0.26335,-0.46320,1,0.00000,1.10000
20260527-224222-sentence-script-a-coiled-chromosome-fibe-33de09,857,14.497,1,0,1,careful,human override,1.00000,6.26328,-6.26328,0.00000,0.00000,6.26328,0.00000,0.00000,0.39209,0.07500,0.39209,0.07500,0.00000,10,1,10,0,7,5,0,11,-6.30080,0.23917,0.47616,1,6.30080,0.48970,-0.20993,1,0.00000,1.33333
20260527-224222-sentence-script-a-coiled-chromosome-fibe-33de09,871,14.765,1,0,1,careful,human override,1.00000,6.35477,-6.35477,0.00000,0.00000,6.35477,0.00000,0.00000,0.39209,0.07500,0.39209,0.07500,0.00000,10,1,10,0,7,5,0,11,-6.39229,-0.09719,0.52385,1,6.39229,0.51693,0.12890,1,0.00000,1.56667
20260527-224222-sentence-script-a-coiled-chromosome-fibe-33de09,884,15.015,1,0,1,careful,human override,1.00000,6.43972,-6.43972,0.00000,0.00000,6.43972,0.00000,0.00000,0.39209,0.07500,0.39209,0.07500,0.00000,10,1,10,0,7,5,0,11,-6.47724,-0.37731,0.37605,1,6.47724,0.35264,0.39934,1,0.00000,1.78333
20260527-224222-sentence-script-a-coiled-chromosome-fibe-33de09,897,15.273,1,0,1,careful,human override,1.00000,6.52467,-6.52467,0.00000,0.00000,6.52467,0.00000,0.00000,0.39209,0.07500,0.39209,0.07500,0.00000,10,0,10,0,7,6,0,11,-6.56220,-0.52411,0.09519,1,6.56220,0.06391,0.52891,1,0.00000,2.00000
20260527-224222-sentence-script-a-coiled-chromosome-fibe-33de09,912,15.533,1,0,1,careful,careful,1.00000,6.62861,-6.62861,0.00000,0.00000,6.62861,0.00000,0.00000,0.45874,0.07500,0.58684,0.07500,0.00000,10,0,10,0,7,6,0,11,-6.66252,-0.46319,-0.26314,1,6.66252,-0.29007,0.44683,1,0.00000,2.25000
20260527-224222-sentence-script-a-coiled-chromosome-fibe-33de09,932,15.788,1,0,1,careful,careful,1.00000,6.79651,-6.79651,0.00000,0.00000,6.79651,0.00000,0.00000,0.53242,0.07500,0.57727,0.07500,0.00000,10,0,10,0,7,6,0,11,-6.82098,-0.06734,-0.52853,1,6.82098,-0.53156,0.03508,1,0.00000,2.29167
20260527-224222-sentence-script-a-coiled-chromosome-fibe-33de09,956,16.050,1,0,1,careful,careful,1.00000,7.01606,-7.01606,0.00000,0.00000,7.01606,0.00000,0.00000,0.55756,0.07500,0.56509,0.07500,0.00000,10,0,10,0,7,6,0,11,-7.03618,0.44365,-0.29524,1,7.03618,-0.26649,-0.46135,1,0.00000,1.99167
20260527-224222-sentence-script-a-coiled-chromosome-fibe-33de09,973,16.310,1,0,1,careful,careful,1.00000,7.17428,-7.17428,0.00000,0.00000,7.17428,0.00000,0.00000,0.55737,0.07500,0.55089,0.07500,0.00000,10,0,10,0,7,6,0,11,-7.19386,0.52243,0.10529,1,7.19386,0.13936,-0.51420,1,0.00000,1.77917
20260527-224222-sentence-script-a-coiled-chromosome-fibe-33de09,990,16.570,1,0,1,careful,careful,1.00000,7.33105,-7.33105,0.00000,0.00000,7.33105,0.00000,0.00000,0.54878,0.07500,0.53500,0.07500,0.00000,10,0,10,0,7,6,0,11,-7.35123,0.29469,0.44402,1,7.35123,0.46307,-0.26340,1,0.00000,1.56667
20260527-224222-sentence-script-a-coiled-chromosome-fibe-33de09,1008,16.829,1,0,1,careful,careful,1.00000,7.49362,-7.49362,0.00000,0.00000,7.49362,0.00000,0.00000,0.53527,0.07500,0.51785,0.07500,0.00000,10,1,10,0,7,6,0,12,-7.51509,-0.13059,0.51659,1,7.51509,0.50606,0.16654,1,0.00000,1.34167
20260527-224222-sentence-script-a-coiled-chromosome-fibe-33de09,1025,17.092,1,0,1,careful,careful,1.00000,7.64309,-7.64309,0.00000,0.00000,7.64309,0.00000,0.00000,0.52026,0.07500,0.49944,0.07500,0.00000,10,1,10,0,7,6,0,12,-7.66609,-0.45828,0.27178,1,7.66609,0.23882,0.47625,1,0.00000,1.12917
20260527-224222-sentence-script-a-coiled-chromosome-fibe-33de09,1038,17.351,1,0,1,careful,careful,1.00000,7.75421,-7.75421,0.00000,0.00000,7.75421,0.00000,0.00000,0.50616,0.07500,0.48088,0.07500,0.00000,10,2,10,0,7,6,0,13,-7.77862,-0.53152,-0.03613,1,7.77862,-0.07349,0.52766,1,0.00000,0.96667
20260527-224222-sentence-script-a-coiled-chromosome-fibe-33de09,1050,17.615,1,0,1,careful,careful,1.00000,7.85384,-7.85384,0.00000,0.00000,7.85384,0.00000,0.00000,0.49097,0.07500,0.46196,0.07500,0.00000,10,1,10,0,7,7,0,13,-7.87977,-0.43213,-0.31158,1,7.87977,-0.34134,0.40900,1,0.00000,1.10833
20260527-224222-sentence-script-a-coiled-chromosome-fibe-33de09,1061,17.877,1,0,1,careful,careful,1.00000,7.94232,-7.94232,0.00000,0.00000,7.94232,0.00000,0.00000,0.47545,0.07500,0.44359,0.07500,0.00000,10,1,10,0,7,7,0,13,-7.96983,-0.22491,-0.48295,1,7.96983,-0.49773,0.18978,1,0.00000,1.29167
20260527-224222-sentence-script-a-coiled-chromosome-fibe-33de09,1072,18.140,1,0,1,careful,careful,1.00000,8.02782,-8.02782,0.00000,0.00000,8.02782,0.00000,0.00000,0.45871,0.07500,0.42608,0.07500,0.00000,10,1,10,0,7,8,0,14,-8.05707,0.04004,-0.53118,1,8.05707,-0.52682,-0.07831,1,0.00000,1.47500
20260527-224222-sentence-script-a-coiled-chromosome-fibe-33de09,1085,18.401,1,0,1,careful,careful,1.00000,8.12494,-8.12494,0.00000,0.00000,8.12494,0.00000,0.00000,0.43957,0.07500,0.41002,0.07500,0.00000,10,1,10,0,7,8,0,14,-8.15629,0.33494,-0.41410,1,8.15629,-0.38837,-0.36434,1,0.00000,1.69167
20260527-224222-sentence-script-a-coiled-chromosome-fibe-33de09,1101,18.656,1,0,1,careful,careful,1.00000,8.23924,-8.23924,0.00000,0.00000,8.23924,0.00000,0.00000,0.41968,0.07500,0.39600,0.07500,0.00000,10,2,10,0,7,8,0,15,-8.27292,0.52693,-0.07701,1,8.27292,-0.03752,-0.53111,1,0.00000,1.95833
20260527-224222-sentence-script-a-coiled-chromosome-fibe-33de09,1118,18.908,1,0,1,careful,careful,1.00000,8.35553,-8.35553,0.00000,0.00000,8.35553,0.00000,0.00000,0.40284,0.07500,0.38406,0.07500,0.00000,10,2,10,0,8,8,0,15,-8.39121,0.42455,0.32136,1,8.39121,0.35266,-0.39881,1,0.00000,2.24167
20260527-224222-sentence-script-a-coiled-chromosome-fibe-33de09,1136,19.167,1,0,1,constructive,constructive,1.00000,8.48858,-8.48858,0.00000,0.00000,8.48858,0.00000,0.00000,0.55302,0.09536,0.86000,0.13500,0.00000,10,5,10,0,8,9,0,19,-8.51705,0.04287,0.53056,1,8.51705,0.53219,-0.00167,1,0.00000,2.45417
20260527-224222-sentence-script-a-coiled-chromosome-fibe-33de09,1151,19.431,1,0,1,constructive,constructive,1.00000,8.64942,-8.64942,0.00000,0.00000,8.64942,0.00000,0.00000,0.70613,0.11513,0.86000,0.13500,0.00000,10,5,10,0,8,9,0,19,-8.65955,-0.31102,0.43167,1,8.65955,0.40428,0.34528,1,0.00000,2.26667
20260527-224222-sentence-script-a-coiled-chromosome-fibe-33de09,1165,19.690,1,0,1,constructive,constructive,1.00000,8.82423,-8.82423,0.00000,0.00000,8.82423,0.00000,0.00000,0.77924,0.12457,0.86000,0.13500,0.00000,10,4,10,0,9,10,0,19,-8.82358,-0.51042,0.14892,1,8.82358,0.10322,0.52113,1,0.00000,2.09167
20260527-224222-sentence-script-a-coiled-chromosome-fibe-33de09,1179,19.954,1,0,1,constructive,constructive,1.00000,9.01132,-9.01132,0.00000,0.00000,9.01132,0.00000,0.00000,0.81761,0.12953,0.86000,0.13500,0.00000,10,3,10,0,9,11,0,19,-9.00476,-0.49286,-0.19859,1,9.00476,-0.24443,0.47114,1,0.00000,1.91667
20260527-224222-sentence-script-a-coiled-chromosome-fibe-33de09,1192,20.205,1,0,1,constructive,constructive,1.00000,9.19090,-9.19090,0.00000,0.00000,9.19090,0.00000,0.00000,0.83670,0.13199,0.86000,0.13500,0.00000,10,7,10,0,9,11,0,23,-9.18137,-0.28402,-0.44866,1,9.18137,-0.47516,0.23534,1,0.00000,1.75417
20260527-224222-sentence-script-a-coiled-chromosome-fibe-33de09,1206,20.467,1,0,1,constructive,constructive,1.00000,9.38765,-9.38765,0.00000,0.00000,9.38765,0.00000,0.00000,0.84777,0.13342,0.86000,0.13500,0.00000,10,5,10,0,10,12,0,23,-9.37640,0.06091,-0.52683,1,9.37640,-0.51619,-0.11919,1,0.00000,1.57917
20260527-224222-sentence-script-a-coiled-chromosome-fibe-33de09,1221,20.735,1,0,1,constructive,constructive,1.00000,9.60050,-9.60050,0.00000,0.00000,9.60050,0.00000,0.00000,0.85387,0.13421,0.86000,0.13500,0.00000,10,4,10,0,10,13,0,24,-9.58829,0.39811,-0.34960,1,9.58829,-0.30045,-0.43595,1,0.00000,1.39167
20260527-224222-sentence-script-a-coiled-chromosome-fibe-33de09,1235,20.987,1,0,1,constructive,constructive,1.00000,9.80013,-9.80013,0.00000,0.00000,9.80013,0.00000,0.00000,0.85678,0.13458,0.86000,0.13500,0.00000,10,2,10,0,13,15,0,24,-9.78747,0.52921,-0.01580,1,9.78747,0.04753,-0.52709,1,0.00000,1.21667
20260527-224222-sentence-script-a-coiled-chromosome-fibe-33de09,1249,21.245,1,0,1,constructive,constructive,1.00000,10.00026,-10.00026,0.00000,0.00000,10.00026,0.00000,0.00000,0.85831,0.13478,0.86000,0.13500,0.00000,10,6,10,0,13,15,0,28,-9.98736,0.41675,0.32616,1,9.98736,0.37460,-0.37341,1,0.00000,1.04167
20260527-224222-sentence-script-a-coiled-chromosome-fibe-33de09,1262,21.501,1,0,1,constructive,constructive,1.00000,10.18632,-10.18632,0.00000,0.00000,10.18632,0.00000,0.00000,0.85907,0.13488,0.86000,0.13500,0.00000,10,5,10,0,13,16,0,28,-10.17330,0.13597,0.51122,1,10.17330,0.52399,-0.07015,1,0.00000,0.87917
20260527-224222-sentence-script-a-coiled-chromosome-fibe-33de09,1278,21.758,1,0,1,constructive,constructive,1.00000,10.41549,-10.41549,0.00000,0.00000,10.41549,0.00000,0.00000,0.85956,0.13494,0.86000,0.13500,0.00000,10,4,10,0,13,17,0,28,-10.40239,-0.27243,0.45294,1,10.40239,0.41395,0.32843,1,0.00000,0.67917
20260527-224222-sentence-script-a-coiled-chromosome-fibe-33de09,1295,22.010,1,0,1,constructive,constructive,1.00000,10.65907,-10.65907,0.00000,0.00000,10.65907,0.00000,0.00000,0.85980,0.13497,0.86000,0.13500,0.00000,10,7,10,0,15,18,0,32,-10.64593,-0.52037,0.09071,1,10.64593,0.02222,0.52767,1,0.00000,0.46667
20260527-224222-sentence-script-a-coiled-chromosome-fibe-33de09,1314,22.273,1,0,1,constructive,constructive,1.00000,10.93136,-10.93136,0.00000,0.00000,10.93136,0.00000,0.00000,0.85992,0.13499,0.86000,0.13500,0.00000,10,6,10,0,18,19,0,32,-10.91821,-0.37157,-0.37503,1,10.91821,-0.42052,0.31892,1,0.00000,0.22917
20260527-224222-sentence-script-a-coiled-chromosome-fibe-33de09,1330,22.535,1,0,1,constructive,constructive,1.00000,11.16068,-11.16068,0.00000,0.00000,11.16068,0.00000,0.00000,0.85996,0.13499,0.86000,0.13500,0.00000,10,3,10,0,19,23,0,33,-11.14752,0.01708,-0.52746,1,11.14752,-0.51972,-0.08922,1,0.00000,0.02917
20260527-224222-sentence-script-a-coiled-chromosome-fibe-33de09,1344,22.786,1,0,1,constructive,constructive,1.00000,11.36134,-11.36134,0.00000,0.00000,11.36134,0.00000,0.00000,0.85998,0.13500,0.86000,0.13500,0.00000,10,6,10,0,20,24,0,37,-11.34817,0.35794,-0.38763,1,11.34817,-0.33225,-0.40925,1,0.00000,0.00000
20260527-224222-sentence-script-a-coiled-chromosome-fibe-33de09,1357,23.039,1,0,1,constructive,constructive,1.00000,11.54767,-11.54767,0.00000,0.00000,11.54767,0.00000,0.00000,0.85999,0.13500,0.86000,0.13500,0.00000,10,7,10,0,23,24,0,38,-11.53450,0.52064,-0.08454,1,11.53450,-0.00640,-0.52691,1,0.00000,0.00000
20260527-224222-sentence-script-a-coiled-chromosome-fibe-33de09,1370,23.289,1,0,1,constructive,constructive,1.00000,11.73400,-11.73400,0.00000,0.00000,11.73400,0.00000,0.00000,0.85999,0.13500,0.86000,0.13500,0.00000,10,6,10,0,23,25,0,38,-11.72083,0.46200,0.25442,1,11.72083,0.32289,-0.41619,1,0.00000,0.00000
20260527-224222-sentence-script-a-coiled-chromosome-fibe-33de09,1384,23.550,1,0,1,constructive,constructive,1.00000,11.93466,-11.93466,0.00000,0.00000,11.93466,0.00000,0.00000,0.86000,0.13500,0.86000,0.13500,0.00000,10,7,10,0,25,25,0,39,-11.92150,0.18091,0.49527,1,11.92150,0.51754,-0.09827,1,0.00000,0.00000
20260527-224222-sentence-script-a-coiled-chromosome-fibe-33de09,1398,23.813,1,0,1,constructive,constructive,1.00000,12.00000,-12.00000,0.00000,0.00000,12.00000,0.00000,0.00000,0.86000,0.13500,0.86000,0.13500,0.00000,10,10,10,0,25,25,0,43,-12.05581,-0.19102,0.49110,1,12.05581,0.45265,0.26924,1,0.20000,0.15000
20260527-224222-sentence-script-a-coiled-chromosome-fibe-33de09,1412,24.074,1,0,1,constructive,constructive,1.00000,12.00000,-12.00000,0.00000,0.00000,12.00000,0.00000,0.00000,0.86000,0.13500,0.86000,0.13500,0.00000,10,8,10,0,25,27,0,43,-12.07674,-0.46831,0.24088,1,12.07674,0.15896,0.50185,1,0.43333,0.38333
20260527-224222-sentence-script-a-coiled-chromosome-fibe-33de09,1426,24.343,1,0,1,constructive,constructive,1.00000,12.00000,-12.00000,0.00000,0.00000,12.00000,0.00000,0.00000,0.86000,0.13500,0.86000,0.13500,0.00000,10,5,10,0,25,29,0,43,-12.07956,-0.50941,-0.13219,1,12.07956,-0.21610,0.47978,1,0.66667,0.61667
20260527-224222-sentence-script-a-coiled-chromosome-fibe-33de09,1440,24.606,1,0,1,constructive,constructive,1.00000,12.00000,-12.00000,0.00000,0.00000,12.00000,0.00000,0.00000,0.86000,0.13500,0.86000,0.13500,0.00000,10,8,10,0,25,30,0,47,-12.07994,-0.29088,-0.43840,1,12.07994,-0.48142,0.21176,1,0.90000,0.85000
20260527-224222-sentence-script-a-coiled-chromosome-fibe-33de09,1454,24.857,1,0,1,constructive,constructive,1.00000,12.00000,-12.00000,0.00000,0.00000,12.00000,0.00000,0.00000,0.86000,0.13500,0.86000,0.13500,0.00000,10,5,10,0,25,33,0,47,-12.07999,0.07695,-0.52031,1,12.07999,-0.49898,-0.16576,1,1.13333,1.08333
20260527-224222-sentence-script-a-coiled-chromosome-fibe-33de09,1468,25.116,1,0,1,constructive,constructive,1.00000,12.00000,-12.00000,0.00000,0.00000,12.00000,0.00000,0.00000,0.86000,0.13500,0.86000,0.13500,0.00000,10,4,10,0,25,34,0,47,-12.08000,0.40617,-0.33370,1,12.08000,-0.25885,-0.45762,1,1.36667,1.31667
20260527-224222-sentence-script-a-coiled-chromosome-fibe-33de09,1482,25.374,1,0,1,constructive,constructive,1.00000,12.00000,-12.00000,0.00000,0.00000,12.00000,0.00000,0.00000,0.86000,0.13500,0.86000,0.13500,0.00000,10,3,10,0,25,35,0,47,-12.08000,0.52471,0.02724,1,12.08000,0.11654,-0.51240,1,1.60000,1.55000
20260527-224222-sentence-script-a-coiled-chromosome-fibe-33de09,1496,25.634,1,0,1,constructive,constructive,1.00000,12.00000,-12.00000,0.00000,0.00000,12.00000,0.00000,0.00000,0.86000,0.13500,0.86000,0.13500,0.00000,10,5,10,0,25,37,0,51,-12.08000,0.36882,0.37408,1,12.08000,0.43147,-0.29978,1,1.83333,1.78333
20260527-224222-sentence-script-a-coiled-chromosome-fibe-33de09,1510,25.884,1,0,1,constructive,constructive,1.00000,12.00000,-12.00000,0.00000,0.00000,12.00000,0.00000,0.00000,0.86000,0.13500,0.86000,0.13500,0.00000,10,6,10,0,28,37,0,52,-12.08000,0.01964,0.52492,1,12.08000,0.52080,0.06941,1,2.06667,2.01667
20260527-224222-sentence-script-a-coiled-chromosome-fibe-33de09,1525,26.151,1,0,1,constructive,constructive,1.00000,12.00000,-12.00000,0.00000,0.00000,12.00000,0.00000,0.00000,0.86000,0.13500,0.86000,0.13500,0.00000,10,5,10,0,28,38,0,52,-12.08000,-0.36097,0.38142,1,12.08000,0.31513,0.42011,1,2.31667,2.26667
20260527-224222-sentence-script-a-coiled-chromosome-fibe-33de09,1539,26.417,1,0,1,constructive,constructive,1.00000,12.00000,-12.00000,0.00000,0.00000,12.00000,0.00000,0.00000,0.86000,0.13500,0.86000,0.13500,0.00000,10,5,10,0,28,39,0,53,-12.08000,-0.52372,0.03565,1,12.08000,-0.05301,0.52232,1,2.55000,2.50000
20260527-224222-sentence-script-a-coiled-chromosome-fibe-33de09,1553,26.685,1,0,1,constructive,constructive,1.00000,12.00000,-12.00000,0.00000,0.00000,12.00000,0.00000,0.00000,0.86000,0.13500,0.86000,0.13500,0.00000,10,8,10,0,28,40,0,57,-12.08000,-0.40823,-0.32970,1,12.08000,-0.39260,0.34867,1,2.78333,2.73333
20260527-224222-sentence-script-a-coiled-chromosome-fibe-33de09,1567,26.945,1,0,1,constructive,constructive,1.00000,12.00000,-12.00000,0.00000,0.00000,12.00000,0.00000,0.00000,0.86000,0.13500,0.86000,0.13500,0.00000,10,7,10,0,30,41,0,57,-12.08000,-0.07475,-0.51929,1,12.08000,-0.52490,-0.00953,1,3.01667,2.96667
20260527-224222-sentence-script-a-coiled-chromosome-fibe-33de09,1581,27.206,1,0,1,constructive,constructive,1.00000,12.00000,-12.00000,0.00000,0.00000,12.00000,0.00000,0.00000,0.86000,0.13500,0.86000,0.13500,0.00000,10,5,10,0,31,43,0,57,-12.08000,0.29946,-0.43051,1,12.08000,-0.37940,-0.36283,1,3.25000,3.20000
20260527-224222-sentence-script-a-coiled-chromosome-fibe-33de09,1595,27.470,1,0,1,constructive,constructive,1.00000,12.00000,-12.00000,0.00000,0.00000,12.00000,0.00000,0.00000,0.86000,0.13500,0.86000,0.13500,0.00000,10,9,10,0,32,44,0,62,-12.08000,0.51273,-0.10931,1,12.08000,-0.03358,-0.52398,1,3.48333,3.43333
20260527-224222-sentence-script-a-coiled-chromosome-fibe-33de09,1609,27.728,1,0,1,constructive,constructive,1.00000,12.00000,-12.00000,0.00000,0.00000,12.00000,0.00000,0.00000,0.86000,0.13500,0.86000,0.13500,0.00000,10,5,10,0,34,46,0,62,-12.08000,0.44820,0.27163,1,12.08000,0.33018,-0.40816,1,3.71667,3.66667
20260527-224222-sentence-script-a-coiled-chromosome-fibe-33de09,1623,27.993,1,0,1,constructive,constructive,1.00000,12.00000,-12.00000,0.00000,0.00000,12.00000,0.00000,0.00000,0.86000,0.13500,0.86000,0.13500,0.00000,10,6,10,0,37,46,0,63,-12.08000,0.14003,0.50499,1,12.08000,0.51936,-0.07517,1,3.95000,3.90000
20260527-224222-sentence-script-a-coiled-chromosome-fibe-33de09,1639,28.248,2,0,1,careful,new round,0.01716,0.00000,-0.00000,0.00000,0.00000,0.00000,0.00000,0.00000,0.83793,0.12974,0.83793,0.12974,0.00000,9,0,19,10,37,47,0,63,1.21285,1.71572,-0.74863,1,-0.01132,-2.72343,-4.25750,1,0.00000,4.16667
20260527-224222-sentence-script-a-coiled-chromosome-fibe-33de09,1656,28.506,2,0,1,careful,careful,0.04892,0.06454,-0.06454,0.00000,0.00000,0.06454,0.00000,0.00000,0.62191,0.10003,0.43300,0.07500,0.00000,9,0,19,10,37,47,0,63,0.00901,-0.34702,-0.07005,1,0.09648,-0.29938,0.12032,1,0.00000,3.95417
20260527-224222-sentence-script-a-coiled-chromosome-fibe-33de09,1674,28.761,2,0,1,careful,careful,0.07641,0.23143,-0.23143,0.00000,0.00000,0.23143,0.00000,0.00000,0.50991,0.08593,0.41671,0.07500,0.00000,9,0,19,10,37,47,0,63,-0.24611,-0.31596,-0.41682,1,0.25414,-0.46316,0.25292,1,0.00000,3.72917
20260527-224222-sentence-script-a-coiled-chromosome-fibe-33de09,1690,29.016,2,0,1,careful,careful,0.09842,0.35928,-0.35928,0.00000,0.00000,0.35928,0.00000,0.00000,0.45690,0.08023,0.40196,0.07500,0.00000,10,0,20,10,37,47,0,63,-0.38685,0.08722,-0.51946,1,0.38767,-0.50985,-0.14121,1,0.00000,3.52917
20260527-224222-sentence-script-a-coiled-chromosome-fibe-33de09,1705,29.283,2,0,1,careful,careful,0.11810,0.46905,-0.46905,0.00000,0.00000,0.46905,0.00000,0.00000,0.42539,0.07762,0.38840,0.07500,0.00000,10,0,20,10,37,47,0,63,-0.50140,0.42733,-0.30725,1,0.50149,-0.26585,-0.45515,1,0.00000,3.34167
20260527-224222-sentence-script-a-coiled-chromosome-fibe-33de09,1719,29.541,2,0,1,careful,careful,0.13604,0.56560,-0.56560,0.00000,0.00000,0.56560,0.00000,0.00000,0.40473,0.07638,0.37755,0.07500,0.00000,10,0,20,10,37,47,0,63,-0.60069,0.52376,0.05426,1,0.60070,0.10030,-0.51749,1,0.00000,3.16667
20260527-224222-sentence-script-a-coiled-chromosome-fibe-33de09,1733,29.800,2,0,1,careful,careful,0.15377,0.65803,-0.65803,0.00000,0.00000,0.65803,0.00000,0.00000,0.38939,0.07572,0.36909,0.07500,0.00000,10,0,20,10,37,47,0,63,-0.69507,0.35785,0.38686,1,0.69507,0.41511,-0.32559,1,0.00000,2.99167
20260527-224222-sentence-script-a-coiled-chromosome-fibe-33de09,1747,30.056,2,0,1,careful,careful,0.17139,0.74740,-0.74740,0.00000,0.00000,0.74740,0.00000,0.00000,0.37802,0.07538,0.36339,0.07500,0.00000,10,0,20,10,37,47,0,63,-0.78587,0.01626,0.52719,1,0.78587,0.52747,0.02326,1,0.00000,2.81667
20260527-224222-sentence-script-a-coiled-chromosome-fibe-33de09,1761,30.316,2,0,1,careful,careful,0.18895,0.83455,-0.83455,0.00000,0.00000,0.83455,0.00000,0.00000,0.37013,0.07520,0.36041,0.07500,0.00000,10,0,20,10,37,47,0,63,-0.87406,-0.33222,0.41009,1,0.87406,0.38672,0.35989,1,0.00000,2.64167
20260527-224222-sentence-script-a-coiled-chromosome-fibe-33de09,1775,30.570,2,0,1,careful,careful,0.20649,0.92026,-0.92026,0.00000,0.00000,0.92026,0.00000,0.00000,0.36537,0.07510,0.36029,0.07500,0.00000,10,0,20,10,37,47,0,63,-0.96044,-0.51934,0.09565,1,0.96044,0.06346,0.52485,1,0.00000,2.46667
20260527-224222-sentence-script-a-coiled-chromosome-fibe-33de09,1789,30.835,2,0,1,careful,careful,0.22401,1.00524,-1.00524,0.00000,0.00000,1.00524,0.00000,0.00000,0.36364,0.07505,0.36312,0.07500,0.00000,10,3,20,10,37,47,0,66,-1.04576,-0.45796,-0.26354,1,1.04576,-0.28780,0.44399,1,0.00000,2.29167
20260527-224222-sentence-script-a-coiled-chromosome-fibe-33de09,1803,31.101,2,0,1,careful,careful,0.24151,1.09019,-1.09019,0.00000,0.00000,1.09019,0.00000,0.00000,0.36492,0.07503,0.36895,0.07500,0.00000,10,3,20,10,39,47,0,66,-1.13073,-0.18039,-0.49697,1,1.13073,-0.50507,0.15881,1,0.00000,2.11667
20260527-224222-sentence-script-a-coiled-chromosome-fibe-33de09,1818,31.366,2,0,1,careful,careful,0.26027,1.18195,-1.18195,0.00000,0.00000,1.18195,0.00000,0.00000,0.36932,0.07501,0.37753,0.07500,0.00000,10,3,20,10,39,47,0,66,-1.22215,0.20554,-0.48737,1,1.22215,-0.48098,-0.22195,1,0.00000,1.92917
20260527-224222-sentence-script-a-coiled-chromosome-fibe-33de09,1832,31.629,2,0,1,careful,careful,0.27777,1.26893,-1.26893,0.00000,0.00000,1.26893,0.00000,0.00000,0.37616,0.07501,0.38864,0.07500,0.00000,10,3,20,10,39,47,0,66,-1.30852,0.47018,-0.24264,1,1.30852,-0.23244,-0.47632,1,0.00000,1.75417
20260527-224222-sentence-script-a-coiled-chromosome-fibe-33de09,1846,31.896,2,0,1,careful,careful,0.29527,1.35785,-1.35785,0.00000,0.00000,1.35785,0.00000,0.00000,0.38579,0.07500,0.40220,0.07500,0.00000,10,4,20,10,39,47,0,67,-1.39654,0.51681,0.11405,1,1.39654,0.11921,-0.51671,1,0.00000,1.57917
20260527-224222-sentence-script-a-coiled-chromosome-fibe-33de09,1860,32.161,2,0,1,careful,careful,0.31277,1.44933,-1.44933,0.00000,0.00000,1.44933,0.00000,0.00000,0.39783,0.07500,0.41768,0.07500,0.00000,10,2,20,10,39,49,0,67,-1.48683,0.32512,0.41776,1,1.48683,0.41731,-0.32741,1,0.00000,1.40417
20260527-224222-sentence-script-a-coiled-chromosome-fibe-33de09,1874,32.419,2,0,1,careful,careful,0.33027,1.54387,-1.54387,0.00000,0.00000,1.54387,0.00000,0.00000,0.41185,0.07500,0.43420,0.07500,0.00000,10,2,20,10,41,49,0,67,-1.57996,-0.01554,0.52926,1,1.57996,0.53041,0.00708,1,0.00000,1.22917
20260527-224222-sentence-script-a-coiled-chromosome-fibe-33de09,1887,32.674,2,0,1,careful,careful,0.34652,1.63479,-1.63479,0.00000,0.00000,1.63479,0.00000,0.00000,0.42651,0.07500,0.45166,0.07500,0.00000,10,2,20,10,41,50,0,68,-1.66937,-0.32849,0.41544,1,1.66937,0.42452,0.31812,1,0.00000,1.06667
20260527-224222-sentence-script-a-coiled-chromosome-fibe-33de09,1901,32.943,2,0,1,careful,careful,0.36402,1.73644,-1.73644,0.00000,0.00000,1.73644,0.00000,0.00000,0.44374,0.07500,0.47076,0.07500,0.00000,10,2,20,10,41,50,0,68,-1.76923,-0.51761,0.11288,1,1.76923,0.13186,0.51398,1,0.00000,0.89167
20260527-224222-sentence-script-a-coiled-chromosome-fibe-33de09,1915,33.207,2,0,1,careful,careful,0.38152,1.84223,-1.84223,0.00000,0.00000,1.84223,0.00000,0.00000,0.46190,0.07500,0.48974,0.07500,0.00000,10,2,20,10,41,50,0,68,-1.87311,-0.47253,-0.23997,1,1.87311,-0.21784,0.48408,1,0.00000,0.71667
20260527-224222-sentence-script-a-coiled-chromosome-fibe-33de09,1929,33.464,2,0,1,careful,careful,0.39902,1.95231,-1.95231,0.00000,0.00000,1.95231,0.00000,0.00000,0.48024,0.07500,0.50797,0.07500,0.00000,10,2,20,10,41,50,0,68,-1.98120,-0.21526,-0.48446,1,1.98120,-0.47184,0.24364,1,0.00000,0.54167
20260527-224222-sentence-script-a-coiled-chromosome-fibe-33de09,1943,33.722,2,0,1,careful,careful,0.41652,2.06664,-2.06664,0.00000,0.00000,2.06664,0.00000,0.00000,0.49838,0.07500,0.52567,0.07500,0.00000,10,2,20,10,41,50,0,69,-2.09356,0.13745,-0.51221,1,2.09356,-0.52120,-0.10218,1,0.00000,0.36667
20260527-224222-sentence-script-a-coiled-chromosome-fibe-33de09,1957,33.979,2,0,1,careful,careful,0.43402,2.18514,-2.18514,0.00000,0.00000,2.18514,0.00000,0.00000,0.51601,0.07500,0.54214,0.07500,0.00000,10,1,20,10,41,51,0,69,-2.21013,0.42837,-0.31301,1,2.21013,-0.34524,-0.40367,1,0.00000,0.19167
20260527-224222-sentence-script-a-coiled-chromosome-fibe-33de09,1971,34.239,2,0,1,careful,careful,0.45152,2.30766,-2.30766,0.00000,0.00000,2.30766,0.00000,0.00000,0.53278,0.07500,0.55738,0.07500,0.00000,10,4,20,10,41,51,0,72,-2.33079,0.53025,0.02327,1,2.33079,-0.02047,-0.53082,1,0.00000,0.01667
20260527-224222-sentence-script-a-coiled-chromosome-fibe-33de09,1985,34.500,2,0,1,careful,careful,0.46902,2.43395,-2.43395,0.00000,0.00000,2.43395,0.00000,0.00000,0.54832,0.07500,0.57071,0.07500,0.00000,10,4,20,10,41,51,0,72,-2.45533,0.40097,0.34820,1,2.45533,0.31317,-0.42909,1,0.00000,0.00000
20260527-224222-sentence-script-a-coiled-chromosome-fibe-33de09,1999,34.753,2,0,1,careful,careful,0.48652,2.56365,-2.56365,0.00000,0.00000,2.56365,0.00000,0.00000,0.56211,0.07500,0.58155,0.07500,0.00000,10,4,20,10,43,51,0,72,-2.58345,0.09886,0.52197,1,2.58345,0.51174,-0.14288,1,0.00000,0.00000
20260527-224222-sentence-script-a-coiled-chromosome-fibe-33de09,2014,35.020,2,0,1,careful,careful,0.50527,2.70589,-2.70589,0.00000,0.00000,2.70589,0.00000,0.00000,0.57453,0.07500,0.59044,0.07500,0.00000,10,2,20,10,43,53,0,72,-2.72422,-0.26744,0.45917,1,2.72422,0.48040,0.22720,1,0.00000,0.00000
20260527-224222-sentence-script-a-coiled-chromosome-fibe-33de09,2028,35.281,2,0,1,careful,careful,0.52277,2.84115,-2.84115,0.00000,0.00000,2.84115,0.00000,0.00000,0.58387,0.07500,0.59641,0.07500,0.00000,10,3,20,10,43,53,0,73,-2.85837,-0.49412,0.19562,1,2.85837,0.23727,0.47555,1,0.00000,0.00000
20260527-224222-sentence-script-a-coiled-chromosome-fibe-33de09,2042,35.548,2,0,1,careful,careful,0.54027,2.97831,-2.97831,0.00000,0.00000,2.97831,0.00000,0.00000,0.59082,0.07500,0.59957,0.07500,0.00000,10,3,20,10,43,53,0,73,-2.99465,-0.50954,-0.15122,1,2.99465,-0.10607,0.52098,1,0.00000,0.00000
20260527-224222-sentence-script-a-coiled-chromosome-fibe-33de09,2057,35.814,2,0,1,careful,careful,0.55902,3.12668,-3.12668,0.00000,0.00000,3.12668,0.00000,0.00000,0.59533,0.07500,0.59966,0.07500,0.00000,10,2,20,10,43,54,0,73,-3.14239,-0.28741,-0.44726,1,3.14239,-0.41953,0.32692,1,0.00000,0.00000
20260527-224222-sentence-script-a-coiled-chromosome-fibe-33de09,2071,36.064,2,0,1,careful,careful,0.57652,3.26582,-3.26582,0.00000,0.00000,3.26582,0.00000,0.00000,0.59674,0.07500,0.59698,0.07500,0.00000,10,4,20,10,43,54,0,75,-3.28124,0.04829,-0.52958,1,3.28124,-0.53197,0.00125,1,0.00000,0.00000
20260527-224222-sentence-script-a-coiled-chromosome-fibe-33de09,2085,36.324,2,0,1,careful,careful,0.59402,3.40495,-3.40495,0.00000,0.00000,3.40495,0.00000,0.00000,0.59541,0.07500,0.59141,0.07500,0.00000,10,3,20,10,43,55,0,75,-3.42038,0.36316,-0.38859,1,3.42038,-0.42156,-0.32458,1,0.00000,0.00000
20260527-224222-sentence-script-a-coiled-chromosome-fibe-33de09,2099,36.578,2,0,1,careful,careful,0.61152,3.54342,-3.54342,0.00000,0.00000,3.54342,0.00000,0.00000,0.59135,0.07500,0.58333,0.07500,0.00000,10,4,20,10,43,55,0,76,-3.55915,0.52522,-0.08466,1,3.55915,-0.13474,-0.51469,1,0.00000,0.00000
20260527-224222-sentence-script-a-coiled-chromosome-fibe-33de09,2115,36.834,2,0,1,careful,careful,0.63152,3.70008,-3.70008,0.00000,0.00000,3.70008,0.00000,0.00000,0.58374,0.07500,0.57280,0.07500,0.00000,10,3,20,10,45,56,0,76,-3.71650,0.44129,0.29721,1,3.71650,0.25364,-0.46766,1,0.00000,0.00000
20260527-224222-sentence-script-a-coiled-chromosome-fibe-33de09,2139,37.091,2,0,1,careful,careful,0.66152,3.93094,-3.93094,0.00000,0.00000,3.93094,0.00000,0.00000,0.57107,0.07500,0.56001,0.07500,0.00000,10,2,20,10,45,58,0,77,-3.94870,-0.08017,0.52593,1,3.94870,0.53119,0.02967,1,0.00000,0.00000
20260527-224222-sentence-script-a-coiled-chromosome-fibe-33de09,2164,37.354,2,0,1,destructive,destructive,0.68891,4.13150,-4.13150,0.00000,0.00000,4.13150,0.00000,0.00000,0.37674,0.05459,0.24000,0.04000,1.00000,9,16,20,11,51,58,0,91,-4.14178,-0.40789,-0.14897,1,4.85592,1.39255,0.88180,0,0.00000,0.00000
20260527-224222-sentence-script-a-coiled-chromosome-fibe-33de09,2183,37.608,2,0,1,destructive,destructive,0.70459,4.23570,-4.23570,0.00000,0.00000,4.23570,0.00000,0.00000,0.29701,0.04608,0.24000,0.04000,1.00000,9,21,20,11,53,58,0,96,-4.15454,0.05522,-0.53588,1,4.40767,1.54792,0.84042,0,0.00000,0.00000
20260527-224222-sentence-script-a-coiled-chromosome-fibe-33de09,2208,37.870,2,0,1,destructive,destructive,0.72272,4.34949,-4.34949,0.00000,0.00000,4.34949,0.00000,0.00000,0.25803,0.04192,0.24000,0.04000,1.00000,8,24,20,12,62,65,0,106,-4.49266,0.32213,0.32972,1,2.32628,0.85759,-0.10126,0,0.00000,0.00000
20260527-224222-sentence-script-a-coiled-chromosome-fibe-33de09,2229,38.129,2,0,1,destructive,destructive,0.73715,4.43744,-4.43744,0.00000,0.00000,4.43744,0.00000,0.00000,0.24686,0.04073,0.24000,0.04000,1.00000,8,26,20,12,64,73,0,116,-4.59011,-0.39055,0.42887,1,-0.20480,-0.24408,-1.38374,0,0.00000,0.00000
20260527-224222-sentence-script-a-coiled-chromosome-fibe-33de09,2243,38.395,2,0,1,destructive,destructive,0.74660,4.49459,-4.49459,0.00000,0.00000,4.49459,0.00000,0.00000,0.24360,0.04038,0.24000,0.04000,1.00000,7,34,20,13,69,75,0,126,-4.45190,-0.34795,-0.25021,1,-2.04193,-1.11486,-2.34892,0,0.00000,0.00000
20260527-224222-sentence-script-a-coiled-chromosome-fibe-33de09,2257,38.657,2,0,1,destructive,destructive,0.75600,4.55120,-4.55120,0.00000,0.00000,4.55120,0.00000,0.00000,0.24189,0.04020,0.24000,0.04000,1.00000,7,38,20,13,69,81,0,136,-4.56784,0.13893,-0.55656,1,-3.85382,-2.01774,-3.31890,0,0.00000,0.00000
20260527-224222-sentence-script-a-coiled-chromosome-fibe-33de09,2270,38.910,2,0,1,destructive,destructive,0.76470,4.60350,-4.60350,0.00000,0.00000,4.60350,0.00000,0.00000,0.24104,0.04011,0.24000,0.04000,1.00000,7,26,20,13,70,89,0,136,-4.77292,0.38557,-0.06525,1,-5.42209,-2.83556,-4.17045,0,0.00000,0.00000
20260527-224222-sentence-script-a-coiled-chromosome-fibe-33de09,2283,39.169,2,0,1,destructive,destructive,0.77338,4.65567,-4.65567,0.00000,0.00000,4.65567,0.00000,0.00000,0.24057,0.04006,0.24000,0.04000,1.00000,6,33,20,14,73,97,0,151,-4.70025,0.13946,0.51310,1,-6.81108,-3.59575,-4.93362,0,0.00000,0.00000
20260527-224222-sentence-script-a-coiled-chromosome-fibe-33de09,2300,39.430,2,0,1,destructive,destructive,0.78473,4.72378,-4.72378,0.00000,0.00000,4.72378,0.00000,0.00000,0.24026,0.04003,0.24000,0.04000,1.00000,6,33,20,14,84,102,0,156,-4.66504,-0.34950,0.15967,1,-8.27478,-4.45733,-5.74863,0,0.00000,0.00000
20260527-224222-sentence-script-a-coiled-chromosome-fibe-33de09,2317,39.682,2,0,1,destructive,destructive,0.79607,4.79183,-4.79183,0.00000,0.00000,4.79183,0.00000,0.00000,0.24012,0.04001,0.24000,0.04000,1.00000,6,34,20,14,88,111,0,166,-4.92801,-0.00687,-0.54410,1,-9.27572,-5.13266,-6.31685,0,0.00000,0.00000
20260527-224222-sentence-script-a-coiled-chromosome-fibe-33de09,2336,39.943,2,0,1,destructive,destructive,0.80874,4.86785,-4.86785,0.00000,0.00000,4.86785,0.00000,0.00000,0.24005,0.04001,0.24000,0.04000,1.00000,5,34,20,15,94,120,0,176,-4.99764,0.33986,0.06481,1,-9.81448,-5.64612,-6.63706,0,0.00000,0.00000
20260527-224222-sentence-script-a-coiled-chromosome-fibe-33de09,2351,40.198,2,0,1,destructive,destructive,0.81874,4.92786,-4.92786,0.00000,0.00000,4.92786,0.00000,0.00000,0.24002,0.04000,0.24000,0.04000,1.00000,5,30,20,15,99,129,0,181,-4.87692,-0.19235,0.48387,1,-9.81663,-5.87354,-6.65755,0,0.00000,0.00000
20260527-224222-sentence-script-a-coiled-chromosome-fibe-33de09,2365,40.461,2,0,1,destructive,destructive,0.82807,4.98386,-4.98386,0.00000,0.00000,4.98386,0.00000,0.00000,0.24001,0.04000,0.24000,0.04000,1.00000,5,32,20,15,101,134,0,191,-5.00772,-0.35695,-0.01319,1,-9.50679,-5.95495,-6.50414,0,0.00000,0.00000
20260527-224222-sentence-script-a-coiled-chromosome-fibe-33de09,2379,40.729,2,0,1,destructive,destructive,0.83740,5.03987,-5.03987,0.00000,0.00000,5.03987,0.00000,0.00000,0.24001,0.04000,0.24000,0.04000,1.00000,4,36,20,16,107,140,0,201,-5.21068,0.12955,-0.45904,1,-8.92823,-5.92465,-6.20108,0,0.00000,0.00000
20260527-224222-sentence-script-a-coiled-chromosome-fibe-33de09,2392,40.986,2,0,1,destructive,destructive,0.84607,5.09187,-5.09187,0.00000,0.00000,5.09187,0.00000,0.00000,0.24000,0.04000,0.24000,0.04000,1.00000,4,42,20,16,114,144,0,211,-5.11784,0.36389,-0.07572,1,-8.18327,-5.81136,-5.80317,0,0.00000,0.00000
20260527-224222-sentence-script-a-coiled-chromosome-fibe-33de09,2405,41.242,2,0,1,repair,repair,0.85605,5.15089,-5.15089,0.00000,0.00000,5.15089,0.00000,0.00000,0.35587,0.06173,0.72000,0.13000,0.39258,4,33,20,16,119,152,0,211,-5.12080,0.00005,0.42018,1,-7.27194,-5.63092,-5.31102,0,0.00000,0.00000
20260527-224222-sentence-script-a-coiled-chromosome-fibe-33de09,2422,41.505,2,0,1,repair,repair,0.87978,5.28497,-5.28497,0.00000,0.00000,5.28497,0.00000,0.00000,0.55354,0.09879,0.72000,0.13000,0.02776,6,27,22,16,122,162,0,216,-5.31011,-0.47292,0.11704,1,-5.59076,-1.12027,-1.17067,1,0.00000,0.00000
20260527-224222-sentence-script-a-coiled-chromosome-fibe-33de09,2441,41.765,2,0,1,repair,repair,0.91451,5.47864,-5.47864,0.00000,0.00000,5.47864,0.00000,0.00000,0.65060,0.11699,0.72000,0.13000,0.00144,6,16,22,16,122,171,0,216,-5.49168,-0.20727,-0.45494,1,-5.50966,0.24912,-0.45184,1,0.00000,0.00000
20260527-224222-sentence-script-a-coiled-chromosome-fibe-33de09,2461,42.021,2,0,1,repair,repair,0.95507,5.70386,-5.70386,0.00000,0.00000,5.70386,0.00000,0.00000,0.69237,0.12482,0.72000,0.13000,0.00006,8,12,24,16,122,175,0,221,-5.71017,0.41472,-0.28669,1,-5.71120,0.44255,0.23096,1,0.00000,0.00000
20260527-224222-sentence-script-a-coiled-chromosome-fibe-33de09,2476,42.288,2,0,1,repair,repair,0.98666,5.87899,-5.87899,0.00000,0.00000,5.87899,0.00000,0.00000,0.70615,0.12740,0.72000,0.13000,0.00001,8,10,24,16,125,178,0,222,-5.88315,0.46339,0.20374,1,-5.88327,0.02850,0.50402,1,0.00000,0.00000
20260527-224222-sentence-script-a-coiled-chromosome-fibe-33de09,2490,42.544,2,0,1,repair,repair,1.00000,6.04466,-6.04466,0.00000,0.00000,6.04466,0.00000,0.00000,0.71273,0.12864,0.72000,0.13000,0.00000,10,13,26,16,126,180,0,227,-6.04780,0.11276,0.49525,1,-6.04781,-0.39271,0.32050,1,0.00000,0.00000
20260527-224222-sentence-script-a-coiled-chromosome-fibe-33de09,2503,42.806,2,0,1,repair,repair,1.00000,6.19950,-6.19950,0.00000,0.00000,6.19950,0.00000,0.00000,0.71600,0.12925,0.72000,0.13000,0.00000,10,12,26,16,128,182,0,228,-6.20213,-0.29885,0.41257,1,-6.20213,-0.50034,-0.08954,1,0.00000,0.00000
20260527-224222-sentence-script-a-coiled-chromosome-fibe-33de09,2517,43.071,2,0,1,repair,repair,1.00000,6.36683,-6.36683,0.00000,0.00000,6.36683,0.00000,0.00000,0.71790,0.12961,0.72000,0.13000,0.00000,10,10,26,16,131,184,0,228,-6.36916,-0.51046,0.02195,1,-6.36916,-0.23502,-0.45223,1,0.00000,0.00000
20260527-224222-sentence-script-a-coiled-chromosome-fibe-33de09,2531,43.336,2,0,1,repair,repair,1.00000,6.53448,-6.53448,0.00000,0.00000,6.53448,0.00000,0.00000,0.71890,0.12979,0.72000,0.13000,0.00000,10,11,26,16,131,187,0,234,-6.53665,-0.34081,-0.38255,1,-6.53665,0.20840,-0.46669,1,0.00000,0.00000
20260527-224222-sentence-script-a-coiled-chromosome-fibe-33de09,2545,43.587,2,0,1,repair,repair,1.00000,6.70229,-6.70229,0.00000,0.00000,6.70229,0.00000,0.00000,0.71942,0.12989,0.72000,0.13000,0.00000,10,10,26,16,136,188,0,234,-6.70438,0.07379,-0.50834,1,-6.70438,0.49437,-0.13528,1,0.00000,0.00000
20260527-224222-sentence-script-a-coiled-chromosome-fibe-33de09,2559,43.850,2,0,1,repair,repair,1.00000,6.87020,-6.87020,0.00000,0.00000,6.87020,0.00000,0.00000,0.71970,0.12994,0.72000,0.13000,0.00000,10,9,26,16,140,189,0,234,-6.87224,0.43412,-0.27678,1,-6.87224,0.42343,0.29118,1,0.00000,0.00000
20260527-224222-sentence-script-a-coiled-chromosome-fibe-33de09,2573,44.115,2,0,1,repair,repair,1.00000,7.03815,-7.03815,0.00000,0.00000,7.03815,0.00000,0.00000,0.71984,0.12997,0.72000,0.13000,0.00000,10,11,26,16,144,191,0,239,-7.04017,0.49578,0.14257,1,-7.04017,0.05751,0.51186,1,0.00000,0.00000
20260527-224222-sentence-script-a-coiled-chromosome-fibe-33de09,2587,44.374,2,0,1,repair,repair,1.00000,7.20612,-7.20612,0.00000,0.00000,7.20612,0.00000,0.00000,0.71992,0.12998,0.72000,0.13000,0.00000,10,10,26,16,145,192,0,239,-7.20813,0.22600,0.46472,1,-7.20813,-0.34531,0.38363,1,0.00000,0.00000
20260527-224222-sentence-script-a-coiled-chromosome-fibe-33de09,2604,44.637,2,0,1,repair,repair,1.00000,7.41010,-7.41010,0.00000,0.00000,7.41010,0.00000,0.00000,0.71996,0.12999,0.72000,0.13000,0.00000,10,8,26,16,145,193,0,239,-7.41211,-0.27136,0.44105,1,-7.41211,-0.50946,-0.08962,1,0.00000,0.00000
20260527-224222-sentence-script-a-coiled-chromosome-fibe-33de09,2621,44.900,2,0,1,repair,repair,1.00000,7.61410,-7.61410,0.00000,0.00000,7.61410,0.00000,0.00000,0.71998,0.13000,0.72000,0.13000,0.00000,10,11,26,16,146,194,0,244,-7.61610,-0.51857,0.01418,1,-7.61610,-0.20104,-0.47773,1,0.00000,0.00000
20260527-224222-sentence-script-a-coiled-chromosome-fibe-33de09,2639,45.151,2,0,1,repair,repair,1.00000,7.83009,-7.83009,0.00000,0.00000,7.83009,0.00000,0.00000,0.71999,0.13000,0.72000,0.13000,0.00000,10,8,26,16,148,196,0,244,-7.83209,-0.27676,-0.43989,1,-7.83209,0.31204,-0.41506,1,0.00000,0.00000
20260527-224222-sentence-script-a-coiled-chromosome-fibe-33de09,2654,45.406,2,0,1,repair,repair,1.00000,8.01009,-8.01009,0.00000,0.00000,8.01009,0.00000,0.00000,0.72000,0.13000,0.72000,0.13000,0.00000,10,8,26,16,151,200,0,249,-8.01209,0.15030,-0.49828,1,-8.01209,0.51885,-0.03456,1,0.00000,0.00000
20260527-224222-sentence-script-a-coiled-chromosome-fibe-33de09,2668,45.672,2,0,1,repair,repair,1.00000,8.17809,-8.17809,0.00000,0.00000,8.17809,0.00000,0.00000,0.72000,0.13000,0.72000,0.13000,0.00000,10,7,26,16,161,201,0,249,-8.18009,0.45996,-0.24522,1,-8.18009,0.38855,0.34656,1,0.00000,0.00000
20260527-224222-sentence-script-a-coiled-chromosome-fibe-33de09,2682,45.929,2,0,1,repair,repair,1.00000,8.34609,-8.34609,0.00000,0.00000,8.34609,0.00000,0.00000,0.72000,0.13000,0.72000,0.13000,0.00000,10,6,26,16,163,202,0,249,-8.34809,0.49977,0.15005,1,-8.34809,0.02839,0.52045,1,0.00000,0.00000
20260527-224222-sentence-script-a-coiled-chromosome-fibe-33de09,2696,46.189,2,0,1,repair,repair,1.00000,8.51409,-8.51409,0.00000,0.00000,8.51409,0.00000,0.00000,0.72000,0.13000,0.72000,0.13000,0.00000,10,10,26,16,166,204,0,255,-8.51609,0.25148,0.45768,1,-8.51609,-0.34726,0.38933,1,0.00000,0.00000
20260527-224222-sentence-script-a-coiled-chromosome-fibe-33de09,2710,46.444,2,0,1,repair,repair,1.00000,8.68209,-8.68209,0.00000,0.00000,8.68209,0.00000,0.00000,0.72000,0.13000,0.72000,0.13000,0.00000,10,10,26,16,170,204,0,255,-8.68409,-0.13893,0.50390,1,-8.68409,-0.52115,0.03468,1,0.00000,0.00000
20260527-224222-sentence-script-a-coiled-chromosome-fibe-33de09,2727,46.697,2,0,1,repair,repair,1.00000,8.88609,-8.88609,0.00000,0.00000,8.88609,0.00000,0.00000,0.72000,0.13000,0.72000,0.13000,0.00000,10,11,26,16,174,207,0,260,-8.88809,-0.48744,0.19029,1,-8.88809,-0.33829,-0.39882,1,0.00000,0.00000
20260527-224222-sentence-script-a-coiled-chromosome-fibe-33de09,2745,46.950,2,0,1,repair,repair,1.00000,9.10209,-9.10209,0.00000,0.00000,9.10209,0.00000,0.00000,0.72000,0.13000,0.72000,0.13000,0.00000,10,11,26,16,177,207,0,260,-9.10409,-0.43128,-0.29730,1,-9.10409,0.14277,-0.50375,1,0.00000,0.00000
20260527-224222-sentence-script-a-coiled-chromosome-fibe-33de09,2763,47.209,2,0,1,repair,repair,1.00000,9.31809,-9.31809,0.00000,0.00000,9.31809,0.00000,0.00000,0.72000,0.13000,0.72000,0.13000,0.00000,10,13,26,16,177,209,0,265,-9.32009,0.00009,-0.52440,1,-9.32009,0.49692,-0.16660,1,0.00000,0.00000
20260527-224222-sentence-script-a-coiled-chromosome-fibe-33de09,2777,47.459,2,0,1,repair,repair,1.00000,9.48609,-9.48609,0.00000,0.00000,9.48609,0.00000,0.00000,0.72000,0.13000,0.72000,0.13000,0.00000,10,10,26,16,179,212,0,265,-9.48809,0.35646,-0.38523,1,-9.48809,0.47697,0.21788,1,0.00000,0.00000
20260527-224222-sentence-script-a-coiled-chromosome-fibe-33de09,2791,47.711,2,0,1,repair,repair,1.00000,9.65409,-9.65409,0.00000,0.00000,9.65409,0.00000,0.00000,0.72000,0.13000,0.72000,0.13000,0.00000,10,8,26,16,179,214,0,265,-9.65609,0.52354,-0.04417,1,-9.65609,0.20175,0.48441,1,0.00000,0.00000
20260527-224222-sentence-script-a-coiled-chromosome-fibe-33de09,2804,47.963,2,0,1,repair,repair,1.00000,9.81009,-9.81009,0.00000,0.00000,9.81009,0.00000,0.00000,0.72000,0.13000,0.72000,0.13000,0.00000,10,14,26,16,181,214,0,271,-9.81209,0.43418,0.29643,1,-9.81209,-0.15274,0.50244,1,0.00000,0.00000
20260527-224222-sentence-script-a-coiled-chromosome-fibe-33de09,2817,48.217,2,0,1,repair,repair,1.00000,9.96609,-9.96609,0.00000,0.00000,9.96609,0.00000,0.00000,0.72000,0.13000,0.72000,0.13000,0.00000,10,11,26,16,182,217,0,271,-9.96809,0.15014,0.50393,1,-9.96809,-0.43680,0.29208,1,0.00000,0.00000
20260527-224222-sentence-script-a-coiled-chromosome-fibe-33de09,2831,48.468,2,0,1,repair,repair,1.00000,10.13409,-10.13409,0.00000,0.00000,10.13409,0.00000,0.00000,0.72000,0.13000,0.72000,0.13000,0.00000,10,9,26,16,183,219,0,271,-10.13609,-0.22567,0.47513,1,-10.13609,-0.52012,-0.07669,1,0.00000,0.00000
20260527-224222-sentence-script-a-coiled-chromosome-fibe-33de09,2845,48.729,2,0,1,repair,repair,1.00000,10.30209,-10.30209,0.00000,0.00000,10.30209,0.00000,0.00000,0.72000,0.13000,0.72000,0.13000,0.00000,10,12,26,16,190,221,0,276,-10.30409,-0.48525,0.20356,1,-10.30409,-0.33515,-0.40532,1,0.00000,0.00000
20260527-224222-sentence-script-a-coiled-chromosome-fibe-33de09,2859,48.993,2,0,1,repair,repair,1.00000,10.47009,-10.47009,0.00000,0.00000,10.47009,0.00000,0.00000,0.72000,0.13000,0.72000,0.13000,0.00000,10,8,26,16,191,225,0,276,-10.47209,-0.49824,-0.17027,1,-10.47209,0.02084,-0.52578,1,0.00000,0.00000
20260527-224222-sentence-script-a-coiled-chromosome-fibe-33de09,2873,49.252,2,0,1,repair,repair,1.00000,10.63809,-10.63809,0.00000,0.00000,10.63809,0.00000,0.00000,0.72000,0.13000,0.72000,0.13000,0.00000,10,6,26,16,191,226,0,276,-10.64009,-0.26063,-0.45773,1,-10.64009,0.36544,-0.37893,1,0.00000,0.00000
20260527-224222-sentence-script-a-coiled-chromosome-fibe-33de09,2887,49.514,2,0,1,repair,repair,1.00000,10.80609,-10.80609,0.00000,0.00000,10.80609,0.00000,0.00000,0.72000,0.13000,0.72000,0.13000,0.00000,10,10,26,16,191,227,0,281,-10.80809,0.10709,-0.51588,1,-10.80809,0.52504,-0.04152,1,0.00000,0.00000
20260527-224222-sentence-script-a-coiled-chromosome-fibe-33de09,2902,49.782,2,0,1,repair,repair,1.00000,10.98609,-10.98609,0.00000,0.00000,10.98609,0.00000,0.00000,0.72000,0.13000,0.72000,0.13000,0.00000,10,8,26,16,194,229,0,281,-10.98809,0.43640,-0.29574,1,-10.98809,0.40466,0.33744,1,0.00000,0.00000
20260527-224222-sentence-script-a-coiled-chromosome-fibe-33de09,2915,50.037,2,0,1,repair,repair,1.00000,11.14209,-11.14209,0.00000,0.00000,11.14209,0.00000,0.00000,0.72000,0.13000,0.72000,0.13000,0.00000,10,7,26,16,194,231,0,282,-11.14409,0.52609,0.03663,1,-11.14409,0.10851,0.51578,1,0.00000,0.00000
20260527-224222-sentence-script-a-coiled-chromosome-fibe-33de09,2928,50.294,2,0,1,repair,repair,1.00000,11.29809,-11.29809,0.00000,0.00000,11.29809,0.00000,0.00000,0.72000,0.13000,0.72000,0.13000,0.00000,10,9,26,16,196,234,0,287,-11.30009,0.39208,0.35292,1,-11.30009,-0.23386,0.47252,1,0.00000,0.00000
20260527-224222-sentence-script-a-coiled-chromosome-fibe-33de09,2942,50.562,2,0,1,repair,repair,1.00000,11.46609,-11.46609,0.00000,0.00000,11.46609,0.00000,0.00000,0.72000,0.13000,0.72000,0.13000,0.00000,10,9,26,16,205,234,0,287,-11.46809,0.06551,0.52353,1,-11.46809,-0.48668,0.20331,1,0.00000,0.00000
20260527-224222-sentence-script-a-coiled-chromosome-fibe-33de09,2957,50.826,2,0,1,repair,repair,1.00000,11.64609,-11.64609,0.00000,0.00000,11.64609,0.00000,0.00000,0.72000,0.13000,0.72000,0.13000,0.00000,10,12,26,16,205,237,0,293,-11.64809,-0.31456,0.42371,1,-11.64809,-0.49223,-0.19002,1,0.00000,0.00000
20260527-224222-sentence-script-a-coiled-chromosome-fibe-33de09,2971,51.083,2,0,1,repair,repair,1.00000,11.81409,-11.81409,0.00000,0.00000,11.81409,0.00000,0.00000,0.72000,0.13000,0.72000,0.13000,0.00000,10,12,26,16,212,237,0,293,-11.81609,-0.51499,0.11530,1,-11.81609,-0.24860,-0.46552,1,0.00000,0.00000
20260527-224222-sentence-script-a-coiled-chromosome-fibe-33de09,2984,51.338,2,0,1,repair,repair,1.00000,11.97009,-11.97009,0.00000,0.00000,11.97009,0.00000,0.00000,0.72000,0.13000,0.72000,0.13000,0.00000,10,9,26,16,215,240,0,293,-11.97209,-0.47766,-0.22464,1,-11.97209,0.08886,-0.52032,1,0.00000,0.00000
20260527-224222-sentence-script-a-coiled-chromosome-fibe-33de09,2998,51.603,2,0,1,repair,repair,1.00000,12.00000,-12.00000,0.00000,0.00000,12.00000,0.00000,0.00000,0.72000,0.13000,0.72000,0.13000,0.00000,10,11,26,16,216,242,0,298,-12.06493,-0.21586,-0.48173,1,-12.06493,0.40660,-0.33667,1,0.23333,0.18333
20260527-224222-sentence-script-a-coiled-chromosome-fibe-33de09,3013,51.863,2,0,1,ritual,ritual,1.00000,12.00000,-12.00000,0.00000,0.00000,12.00000,0.00000,0.00000,0.64998,0.11134,0.51943,0.07500,0.00000,10,10,26,16,221,243,0,298,-12.07824,0.17694,-0.49701,1,-12.07824,0.52645,0.03680,1,0.48333,0.43333
20260527-224222-sentence-script-a-coiled-chromosome-fibe-33de09,3031,52.114,2,0,1,ritual,ritual,1.00000,12.00000,-12.00000,0.00000,0.00000,12.00000,0.00000,0.00000,0.58306,0.09087,0.53687,0.07500,0.00000,10,9,26,16,222,244,0,298,-12.07987,0.50450,-0.14610,1,-12.07987,0.27889,0.44543,1,0.78333,0.73333
20260527-224222-sentence-script-a-coiled-chromosome-fibe-33de09,3050,52.370,2,0,1,ritual,ritual,1.00000,12.00000,-12.00000,0.00000,0.00000,12.00000,0.00000,0.00000,0.55754,0.08161,0.53870,0.07500,0.00000,10,7,26,16,222,244,0,299,-12.07999,0.38024,0.35870,1,-12.07999,-0.24112,0.46381,1,1.10000,1.05000
20260527-224222-sentence-script-a-coiled-chromosome-fibe-33de09,3068,52.632,2,0,1,ritual,ritual,1.00000,12.00000,-12.00000,0.00000,0.00000,12.00000,0.00000,0.00000,0.54292,0.07789,0.52360,0.07500,0.00000,10,6,26,16,223,246,1,301,-12.08000,-0.10710,0.50913,1,-12.08000,-0.51884,0.03626,1,1.40000,1.35000
20260527-224222-sentence-script-a-coiled-chromosome-fibe-33de09,3083,52.896,2,0,1,ritual,ritual,1.00000,12.00000,-12.00000,0.00000,0.00000,12.00000,0.00000,0.00000,0.52515,0.07645,0.49436,0.07500,0.00000,10,5,26,16,223,247,1,301,-12.08000,-0.45762,0.24394,1,-12.08000,-0.35634,-0.37582,1,1.65000,1.60000
20260527-224222-sentence-script-a-coiled-chromosome-fibe-33de09,3097,53.155,2,0,1,ritual,ritual,1.00000,12.00000,-12.00000,0.00000,0.00000,12.00000,0.00000,0.00000,0.50068,0.07576,0.45819,0.07500,0.00000,10,2,26,16,223,250,1,301,-12.08000,-0.48680,-0.17421,1,-12.08000,0.04262,-0.51447,1,1.88333,1.83333
20260527-224222-sentence-script-a-coiled-chromosome-fibe-33de09,3111,53.420,2,0,1,ritual,ritual,1.00000,12.00000,-12.00000,0.00000,0.00000,12.00000,0.00000,0.00000,0.47017,0.07540,0.42170,0.07500,0.00000,10,2,26,16,223,251,1,302,-12.08000,-0.19063,-0.47910,1,-12.08000,0.41614,-0.30294,1,2.11667,2.06667
20260527-224222-sentence-script-a-coiled-chromosome-fibe-33de09,3124,53.671,2,0,1,ritual,ritual,1.00000,12.00000,-12.00000,0.00000,0.00000,12.00000,0.00000,0.00000,0.44081,0.07522,0.39485,0.07500,0.00000,10,4,26,16,223,251,2,304,-12.08000,0.21146,-0.46870,1,-12.08000,0.50568,0.09091,1,2.33333,2.28333
20260527-224222-sentence-script-a-coiled-chromosome-fibe-33de09,3138,53.928,2,0,1,ritual,ritual,1.00000,12.00000,-12.00000,0.00000,0.00000,12.00000,0.00000,0.00000,0.41450,0.07512,0.38099,0.07500,0.00000,10,4,26,16,225,251,2,304,-12.08000,0.49455,-0.13526,1,-12.08000,0.25117,0.44687,1,2.56667,2.51667
20260527-224222-sentence-script-a-coiled-chromosome-fibe-33de09,3152,54.191,2,0,1,ritual,ritual,1.00000,12.00000,-12.00000,0.00000,0.00000,12.00000,0.00000,0.00000,0.39872,0.07506,0.38398,0.07500,0.00000,10,4,26,16,225,251,2,305,-12.08000,0.41486,0.29933,1,-12.08000,-0.19075,0.47443,1,2.80000,2.75000
20260527-224222-sentence-script-a-coiled-chromosome-fibe-33de09,3166,54.459,2,0,1,ritual,ritual,1.00000,12.00000,-12.00000,0.00000,0.00000,12.00000,0.00000,0.00000,0.39676,0.07503,0.40415,0.07500,0.00000,10,3,26,16,227,252,2,305,-12.08000,0.02107,0.50995,1,-12.08000,-0.49011,0.14061,1,3.03333,2.98333
20260527-224222-sentence-script-a-coiled-chromosome-fibe-33de09,3179,54.718,2,0,1,ritual,ritual,1.00000,12.00000,-12.00000,0.00000,0.00000,12.00000,0.00000,0.00000,0.40828,0.07502,0.43584,0.07500,0.00000,10,5,26,16,227,253,3,308,-12.08000,-0.36866,0.35137,1,-12.08000,-0.42610,-0.27783,1,3.25000,3.20000
20260527-224222-sentence-script-a-coiled-chromosome-fibe-33de09,3194,54.977,2,0,1,ritual,ritual,1.00000,12.00000,-12.00000,0.00000,0.00000,12.00000,0.00000,0.00000,0.43316,0.07501,0.47273,0.07500,0.00000,10,5,26,16,227,253,3,308,-12.08000,-0.49314,-0.12002,1,-12.08000,0.00461,-0.50731,1,3.50000,3.45000
20260527-224222-sentence-script-a-coiled-chromosome-fibe-33de09,3212,55.239,2,0,1,ritual,ritual,1.00000,12.00000,-12.00000,0.00000,0.00000,12.00000,0.00000,0.00000,0.46744,0.07500,0.50724,0.07500,0.00000,10,4,26,16,229,255,3,309,-12.08000,-0.05847,-0.50287,1,-12.08000,0.47671,-0.16957,1,3.80000,3.75000
20260527-224222-sentence-script-a-coiled-chromosome-fibe-33de09,3230,55.493,2,0,1,ritual,ritual,1.00000,12.00000,-12.00000,0.00000,0.00000,12.00000,0.00000,0.00000,0.49832,0.07500,0.53089,0.07500,0.00000,10,4,26,16,229,255,3,309,-12.08000,0.45381,-0.22156,1,-12.08000,0.31388,0.39478,1,4.10000,4.05000
20260527-224222-sentence-script-a-coiled-chromosome-fibe-33de09,3247,55.750,3,0,1,constructive,constructive,0.03523,0.00000,-0.00000,0.00000,0.00000,0.00000,0.00000,0.00000,0.69951,0.11562,0.86000,0.13500,0.00000,9,0,35,26,229,255,4,311,-0.14775,-0.55877,0.63816,1,0.05004,-0.92169,0.23124,1,0.00000,4.04167
20260527-224222-sentence-script-a-coiled-chromosome-fibe-33de09,3261,56.011,3,0,1,constructive,constructive,0.06347,0.15002,-0.15002,0.00000,0.00000,0.15002,0.00000,0.00000,0.77576,0.12483,0.86000,0.13500,0.00000,9,0,35,26,229,255,4,311,0.13192,-0.17938,0.54412,1,-0.14510,-0.59367,0.02120,1,0.00000,3.86667
20260527-224222-sentence-script-a-coiled-chromosome-fibe-33de09,3275,56.265,3,0,1,constructive,constructive,0.09326,0.33653,-0.33653,0.00000,0.00000,0.33653,0.00000,0.00000,0.81579,0.12966,0.86000,0.13500,0.00000,9,0,35,26,229,255,4,311,0.32783,-0.45604,0.25914,1,-0.32961,-0.34560,-0.38480,1,0.00000,3.69167
20260527-224222-sentence-script-a-coiled-chromosome-fibe-33de09,3289,56.525,3,0,1,constructive,constructive,0.12387,0.52977,-0.52977,0.00000,0.00000,0.52977,0.00000,0.00000,0.83679,0.13220,0.86000,0.13500,0.00000,10,4,36,26,229,255,4,315,0.51990,-0.46875,-0.20050,1,-0.52014,0.10841,-0.49585,1,0.00000,3.51667
20260527-224222-sentence-script-a-coiled-chromosome-fibe-33de09,3302,56.775,3,0,1,constructive,constructive,0.15267,0.71240,-0.71240,0.00000,0.00000,0.71240,0.00000,0.00000,0.84725,0.13346,0.86000,0.13500,0.00000,10,4,36,26,235,255,4,315,0.70118,-0.15541,-0.48479,1,-0.70122,0.44786,-0.24038,1,0.00000,3.35417
20260527-224222-sentence-script-a-coiled-chromosome-fibe-33de09,3317,57.031,3,0,1,constructive,constructive,0.18615,0.92515,-0.92515,0.00000,0.00000,0.92515,0.00000,0.00000,0.85361,0.13423,0.86000,0.13500,0.00000,10,4,36,26,237,255,4,315,0.91298,0.31476,-0.40135,1,-0.91299,0.45030,0.23864,1,0.00000,3.16667
20260527-224222-sentence-script-a-coiled-chromosome-fibe-33de09,3334,57.290,3,0,1,constructive,constructive,0.22425,1.16759,-1.16759,0.00000,0.00000,1.16759,0.00000,0.00000,0.85708,0.13465,0.86000,0.13500,0.00000,10,4,36,26,237,255,4,315,1.15488,0.50233,0.09457,1,-1.15488,-0.00679,0.51073,1,0.00000,2.95417
20260527-224222-sentence-script-a-coiled-chromosome-fibe-33de09,3352,57.550,3,0,1,constructive,constructive,0.26468,1.42501,-1.42501,0.00000,0.00000,1.42501,0.00000,0.00000,0.85872,0.13485,0.86000,0.13500,0.00000,10,7,36,26,239,255,4,319,1.41204,0.12259,0.49721,1,-1.41204,-0.46898,0.20568,1,0.00000,2.72917
20260527-224222-sentence-script-a-coiled-chromosome-fibe-33de09,3368,57.812,3,0,1,constructive,constructive,0.30065,1.65411,-1.65411,0.00000,0.00000,1.65411,0.00000,0.00000,0.85939,0.13493,0.86000,0.13500,0.00000,10,4,36,26,243,256,4,319,1.64104,-0.35470,0.37058,1,-1.64104,-0.42664,-0.28518,1,0.00000,2.52917
20260527-224222-sentence-script-a-coiled-chromosome-fibe-33de09,3382,58.066,3,0,1,constructive,constructive,0.33214,1.85467,-1.85467,0.00000,0.00000,1.85467,0.00000,0.00000,0.85968,0.13496,0.86000,0.13500,0.00000,10,4,36,26,243,257,4,320,1.84156,-0.51276,-0.03232,1,-1.84156,-0.05776,-0.51064,1,0.00000,2.35417
20260527-224222-sentence-script-a-coiled-chromosome-fibe-33de09,3396,58.326,3,0,1,constructive,constructive,0.36363,2.05529,-2.05529,0.00000,0.00000,2.05529,0.00000,0.00000,0.85983,0.13498,0.86000,0.13500,0.00000,10,8,36,26,243,257,4,324,2.04215,-0.30959,-0.41097,1,-2.04215,0.35027,-0.37698,1,0.00000,2.17917
20260527-224222-sentence-script-a-coiled-chromosome-fibe-33de09,3410,58.593,3,0,1,constructive,constructive,0.39513,2.25593,-2.25593,0.00000,0.00000,2.25593,0.00000,0.00000,0.85991,0.13499,0.86000,0.13500,0.00000,10,8,36,26,248,258,4,325,2.24277,0.10609,-0.50435,1,-2.24277,0.51478,0.01747,1,0.00000,2.00417
20260527-224222-sentence-script-a-coiled-chromosome-fibe-33de09,3423,58.848,3,0,1,constructive,constructive,0.42438,2.44224,-2.44224,0.00000,0.00000,2.44224,0.00000,0.00000,0.85995,0.13499,0.86000,0.13500,0.00000,10,7,36,26,248,259,4,325,2.42909,0.43209,-0.28217,1,-2.42909,0.35118,0.37777,1,0.00000,1.84167
20260527-224222-sentence-script-a-coiled-chromosome-fibe-33de09,3439,59.099,3,0,1,constructive,constructive,0.46038,2.67157,-2.67157,0.00000,0.00000,2.67157,0.00000,0.00000,0.85998,0.13500,0.86000,0.13500,0.00000,10,9,36,26,248,261,4,329,2.65841,0.48003,0.19133,1,-2.65841,-0.10879,0.50489,1,0.00000,1.64167
20260527-224222-sentence-script-a-coiled-chromosome-fibe-33de09,3455,59.352,3,0,1,constructive,constructive,0.49638,2.90090,-2.90090,0.00000,0.00000,2.90090,0.00000,0.00000,0.85999,0.13500,0.86000,0.13500,0.00000,10,7,36,26,253,263,4,329,2.88773,0.12336,0.50238,1,-2.88773,-0.47550,0.20264,1,0.00000,1.44167
20260527-224222-sentence-script-a-coiled-chromosome-fibe-33de09,3472,59.619,3,0,1,constructive,constructive,0.53463,3.14456,-3.14456,0.00000,0.00000,3.14456,0.00000,0.00000,0.85999,0.13500,0.86000,0.13500,0.00000,10,7,36,26,253,263,4,330,3.13140,-0.35786,0.37433,1,-3.13140,-0.42507,-0.29500,1,0.00000,1.22917
20260527-224222-sentence-script-a-coiled-chromosome-fibe-33de09,3488,59.871,3,0,1,constructive,constructive,0.57063,3.37389,-3.37389,0.00000,0.00000,3.37389,0.00000,0.00000,0.86000,0.13500,0.86000,0.13500,0.00000,10,4,36,26,254,266,4,330,3.36073,-0.51420,-0.06642,1,-3.36073,-0.01026,-0.51771,1,0.00000,1.02917
