run_id,frame,elapsed_seconds,round,paused,ai_enabled,ai_mode,simulation_mode_note,unfold_progress,fork_distance,left_fork_x,left_fork_y,left_fork_z,right_fork_x,right_fork_y,right_fork_z,replication_speed,unfold_speed,target_replication_speed,target_unfold_speed,chaos_level,attached_enzyme_count,active_particle_count,attachment_count,detachment_count,collision_count,transfer_count,mark_count,spill_count,enzyme0_x,enzyme0_y,enzyme0_z,enzyme0_attached,enzyme1_x,enzyme1_y,enzyme1_z,enzyme1_attached,completion_hold,ai_stagnation_seconds,active_loop_count
20260527-233410-sentence-script-a-coiled-chromosome-fibe-88d0cc,20,0.262,1,0,1,careful,careful,0.04906,0.05447,-0.05447,0.00000,0.00000,0.05447,0.00000,0.00000,0.52791,0.09194,0.39328,0.07500,0.00000,10,0,10,0,0,0,0,0,0.29848,-0.14308,0.28260,1,0.18482,0.35187,0.21965,1,0.00000,0.00000,1
20260527-233410-sentence-script-a-coiled-chromosome-fibe-88d0cc,40,0.513,1,0,1,careful,careful,0.07766,0.21365,-0.21365,0.00000,0.00000,0.21365,0.00000,0.00000,0.44261,0.08175,0.38182,0.07500,0.00000,10,0,10,0,0,0,0,0,-0.22185,-0.51815,0.12088,1,0.24947,0.04501,0.53230,1,0.00000,0.00000,1
20260527-233410-sentence-script-a-coiled-chromosome-fibe-88d0cc,60,0.773,1,0,1,careful,careful,0.10410,0.35342,-0.35342,0.00000,0.00000,0.35342,0.00000,0.00000,0.40260,0.07769,0.37229,0.07500,0.00000,10,1,10,0,1,0,0,1,-0.38730,-0.48363,-0.24692,1,0.38888,-0.32335,0.43548,1,0.00000,0.00000,2
20260527-233410-sentence-script-a-coiled-chromosome-fibe-88d0cc,75,1.037,1,0,1,careful,careful,0.12332,0.45162,-0.45162,0.00000,0.00000,0.45162,0.00000,0.00000,0.38533,0.07635,0.36529,0.07500,0.00000,10,1,10,0,1,0,0,1,-0.48892,-0.28498,-0.46182,1,0.48910,-0.50395,0.19986,1,0.00000,0.00000,2
20260527-233410-sentence-script-a-coiled-chromosome-fibe-88d0cc,89,1.302,1,0,1,careful,careful,0.14105,0.54010,-0.54010,0.00000,0.00000,0.54010,0.00000,0.00000,0.37455,0.07571,0.36116,0.07500,0.00000,10,1,10,0,1,0,0,1,-0.57896,-0.01834,-0.54181,1,0.57898,-0.53548,-0.08087,1,0.00000,0.00000,2
20260527-233410-sentence-script-a-coiled-chromosome-fibe-88d0cc,103,1.568,1,0,1,careful,careful,0.15867,0.62657,-0.62657,0.00000,0.00000,0.62657,0.00000,0.00000,0.36775,0.07537,0.36003,0.07500,0.00000,10,1,10,0,1,0,0,1,-0.66639,0.25625,-0.47715,1,0.66639,-0.41856,-0.34272,1,0.00000,0.00000,2
20260527-233410-sentence-script-a-coiled-chromosome-fibe-88d0cc,116,1.818,1,0,1,careful,careful,0.17498,0.70584,-0.70584,0.00000,0.00000,0.70584,0.00000,0.00000,0.36463,0.07520,0.36175,0.07500,0.00000,10,0,10,0,1,1,0,1,-0.74616,0.45214,-0.29724,1,0.74616,-0.20036,-0.50198,1,0.00000,0.00000,3
20260527-233410-sentence-script-a-coiled-chromosome-fibe-88d0cc,130,2.075,1,0,1,careful,careful,0.19251,0.79084,-0.79084,0.00000,0.00000,0.79084,0.00000,0.00000,0.36446,0.07511,0.36628,0.07500,0.00000,10,0,10,0,1,1,0,1,-0.83134,0.54010,-0.02071,1,0.83134,0.09164,-0.53219,1,0.00000,0.00000,4
20260527-233410-sentence-script-a-coiled-chromosome-fibe-88d0cc,146,2.339,1,0,1,careful,careful,0.21253,0.88841,-0.88841,0.00000,0.00000,0.88841,0.00000,0.00000,0.36768,0.07505,0.37374,0.07500,0.00000,10,0,10,0,1,1,0,1,-0.92873,0.44800,0.30130,1,0.92873,0.38973,-0.37309,1,0.00000,0.00000,6
20260527-233410-sentence-script-a-coiled-chromosome-fibe-88d0cc,163,2.592,1,0,1,careful,careful,0.23379,0.99347,-0.99347,0.00000,0.00000,0.99347,0.00000,0.00000,0.37400,0.07502,0.38339,0.07500,0.00000,10,0,10,0,1,1,0,1,-1.03323,0.15837,0.51546,1,1.03323,0.53735,-0.04236,1,0.00000,0.00000,7
20260527-233410-sentence-script-a-coiled-chromosome-fibe-88d0cc,180,2.850,1,0,1,careful,careful,0.25505,1.10071,-1.10071,0.00000,0.00000,1.10071,0.00000,0.00000,0.38287,0.07501,0.39551,0.07500,0.00000,10,0,10,0,1,1,0,1,-1.13961,-0.20669,0.49738,1,1.13961,0.44006,0.31046,1,0.00000,0.00000,7
20260527-233410-sentence-script-a-coiled-chromosome-fibe-88d0cc,195,3.114,1,0,1,careful,careful,0.27380,1.19775,-1.19775,0.00000,0.00000,1.19775,0.00000,0.00000,0.39329,0.07501,0.41004,0.07500,0.00000,10,2,10,0,1,1,0,3,-1.23564,-0.45608,0.28576,1,1.23564,0.17891,0.50758,1,0.00000,0.00000,8
20260527-233410-sentence-script-a-coiled-chromosome-fibe-88d0cc,209,3.381,1,0,1,careful,careful,0.29130,1.29102,-1.29102,0.00000,0.00000,1.29102,0.00000,0.00000,0.40570,0.07500,0.42645,0.07500,0.00000,10,3,10,0,1,1,0,4,-1.32769,-0.53772,-0.01160,1,1.32769,-0.12963,0.52190,1,0.00000,0.00000,8
20260527-233410-sentence-script-a-coiled-chromosome-fibe-88d0cc,222,3.632,1,0,1,careful,careful,0.30755,1.38049,-1.38049,0.00000,0.00000,1.38049,0.00000,0.00000,0.41942,0.07500,0.44319,0.07500,0.00000,10,3,10,0,1,1,0,4,-1.41579,-0.45353,-0.28840,1,1.41579,-0.38129,0.37875,1,0.00000,0.00000,8
20260527-233410-sentence-script-a-coiled-chromosome-fibe-88d0cc,236,3.895,1,0,1,careful,careful,0.32505,1.48038,-1.48038,0.00000,0.00000,1.48038,0.00000,0.00000,0.43586,0.07500,0.46163,0.07500,0.00000,10,2,10,0,1,2,0,4,-1.51399,-0.21524,-0.49206,1,1.51399,-0.52739,0.10136,1,0.00000,0.00000,7
20260527-233410-sentence-script-a-coiled-chromosome-fibe-88d0cc,250,4.154,1,0,1,careful,careful,0.34255,1.58426,-1.58426,0.00000,0.00000,1.58426,0.00000,0.00000,0.45336,0.07500,0.48015,0.07500,0.00000,10,2,10,0,1,2,0,4,-1.61602,0.09822,-0.52768,1,1.61602,-0.49284,-0.21253,1,0.00000,0.00000,7
20260527-233410-sentence-script-a-coiled-chromosome-fibe-88d0cc,264,4.409,1,0,1,careful,careful,0.36005,1.69226,-1.69226,0.00000,0.00000,1.69226,0.00000,0.00000,0.47116,0.07500,0.49844,0.07500,0.00000,10,1,10,0,1,3,0,4,-1.72211,0.37902,-0.37963,1,1.72211,-0.28607,-0.45375,1,0.00000,0.00000,8
20260527-233410-sentence-script-a-coiled-chromosome-fibe-88d0cc,278,4.669,1,0,1,careful,human override,0.37755,1.80435,-1.80435,0.00000,0.00000,1.80435,0.00000,0.00000,0.48732,0.07500,0.50626,0.07500,0.00000,10,1,10,0,1,3,0,4,-1.83233,0.52734,-0.09672,1,1.83233,0.02297,-0.53560,1,0.00000,0.00000,8
20260527-233410-sentence-script-a-coiled-chromosome-fibe-88d0cc,289,4.922,1,0,1,careful,human override,0.39130,1.89450,-1.89450,0.00000,0.00000,1.89450,0.00000,0.00000,0.49485,0.07500,0.50626,0.07500,0.00000,10,0,10,0,1,4,0,4,-1.92141,0.51257,0.15649,1,1.92141,0.26683,-0.46471,1,0.00000,0.00000,8
20260527-233410-sentence-script-a-coiled-chromosome-fibe-88d0cc,299,5.177,1,0,1,careful,human override,0.40380,1.97738,-1.97738,0.00000,0.00000,1.97738,0.00000,0.00000,0.49906,0.07500,0.50626,0.07500,0.00000,10,0,10,0,1,4,0,4,-2.00366,0.39848,0.35814,1,2.00366,0.43808,-0.30836,1,0.00000,0.00000,8
20260527-233410-sentence-script-a-coiled-chromosome-fibe-88d0cc,310,5.434,1,0,1,careful,human override,0.41755,2.06919,-2.06919,0.00000,0.00000,2.06919,0.00000,0.00000,0.50192,0.07500,0.50626,0.07500,0.00000,10,0,10,0,1,4,0,4,-2.09502,0.18782,0.50166,1,2.09502,0.53090,-0.06996,1,0.00000,0.00000,8
20260527-233410-sentence-script-a-coiled-chromosome-fibe-88d0cc,319,5.696,1,0,1,careful,human override,0.42880,2.14461,-2.14461,0.00000,0.00000,2.14461,0.00000,0.00000,0.50339,0.07500,0.50626,0.07500,0.00000,10,1,10,0,1,4,0,5,-2.17021,-0.01920,0.53521,1,2.17021,0.51642,0.14069,1,0.00000,0.00000,8
20260527-233410-sentence-script-a-coiled-chromosome-fibe-88d0cc,330,5.951,1,0,1,careful,human override,0.44255,2.23702,-2.23702,0.00000,0.00000,2.23702,0.00000,0.00000,0.50453,0.07500,0.50626,0.07500,0.00000,10,1,10,0,1,4,0,5,-2.26244,-0.26543,0.46500,1,2.26244,0.39028,0.36597,1,0.00000,0.00000,8
20260527-233410-sentence-script-a-coiled-chromosome-fibe-88d0cc,343,6.201,1,0,1,careful,human override,0.45880,2.34643,-2.34643,0.00000,0.00000,2.34643,0.00000,0.00000,0.50531,0.07500,0.50626,0.07500,0.00000,10,1,10,0,1,4,0,5,-2.37173,-0.47502,0.24656,1,2.37173,0.12698,0.51955,1,0.00000,0.00000,7
20260527-233410-sentence-script-a-coiled-chromosome-fibe-88d0cc,358,6.460,1,0,1,careful,human override,0.47755,2.47283,-2.47283,0.00000,0.00000,2.47283,0.00000,0.00000,0.50579,0.07500,0.50626,0.07500,0.00000,10,0,10,0,1,5,0,5,-2.49806,-0.52567,-0.09915,1,2.49806,-0.22258,0.48613,1,0.00000,0.00000,8
20260527-233410-sentence-script-a-coiled-chromosome-fibe-88d0cc,374,6.719,1,0,1,careful,human override,0.49755,2.60774,-2.60774,0.00000,0.00000,2.60774,0.00000,0.00000,0.50603,0.07500,0.50626,0.07500,0.00000,10,1,10,0,2,5,0,6,-2.63294,-0.33282,-0.41853,1,2.63294,-0.48698,0.22018,1,0.00000,0.00000,7
20260527-233410-sentence-script-a-coiled-chromosome-fibe-88d0cc,398,6.977,1,0,1,careful,human override,0.52755,2.81020,-2.81020,0.00000,0.00000,2.81020,0.00000,0.00000,0.50619,0.07500,0.50626,0.07500,0.00000,10,1,10,0,3,5,0,6,-2.83536,0.20962,-0.49160,1,2.83536,-0.42344,-0.32563,1,0.00000,0.00000,7
20260527-233410-sentence-script-a-coiled-chromosome-fibe-88d0cc,423,7.236,1,0,1,careful,human override,0.55880,3.02112,-3.02112,0.00000,0.00000,3.02112,0.00000,0.00000,0.50624,0.07500,0.50626,0.07500,0.00000,10,1,10,0,3,5,0,6,-3.04628,0.53376,-0.02360,1,3.04628,0.11466,-0.52151,1,0.00000,0.00000,7
20260527-233410-sentence-script-a-coiled-chromosome-fibe-88d0cc,437,7.495,1,0,1,careful,human override,0.57630,3.13924,-3.13924,0.00000,0.00000,3.13924,0.00000,0.00000,0.50625,0.07500,0.50626,0.07500,0.00000,10,1,10,0,3,5,0,6,-3.16440,0.44454,0.29606,1,3.16440,0.40125,-0.35228,1,0.00000,0.00000,7
20260527-233410-sentence-script-a-coiled-chromosome-fibe-88d0cc,449,7.751,1,0,1,careful,human override,0.59130,3.24049,-3.24049,0.00000,0.00000,3.24049,0.00000,0.00000,0.50625,0.07500,0.50626,0.07500,0.00000,10,1,10,0,3,5,0,6,-3.26565,0.22704,0.48322,1,3.26565,0.52560,-0.09317,1,0.00000,0.00000,8
20260527-233410-sentence-script-a-coiled-chromosome-fibe-88d0cc,461,8.020,1,0,1,careful,human override,0.60630,3.34175,-3.34175,0.00000,0.00000,3.34175,0.00000,0.00000,0.50626,0.07500,0.50626,0.07500,0.00000,10,0,10,0,3,6,0,6,-3.36690,-0.05694,0.53067,1,3.36690,0.49717,0.19384,1,0.00000,0.00000,8
20260527-233410-sentence-script-a-coiled-chromosome-fibe-88d0cc,473,8.282,1,0,1,careful,human override,0.62130,3.44300,-3.44300,0.00000,0.00000,3.44300,0.00000,0.00000,0.50626,0.07500,0.50626,0.07500,0.00000,10,0,10,0,3,6,0,6,-3.46815,-0.32490,0.42323,1,3.46815,0.32310,0.42453,1,0.00000,0.00000,7
20260527-233410-sentence-script-a-coiled-chromosome-fibe-88d0cc,486,8.540,1,0,1,careful,human override,0.63755,3.55269,-3.55269,0.00000,0.00000,3.55269,0.00000,0.00000,0.50626,0.07500,0.50626,0.07500,0.00000,10,1,10,0,3,6,0,7,-3.57784,-0.50625,0.16790,1,3.57784,0.02945,0.53260,1,0.00000,0.00000,6
20260527-233410-sentence-script-a-coiled-chromosome-fibe-88d0cc,500,8.799,1,0,1,careful,human override,0.65505,3.67081,-3.67081,0.00000,0.00000,3.67081,0.00000,0.00000,0.50626,0.07500,0.50626,0.07500,0.00000,10,1,10,0,3,6,0,7,-3.69597,-0.50567,-0.16924,1,3.69597,-0.29459,0.44476,1,0.00000,0.00000,8
20260527-233410-sentence-script-a-coiled-chromosome-fibe-88d0cc,514,9.056,1,0,1,careful,human override,0.67255,3.78894,-3.78894,0.00000,0.00000,3.78894,0.00000,0.00000,0.50626,0.07500,0.50626,0.07500,0.00000,10,0,10,0,3,7,0,7,-3.81410,-0.30302,-0.43876,1,3.81410,-0.50201,0.18029,1,0.00000,0.00000,7
20260527-233410-sentence-script-a-coiled-chromosome-fibe-88d0cc,528,9.317,1,0,1,careful,human override,0.69005,3.90707,-3.90707,0.00000,0.00000,3.90707,0.00000,0.00000,0.50626,0.07500,0.50626,0.07500,0.00000,10,0,10,0,3,7,0,7,-3.93223,0.02087,-0.53281,1,3.93223,-0.51003,-0.15603,1,0.00000,0.00000,8
20260527-233410-sentence-script-a-coiled-chromosome-fibe-88d0cc,542,9.579,1,0,1,careful,careful,0.70755,4.02493,-4.02493,0.00000,0.00000,4.02493,0.00000,0.00000,0.49986,0.07500,0.46626,0.07500,0.00000,10,1,10,0,3,7,0,8,-4.05029,0.33646,-0.41363,1,4.05029,-0.31492,-0.43042,1,0.00000,0.00000,7
20260527-233410-sentence-script-a-coiled-chromosome-fibe-88d0cc,556,9.836,1,0,1,careful,careful,0.72505,4.13889,-4.13889,0.00000,0.00000,4.13889,0.00000,0.00000,0.47876,0.07500,0.44809,0.07500,0.00000,10,3,10,0,3,7,0,10,-4.16605,0.51741,-0.12868,1,4.16605,0.00626,-0.53317,1,0.00000,0.00000,8
20260527-233410-sentence-script-a-coiled-chromosome-fibe-88d0cc,569,10.087,1,0,1,careful,careful,0.74130,4.24046,-4.24046,0.00000,0.00000,4.24046,0.00000,0.00000,0.46037,0.07500,0.43109,0.07500,0.00000,10,3,10,0,4,7,0,10,-4.26960,0.50008,0.18493,1,4.26960,0.30562,-0.43682,1,0.00000,0.00000,7
20260527-233410-sentence-script-a-coiled-chromosome-fibe-88d0cc,583,10.357,1,0,1,careful,careful,0.75880,4.34553,-4.34553,0.00000,0.00000,4.34553,0.00000,0.00000,0.44170,0.07500,0.41407,0.07500,0.00000,10,2,10,0,4,8,0,10,-4.37674,0.28863,0.44824,1,4.37674,0.50681,-0.16529,1,0.00000,0.00000,7
20260527-233410-sentence-script-a-coiled-chromosome-fibe-88d0cc,596,10.611,1,0,1,careful,careful,0.77505,4.43931,-4.43931,0.00000,0.00000,4.43931,0.00000,0.00000,0.42541,0.07500,0.39962,0.07500,0.00000,10,1,10,0,4,9,0,10,-4.47234,-0.01467,0.53284,1,4.47234,0.51134,0.15019,1,0.00000,0.00000,7
20260527-233410-sentence-script-a-coiled-chromosome-fibe-88d0cc,610,10.872,1,0,1,careful,careful,0.79255,4.53651,-4.53651,0.00000,0.00000,4.53651,0.00000,0.00000,0.40924,0.07500,0.38671,0.07500,0.00000,10,2,10,0,4,9,0,11,-4.57137,-0.33251,0.41659,1,4.57137,0.31629,0.42869,1,0.00000,0.00000,7
20260527-233410-sentence-script-a-coiled-chromosome-fibe-88d0cc,628,11.140,1,0,1,careful,careful,0.81505,4.65655,-4.65655,0.00000,0.00000,4.65655,0.00000,0.00000,0.39275,0.07500,0.37582,0.07500,0.00000,10,2,10,0,4,9,0,11,-4.69337,-0.53186,0.03574,1,4.69337,-0.10669,0.52181,1,0.00000,0.00000,7
20260527-233410-sentence-script-a-coiled-chromosome-fibe-88d0cc,646,11.393,1,0,1,careful,careful,0.83755,4.77234,-4.77234,0.00000,0.00000,4.77234,0.00000,0.00000,0.38049,0.07500,0.36801,0.07500,0.00000,10,3,10,0,4,9,0,13,-4.81065,-0.38541,-0.36827,1,4.81065,-0.45919,0.26982,1,0.00000,0.00000,7
20260527-233410-sentence-script-a-coiled-chromosome-fibe-88d0cc,664,11.652,1,0,1,careful,careful,0.86005,4.88500,-4.88500,0.00000,0.00000,4.88500,0.00000,0.00000,0.37163,0.07500,0.36269,0.07500,0.00000,10,2,10,0,8,10,0,13,-4.92441,0.01131,-0.53298,1,4.92441,-0.50804,-0.16015,1,0.00000,0.00000,8
20260527-233410-sentence-script-a-coiled-chromosome-fibe-88d0cc,681,11.916,1,0,1,careful,careful,0.88130,4.98936,-4.98936,0.00000,0.00000,4.98936,0.00000,0.00000,0.36583,0.07500,0.36017,0.07500,0.00000,10,3,10,0,10,10,0,14,-5.02950,0.38416,-0.36960,1,5.02950,-0.24432,-0.47341,1,0.00000,0.00000,8
20260527-233410-sentence-script-a-coiled-chromosome-fibe-88d0cc,699,12.176,1,0,1,artistic,artistic,0.90573,5.11136,-5.11136,0.00000,0.00000,5.11136,0.00000,0.00000,0.48177,0.09288,0.66000,0.12000,1.00000,10,12,10,0,11,10,0,23,-5.05647,0.46280,0.03381,1,5.19982,0.21850,-0.49539,1,0.00000,0.00000,7
20260527-233410-sentence-script-a-coiled-chromosome-fibe-88d0cc,717,12.428,1,0,1,artistic,artistic,0.93632,5.27384,-5.27384,0.00000,0.00000,5.27384,0.00000,0.00000,0.58219,0.10816,0.66000,0.12000,1.00000,10,17,10,0,17,10,0,28,-5.27087,0.12701,0.54718,1,5.19563,0.60041,0.12898,1,0.00000,0.00000,8
20260527-233410-sentence-script-a-coiled-chromosome-fibe-88d0cc,734,12.678,1,0,1,artistic,artistic,0.96805,5.44590,-5.44590,0.00000,0.00000,5.44590,0.00000,0.00000,0.62443,0.11459,0.66000,0.12000,1.00000,10,30,10,0,27,13,0,44,-5.59022,-0.33341,0.34802,1,5.38769,0.14705,0.57560,1,0.00000,0.00000,8
20260527-233410-sentence-script-a-coiled-chromosome-fibe-88d0cc,757,12.932,1,0,1,artistic,artistic,1.00000,5.69068,-5.69068,0.00000,0.00000,5.69068,0.00000,0.00000,0.64766,0.11812,0.66000,0.12000,1.00000,10,29,10,0,45,19,0,49,-5.65665,-0.20151,-0.47993,1,5.83812,-0.59908,-0.01492,1,0.00000,0.00000,8
20260527-233410-sentence-script-a-coiled-chromosome-fibe-88d0cc,782,13.183,1,0,1,artistic,artistic,1.00000,5.96270,-5.96270,0.00000,0.00000,5.96270,0.00000,0.00000,0.65610,0.11941,0.66000,0.12000,1.00000,10,40,10,0,57,24,0,65,-5.84121,0.38188,-0.08990,1,5.99232,0.10978,-0.57935,1,0.00000,0.00000,8
20260527-233410-sentence-script-a-coiled-chromosome-fibe-88d0cc,796,13.437,1,0,1,artistic,artistic,1.00000,6.11604,-6.11604,0.00000,0.00000,6.11604,0.00000,0.00000,0.65795,0.11969,0.66000,0.12000,1.00000,10,38,10,0,65,30,0,70,-6.17520,0.19204,0.39441,1,6.00378,0.56535,-0.09705,1,0.00000,0.00000,7
20260527-233410-sentence-script-a-coiled-chromosome-fibe-88d0cc,809,13.694,1,0,1,artistic,artistic,1.00000,6.25872,-6.25872,0.00000,0.00000,6.25872,0.00000,0.00000,0.65887,0.11983,0.66000,0.12000,1.00000,10,40,10,0,68,36,1,81,-6.36143,-0.20231,0.45490,1,6.27212,0.35340,0.46913,1,0.00000,0.00000,6
20260527-233410-sentence-script-a-coiled-chromosome-fibe-88d0cc,822,13.945,1,0,1,artistic,artistic,1.00000,6.40154,-6.40154,0.00000,0.00000,6.40154,0.00000,0.00000,0.65938,0.11991,0.66000,0.12000,1.00000,10,44,10,0,83,40,1,91,-6.32335,-0.47519,0.01275,1,6.52172,-0.26656,0.51080,1,0.00000,0.00000,5
20260527-233410-sentence-script-a-coiled-chromosome-fibe-88d0cc,835,14.198,1,0,1,artistic,artistic,1.00000,6.54444,-6.54444,0.00000,0.00000,6.54444,0.00000,0.00000,0.65966,0.11995,0.66000,0.12000,1.00000,10,43,10,0,91,45,1,96,-6.49436,-0.25452,-0.48598,1,6.50034,-0.53918,-0.01464,1,0.00000,0.00000,5
20260527-233410-sentence-script-a-coiled-chromosome-fibe-88d0cc,849,14.452,1,0,1,artistic,artistic,1.00000,6.69838,-6.69838,0.00000,0.00000,6.69838,0.00000,0.00000,0.65982,0.11997,0.66000,0.12000,1.00000,10,48,10,0,106,55,1,112,-6.82269,0.35718,-0.41865,1,6.62194,-0.14585,-0.51643,1,0.00000,0.00000,5
20260527-233410-sentence-script-a-coiled-chromosome-fibe-88d0cc,869,14.714,1,0,1,artistic,artistic,1.00000,6.91834,-6.91834,0.00000,0.00000,6.91834,0.00000,0.00000,0.65993,0.11999,0.66000,0.12000,1.00000,10,45,10,0,116,63,1,117,-6.91144,0.36997,0.40718,1,7.04825,0.50074,-0.12579,1,0.00000,0.00000,6
20260527-233410-sentence-script-a-coiled-chromosome-fibe-88d0cc,893,14.969,1,0,1,artistic,artistic,1.00000,7.18233,-7.18233,0.00000,0.00000,7.18233,0.00000,0.00000,0.65998,0.12000,0.66000,0.12000,1.00000,10,41,10,0,127,80,2,133,-7.06079,-0.49368,0.15051,1,7.21317,-0.16983,0.58343,1,0.00000,0.00000,6
20260527-233410-sentence-script-a-coiled-chromosome-fibe-88d0cc,911,15.224,1,0,1,artistic,artistic,1.00000,7.38032,-7.38032,0.00000,0.00000,7.38032,0.00000,0.00000,0.65999,0.12000,0.66000,0.12000,1.00000,10,30,10,0,127,91,2,133,-7.43884,-0.14351,-0.42761,1,7.26082,-0.53619,-0.04447,1,0.00000,0.00000,6
20260527-233410-sentence-script-a-coiled-chromosome-fibe-88d0cc,925,15.486,1,0,1,artistic,artistic,1.00000,7.53432,-7.53432,0.00000,0.00000,7.53432,0.00000,0.00000,0.65999,0.12000,0.66000,0.12000,1.00000,10,37,10,0,128,97,3,149,-7.63975,0.42402,-0.27517,1,7.54724,-0.02756,-0.55757,1,0.00000,0.00000,7
20260527-233410-sentence-script-a-coiled-chromosome-fibe-88d0cc,939,15.744,1,0,1,artistic,artistic,1.00000,7.68832,-7.68832,0.00000,0.00000,7.68832,0.00000,0.00000,0.66000,0.12000,0.66000,0.12000,1.00000,10,25,10,0,141,106,3,149,-7.60463,0.42561,0.26523,1,7.80898,0.46219,-0.30278,1,0.00000,0.00000,6
20260527-233410-sentence-script-a-coiled-chromosome-fibe-88d0cc,953,16.015,1,0,1,artistic,artistic,1.00000,7.84232,-7.84232,0.00000,0.00000,7.84232,0.00000,0.00000,0.66000,0.12000,0.66000,0.12000,1.00000,10,24,10,0,148,112,3,154,-7.80522,-0.21531,0.47112,1,7.78453,0.28473,0.37823,1,0.00000,0.00000,6
20260527-233410-sentence-script-a-coiled-chromosome-fibe-88d0cc,966,16.267,1,0,1,artistic,artistic,1.00000,7.98532,-7.98532,0.00000,0.00000,7.98532,0.00000,0.00000,0.66000,0.12000,0.66000,0.12000,1.00000,10,36,10,0,162,115,3,170,-8.10774,-0.56567,0.06112,1,7.91717,-0.18956,0.53400,1,0.00000,0.00000,6
20260527-233410-sentence-script-a-coiled-chromosome-fibe-88d0cc,980,16.522,1,0,1,artistic,artistic,1.00000,8.13932,-8.13932,0.00000,0.00000,8.13932,0.00000,0.00000,0.66000,0.12000,0.66000,0.12000,1.00000,10,39,10,0,181,117,3,175,-8.14113,-0.11473,-0.46894,1,8.25196,-0.39558,-0.03057,1,0.00000,0.00000,5
20260527-233410-sentence-script-a-coiled-chromosome-fibe-88d0cc,994,16.788,1,0,1,artistic,artistic,1.00000,8.29332,-8.29332,0.00000,0.00000,8.29332,0.00000,0.00000,0.66000,0.12000,0.66000,0.12000,1.00000,10,51,10,0,183,120,3,191,-8.19067,0.49911,-0.34170,1,8.32923,-0.09898,-0.54565,1,0.00000,0.00000,7
20260527-233410-sentence-script-a-coiled-chromosome-fibe-88d0cc,1007,17.051,1,0,1,artistic,artistic,1.00000,8.43632,-8.43632,0.00000,0.00000,8.43632,0.00000,0.00000,0.66000,0.12000,0.66000,0.12000,1.00000,10,50,10,0,190,126,3,196,-8.50413,0.37810,0.25437,1,8.33077,0.28285,-0.30757,1,0.00000,0.00000,7
20260527-233410-sentence-script-a-coiled-chromosome-fibe-88d0cc,1020,17.306,1,0,1,artistic,artistic,1.00000,8.57932,-8.57932,0.00000,0.00000,8.57932,0.00000,0.00000,0.66000,0.12000,0.66000,0.12000,1.00000,10,55,10,0,210,128,3,206,-8.66695,-0.21369,0.54105,1,8.61519,0.37148,0.31286,1,0.00000,0.00000,6
20260527-233410-sentence-script-a-coiled-chromosome-fibe-88d0cc,1036,17.570,1,0,1,artistic,artistic,1.00000,8.75532,-8.75532,0.00000,0.00000,8.75532,0.00000,0.00000,0.66000,0.12000,0.66000,0.12000,1.00000,10,57,10,0,221,134,4,217,-8.64724,-0.44877,-0.02085,1,8.86536,-0.07908,0.46816,1,0.00000,0.00000,6
20260527-233410-sentence-script-a-coiled-chromosome-fibe-88d0cc,1053,17.822,1,0,1,artistic,artistic,1.00000,8.94232,-8.94232,0.00000,0.00000,8.94232,0.00000,0.00000,0.66000,0.12000,0.66000,0.12000,1.00000,10,51,10,0,235,147,4,227,-8.92869,0.17308,-0.54006,1,8.85490,-0.40243,-0.25379,1,0.00000,0.00000,7
20260527-233410-sentence-script-a-coiled-chromosome-fibe-88d0cc,1067,18.081,1,0,1,artistic,artistic,1.00000,9.09632,-9.09632,0.00000,0.00000,9.09632,0.00000,0.00000,0.66000,0.12000,0.66000,0.12000,1.00000,10,48,10,0,235,154,4,232,-9.22409,0.48335,-0.15793,1,9.00933,-0.04646,-0.55556,1,0.00000,0.00000,8
20260527-233410-sentence-script-a-coiled-chromosome-fibe-88d0cc,1081,18.344,1,0,1,artistic,artistic,1.00000,9.25032,-9.25032,0.00000,0.00000,9.25032,0.00000,0.00000,0.66000,0.12000,0.66000,0.12000,1.00000,10,46,10,0,249,163,5,243,-9.23107,0.09596,0.46136,1,9.36656,0.41707,-0.05250,1,0.00000,0.00000,8
20260527-233410-sentence-script-a-coiled-chromosome-fibe-88d0cc,1096,18.611,1,0,1,artistic,artistic,1.00000,9.41532,-9.41532,0.00000,0.00000,9.41532,0.00000,0.00000,0.66000,0.12000,0.66000,0.12000,1.00000,10,41,10,0,249,171,5,248,-9.32177,-0.37460,0.35733,1,9.42405,0.28110,0.51823,1,0.00000,0.00000,8
20260527-233410-sentence-script-a-coiled-chromosome-fibe-88d0cc,1110,18.871,1,0,1,artistic,artistic,1.00000,9.56932,-9.56932,0.00000,0.00000,9.56932,0.00000,0.00000,0.66000,0.12000,0.66000,0.12000,1.00000,10,41,10,0,260,180,6,259,-9.66070,-0.25705,-0.30747,1,9.46156,-0.32181,0.27785,1,0.00000,0.00000,8
20260527-233410-sentence-script-a-coiled-chromosome-fibe-88d0cc,1124,19.137,1,0,1,artistic,artistic,1.00000,9.72332,-9.72332,0.00000,0.00000,9.72332,0.00000,0.00000,0.66000,0.12000,0.66000,0.12000,1.00000,10,40,10,0,284,190,6,269,-9.78904,0.19409,-0.51320,1,9.78653,-0.47630,-0.36128,1,0.00000,0.00000,8
20260527-233410-sentence-script-a-coiled-chromosome-fibe-88d0cc,1138,19.403,1,0,1,artistic,artistic,1.00000,9.87732,-9.87732,0.00000,0.00000,9.87732,0.00000,0.00000,0.66000,0.12000,0.66000,0.12000,1.00000,10,39,10,0,287,195,6,274,-9.77158,0.36572,0.06578,1,9.97031,0.11815,-0.45384,1,0.00000,0.00000,8
20260527-233410-sentence-script-a-coiled-chromosome-fibe-88d0cc,1152,19.663,1,0,1,artistic,artistic,1.00000,10.03132,-10.03132,0.00000,0.00000,10.03132,0.00000,0.00000,0.66000,0.12000,0.66000,0.12000,1.00000,10,47,10,0,302,201,6,290,-10.04752,0.04065,0.55217,1,9.93619,0.55943,0.12088,1,0.00000,0.00000,7
20260527-233410-sentence-script-a-coiled-chromosome-fibe-88d0cc,1166,19.927,1,0,1,artistic,artistic,1.00000,10.18532,-10.18532,0.00000,0.00000,10.18532,0.00000,0.00000,0.66000,0.12000,0.66000,0.12000,1.00000,10,42,10,0,318,206,6,290,-10.30601,-0.36062,0.19177,1,10.16450,0.12125,0.49910,1,0.00000,0.00000,8
20260527-233410-sentence-script-a-coiled-chromosome-fibe-88d0cc,1179,20.180,1,0,1,artistic,artistic,1.00000,10.32832,-10.32832,0.00000,0.00000,10.32832,0.00000,0.00000,0.66000,0.12000,0.66000,0.12000,1.00000,10,45,10,0,319,212,6,300,-10.28112,-0.29231,-0.43758,1,10.45247,-0.48511,0.17253,1,0.00000,0.00000,8
20260527-233410-sentence-script-a-coiled-chromosome-fibe-88d0cc,1192,20.437,1,0,1,artistic,artistic,1.00000,10.47132,-10.47132,0.00000,0.00000,10.47132,0.00000,0.00000,0.66000,0.12000,0.66000,0.12000,1.00000,10,45,10,0,320,222,7,311,-10.39245,0.18467,-0.46791,1,10.46316,-0.39763,-0.36346,1,0.00000,0.00000,8
20260527-233410-sentence-script-a-coiled-chromosome-fibe-88d0cc,1205,20.688,1,0,1,artistic,artistic,1.00000,10.61432,-10.61432,0.00000,0.00000,10.61432,0.00000,0.00000,0.66000,0.12000,0.66000,0.12000,1.00000,10,46,10,0,339,225,7,316,-10.71474,0.46740,0.15044,1,10.51412,0.23207,-0.40241,1,0.00000,0.00000,8
20260527-233410-sentence-script-a-coiled-chromosome-fibe-88d0cc,1221,20.947,1,0,1,artistic,artistic,1.00000,10.79032,-10.79032,0.00000,0.00000,10.79032,0.00000,0.00000,0.66000,0.12000,0.66000,0.12000,1.00000,10,48,10,0,346,231,8,327,-10.83622,-0.02334,0.55336,1,10.87860,0.47601,0.21146,1,0.00000,0.00000,8
20260527-233410-sentence-script-a-coiled-chromosome-fibe-88d0cc,1239,21.200,1,0,1,destructive,destructive,1.00000,10.96090,-10.96090,0.00000,0.00000,10.96090,0.00000,0.00000,0.46044,0.08199,0.24000,0.04000,1.00000,10,41,10,0,348,241,8,332,-10.85154,-0.46218,-0.17047,1,11.06055,-0.27769,0.41320,1,0.00000,0.05000,7
20260527-233410-sentence-script-a-coiled-chromosome-fibe-88d0cc,1258,21.463,1,0,1,destructive,destructive,1.00000,11.08237,-11.08237,0.00000,0.00000,11.08237,0.00000,0.00000,0.33191,0.05751,0.24000,0.04000,1.00000,10,34,10,0,359,256,8,342,-11.14645,0.20842,-0.44434,1,10.99977,-0.37549,-0.39915,1,0.00000,0.36667,7
20260527-233410-sentence-script-a-coiled-chromosome-fibe-88d0cc,1274,21.729,1,0,1,destructive,destructive,1.00000,11.16331,-11.16331,0.00000,0.00000,11.16331,0.00000,0.00000,0.28400,0.04838,0.24000,0.04000,1.00000,9,40,10,1,361,259,8,352,-11.32387,0.35879,0.26928,1,11.19333,0.40536,-0.36033,1,0.00000,0.63333,7
20260527-233410-sentence-script-a-coiled-chromosome-fibe-88d0cc,1291,21.983,1,0,1,destructive,destructive,1.00000,11.23976,-11.23976,0.00000,0.00000,11.23976,0.00000,0.00000,0.26011,0.04383,0.24000,0.04000,1.00000,9,38,10,1,373,269,8,362,-11.20968,-0.28494,0.32403,1,11.41896,0.28896,0.45855,1,0.00000,0.91667,6
20260527-233410-sentence-script-a-coiled-chromosome-fibe-88d0cc,1309,22.246,1,0,1,destructive,destructive,1.00000,11.31577,-11.31577,0.00000,0.00000,11.31577,0.00000,0.00000,0.24878,0.04167,0.24000,0.04000,1.00000,9,32,10,1,381,279,8,367,-11.29427,-0.14047,-0.35511,1,11.31788,-0.52990,0.19546,1,0.00000,1.21667,6
20260527-233410-sentence-script-a-coiled-chromosome-fibe-88d0cc,1326,22.507,1,0,1,destructive,destructive,1.00000,11.38546,-11.38546,0.00000,0.00000,11.38546,0.00000,0.00000,0.24401,0.04076,0.24000,0.04000,1.00000,8,39,10,2,396,286,8,382,-11.55382,0.35034,-0.01095,1,11.33124,-0.03907,-0.51519,1,0.00000,1.50000,8
20260527-233410-sentence-script-a-coiled-chromosome-fibe-88d0cc,1344,22.769,1,0,1,destructive,destructive,1.00000,11.45826,-11.45826,0.00000,0.00000,11.45826,0.00000,0.00000,0.24175,0.04033,0.24000,0.04000,1.00000,8,35,10,2,405,294,8,387,-11.52127,-0.16581,0.28569,1,11.61598,0.51627,0.07149,1,0.00000,1.80000,8
20260527-233410-sentence-script-a-coiled-chromosome-fibe-88d0cc,1363,23.035,1,0,1,destructive,destructive,1.00000,11.53462,-11.53462,0.00000,0.00000,11.53462,0.00000,0.00000,0.24073,0.04014,0.24000,0.04000,1.00000,7,41,10,3,415,301,8,402,-11.45757,-0.11258,-0.37427,1,11.63916,-0.34387,0.31529,1,0.00000,2.11667,7
20260527-233410-sentence-script-a-coiled-chromosome-fibe-88d0cc,1383,23.288,1,0,1,destructive,destructive,1.00000,11.61477,-11.61477,0.00000,0.00000,11.61477,0.00000,0.00000,0.24029,0.04006,0.24000,0.04000,1.00000,7,39,10,3,425,306,8,407,-11.72214,0.36998,0.21644,1,11.53463,-0.08295,-0.33053,1,0.00000,2.45000,7
20260527-233410-sentence-script-a-coiled-chromosome-fibe-88d0cc,1397,23.554,1,0,1,destructive,destructive,1.00000,11.67082,-11.67082,0.00000,0.00000,11.67082,0.00000,0.00000,0.24015,0.04003,0.24000,0.04000,1.00000,7,30,10,3,431,317,8,412,-11.82676,-0.22062,0.44895,1,11.72028,0.41920,0.05078,1,0.00000,2.68333,7
20260527-233410-sentence-script-a-coiled-chromosome-fibe-88d0cc,1411,23.821,1,0,1,destructive,destructive,1.00000,11.72685,-11.72685,0.00000,0.00000,11.72685,0.00000,0.00000,0.24008,0.04002,0.24000,0.04000,1.00000,6,39,10,4,447,322,8,427,-12.18705,-0.45333,-0.25073,0,11.89224,0.02413,0.33350,1,0.00000,2.91667,7
20260527-233410-sentence-script-a-coiled-chromosome-fibe-88d0cc,1425,24.085,1,0,1,destructive,destructive,1.00000,11.78286,-11.78286,0.00000,0.00000,11.78286,0.00000,0.00000,0.24004,0.04001,0.24000,0.04000,1.00000,6,38,10,4,451,328,8,432,-11.96954,-0.66927,-0.96358,0,11.77274,-0.41866,-0.13643,1,0.00000,3.15000,8
20260527-233410-sentence-script-a-coiled-chromosome-fibe-88d0cc,1438,24.341,1,0,1,destructive,destructive,1.00000,11.83487,-11.83487,0.00000,0.00000,11.83487,0.00000,0.00000,0.24002,0.04000,0.24000,0.04000,1.00000,6,44,10,4,457,332,8,442,-11.24813,-0.93013,-1.57758,0,11.80721,-0.00595,-0.34338,1,0.00000,3.36667,8
20260527-233410-sentence-script-a-coiled-chromosome-fibe-88d0cc,1452,24.606,1,0,1,destructive,destructive,1.00000,11.89087,-11.89087,0.00000,0.00000,11.89087,0.00000,0.00000,0.24001,0.04000,0.24000,0.04000,1.00000,5,46,10,5,464,339,8,452,-10.11970,-1.26633,-2.18896,0,12.04939,0.41434,0.19195,1,0.00000,3.60000,8
20260527-233410-sentence-script-a-coiled-chromosome-fibe-88d0cc,1465,24.862,1,0,1,destructive,destructive,1.00000,11.94287,-11.94287,0.00000,0.00000,11.94287,0.00000,0.00000,0.24001,0.04000,0.24000,0.04000,1.00000,5,43,10,5,468,346,8,457,-8.91551,-1.61866,-2.71267,0,12.03009,-0.02672,0.35890,1,0.00000,3.81667,8
20260527-233410-sentence-script-a-coiled-chromosome-fibe-88d0cc,1479,25.129,1,0,1,repair,destructive,1.00000,11.99887,-11.99887,0.00000,0.00000,11.99887,0.00000,0.00000,0.24000,0.04000,0.24000,0.04000,1.00000,5,38,10,5,472,353,8,462,-7.60902,-2.02744,-3.23184,0,11.93559,-0.39897,-0.25574,1,0.15000,4.05000,8
20260527-233410-sentence-script-a-coiled-chromosome-fibe-88d0cc,1492,25.388,1,0,1,repair,repair,1.00000,12.00000,-12.00000,0.00000,0.00000,12.00000,0.00000,0.00000,0.45620,0.08054,0.72000,0.13000,0.13188,7,34,12,5,474,360,8,467,-10.52788,-0.34337,-0.98640,1,12.05977,0.06722,-0.45808,1,0.36667,4.26667,8
20260527-233410-sentence-script-a-coiled-chromosome-fibe-88d0cc,1506,25.651,1,0,1,repair,repair,1.00000,12.00000,-12.00000,0.00000,0.00000,12.00000,0.00000,0.00000,0.58154,0.10404,0.72000,0.13000,0.01488,7,26,12,5,475,367,8,467,-11.86725,0.08123,0.31566,1,12.08118,0.47215,-0.09421,1,0.60000,4.50000,8
20260527-233410-sentence-script-a-coiled-chromosome-fibe-88d0cc,1520,25.904,1,0,1,repair,repair,1.00000,12.00000,-12.00000,0.00000,0.00000,12.00000,0.00000,0.00000,0.64733,0.11637,0.72000,0.13000,0.00168,7,20,12,5,477,372,8,467,-12.05111,-0.32311,0.36722,1,12.07990,0.31604,0.37946,1,0.83333,4.73333,7
20260527-233410-sentence-script-a-coiled-chromosome-fibe-88d0cc,1534,26.168,1,0,1,repair,repair,1.00000,12.00000,-12.00000,0.00000,0.00000,12.00000,0.00000,0.00000,0.68186,0.12285,0.72000,0.13000,0.00019,9,15,14,5,477,379,8,472,-12.07616,-0.49189,-0.08027,1,12.07995,-0.17037,0.46671,1,1.06667,4.96667,6
20260527-233410-sentence-script-a-coiled-chromosome-fibe-88d0cc,1548,26.434,1,0,1,repair,repair,1.00000,12.00000,-12.00000,0.00000,0.00000,12.00000,0.00000,0.00000,0.69998,0.12625,0.72000,0.13000,0.00002,9,11,14,5,479,383,8,472,-12.07948,-0.18807,-0.46230,1,12.08000,-0.48938,0.09899,1,1.30000,5.20000,6
20260527-233410-sentence-script-a-coiled-chromosome-fibe-88d0cc,1562,26.706,1,0,1,repair,repair,1.00000,12.00000,-12.00000,0.00000,0.00000,12.00000,0.00000,0.00000,0.70949,0.12803,0.72000,0.13000,0.00000,9,5,14,5,479,389,8,472,-12.07993,0.29036,-0.40817,1,12.08000,-0.35022,-0.35913,1,1.53333,5.43333,6
20260527-233410-sentence-script-a-coiled-chromosome-fibe-88d0cc,1576,26.965,1,0,1,repair,repair,1.00000,12.00000,-12.00000,0.00000,0.00000,12.00000,0.00000,0.00000,0.71448,0.12897,0.72000,0.13000,0.00000,10,10,15,5,482,389,8,477,-12.07999,0.50264,0.01605,1,12.08000,0.10133,-0.49351,1,1.76667,5.66667,6
20260527-233410-sentence-script-a-coiled-chromosome-fibe-88d0cc,1590,27.225,1,0,1,repair,repair,1.00000,12.00000,-12.00000,0.00000,0.00000,12.00000,0.00000,0.00000,0.71711,0.12946,0.72000,0.13000,0.00000,10,10,15,5,487,389,8,477,-12.08000,0.27461,0.42370,1,12.08000,0.46309,-0.20354,1,2.00000,5.90000,7
20260527-233410-sentence-script-a-coiled-chromosome-fibe-88d0cc,1604,27.493,1,0,1,repair,repair,1.00000,12.00000,-12.00000,0.00000,0.00000,12.00000,0.00000,0.00000,0.71848,0.12972,0.72000,0.13000,0.00000,10,11,15,5,488,392,8,482,-12.08000,-0.18333,0.47237,1,12.08000,0.43985,0.25321,1,2.23333,6.13333,6
20260527-233410-sentence-script-a-coiled-chromosome-fibe-88d0cc,1617,27.748,1,0,1,repair,repair,1.00000,12.00000,-12.00000,0.00000,0.00000,12.00000,0.00000,0.00000,0.71916,0.12984,0.72000,0.13000,0.00000,10,11,15,5,488,392,8,482,-12.08000,-0.47954,0.16790,1,12.08000,0.09715,0.49948,1,2.45000,6.35000,6
20260527-233410-sentence-script-a-coiled-chromosome-fibe-88d0cc,1631,28.009,1,0,1,ritual,ritual,1.00000,12.00000,-12.00000,0.00000,0.00000,12.00000,0.00000,0.00000,0.65868,0.11861,0.41941,0.07500,0.00000,10,9,15,5,488,393,8,482,-12.08000,-0.42691,-0.27832,1,12.08000,-0.33520,0.38455,1,2.68333,6.58333,6
20260527-233410-sentence-script-a-coiled-chromosome-fibe-88d0cc,1646,28.273,1,0,1,ritual,ritual,1.00000,12.00000,-12.00000,0.00000,0.00000,12.00000,0.00000,0.00000,0.53089,0.09686,0.39236,0.07500,0.00000,10,4,15,5,488,396,8,482,-12.08000,-0.00774,-0.50949,1,12.08000,-0.50662,-0.05979,1,2.93333,6.83333,6
20260527-233410-sentence-script-a-coiled-chromosome-fibe-88d0cc,1661,28.537,1,0,1,ritual,ritual,1.00000,12.00000,-12.00000,0.00000,0.00000,12.00000,0.00000,0.00000,0.45755,0.08596,0.38031,0.07500,0.00000,10,5,15,5,488,396,8,483,-12.08000,0.42051,-0.28620,1,12.08000,-0.23023,-0.45391,1,3.18333,7.08333,7
20260527-233410-sentence-script-a-coiled-chromosome-fibe-88d0cc,1675,28.787,1,0,1,ritual,ritual,1.00000,12.00000,-12.00000,0.00000,0.00000,12.00000,0.00000,0.00000,0.42159,0.08075,0.38517,0.07500,0.00000,10,4,15,5,490,399,9,485,-12.08000,0.47973,0.16636,1,12.08000,0.22678,-0.45427,1,3.41667,7.31667,8
20260527-233410-sentence-script-a-coiled-chromosome-fibe-88d0cc,1689,29.051,1,0,1,ritual,ritual,1.00000,12.00000,-12.00000,0.00000,0.00000,12.00000,0.00000,0.00000,0.40963,0.07802,0.40639,0.07500,0.00000,10,4,15,5,493,400,9,486,-12.08000,0.14558,0.48505,1,12.08000,0.49983,-0.08391,1,3.65000,7.55000,8
20260527-233410-sentence-script-a-coiled-chromosome-fibe-88d0cc,1703,29.308,1,0,1,ritual,ritual,1.00000,12.00000,-12.00000,0.00000,0.00000,12.00000,0.00000,0.00000,0.41676,0.07658,0.43860,0.07500,0.00000,10,3,15,5,493,401,9,486,-12.08000,-0.31127,0.39846,1,12.08000,0.35607,0.35865,1,3.88333,7.78333,8
20260527-233410-sentence-script-a-coiled-chromosome-fibe-88d0cc,1716,29.565,1,0,1,ritual,ritual,1.00000,12.00000,-12.00000,0.00000,0.00000,12.00000,0.00000,0.00000,0.43621,0.07587,0.47526,0.07500,0.00000,10,2,15,5,493,402,9,486,-12.08000,-0.50517,0.00916,1,12.08000,-0.05837,0.50107,1,4.10000,8.00000,8
20260527-233410-sentence-script-a-coiled-chromosome-fibe-88d0cc,1729,29.821,2,0,1,repair,repair,0.02912,0.00000,-0.00000,0.00000,0.00000,0.00000,0.00000,0.00000,0.64689,0.12225,0.72000,0.13000,0.00000,10,0,25,15,493,402,10,488,0.92891,0.96559,0.82694,1,-2.07407,-0.89567,1.11074,1,0.00000,8.04167,0
20260527-233410-sentence-script-a-coiled-chromosome-fibe-88d0cc,1742,30.077,2,0,1,repair,repair,0.05606,0.08967,-0.08967,0.00000,0.00000,0.08967,0.00000,0.00000,0.67982,0.12574,0.72000,0.13000,0.00000,10,0,25,15,493,402,10,488,0.25200,0.30288,-0.30522,1,-0.43021,-0.54951,-0.03555,1,0.00000,7.87917,0
20260527-233410-sentence-script-a-coiled-chromosome-fibe-88d0cc,1758,30.332,2,0,1,repair,repair,0.08994,0.27426,-0.27426,0.00000,0.00000,0.27426,0.00000,0.00000,0.70077,0.12796,0.72000,0.13000,0.00000,10,0,25,15,493,402,10,488,0.29487,0.50647,-0.12453,1,-0.31293,-0.08674,-0.48756,1,0.00000,7.67917,0
20260527-233410-sentence-script-a-coiled-chromosome-fibe-88d0cc,1776,30.594,2,0,1,repair,repair,0.12853,0.48643,-0.48643,0.00000,0.00000,0.48643,0.00000,0.00000,0.71160,0.12911,0.72000,0.13000,0.00000,10,5,25,15,494,402,10,493,0.49093,0.31756,0.40035,1,-0.49230,0.43552,-0.26174,1,0.00000,7.45417,1
20260527-233410-sentence-script-a-coiled-chromosome-fibe-88d0cc,1794,30.853,2,0,1,repair,repair,0.16735,0.70076,-0.70076,0.00000,0.00000,0.70076,0.00000,0.00000,0.71633,0.12961,0.72000,0.13000,0.00000,10,5,25,15,495,402,10,493,0.70342,-0.24251,0.44937,1,-0.70352,0.41602,0.29655,1,0.00000,7.22917,1
20260527-233410-sentence-script-a-coiled-chromosome-fibe-88d0cc,1810,31.105,2,0,1,repair,repair,0.20195,0.89208,-0.89208,0.00000,0.00000,0.89208,0.00000,0.00000,0.71825,0.12981,0.72000,0.13000,0.00000,10,10,25,15,497,402,10,498,0.89436,-0.51118,0.02979,1,-0.89437,-0.03128,0.51147,1,0.00000,7.02917,2
20260527-233410-sentence-script-a-coiled-chromosome-fibe-88d0cc,1825,31.357,2,0,1,repair,repair,0.23441,1.07177,-1.07177,0.00000,0.00000,1.07177,0.00000,0.00000,0.71912,0.12991,0.72000,0.13000,0.00000,10,10,25,15,497,402,10,498,1.07391,-0.32751,-0.39539,1,-1.07391,-0.43085,0.27975,1,0.00000,6.84167,3
20260527-233410-sentence-script-a-coiled-chromosome-fibe-88d0cc,1842,31.614,2,0,1,repair,repair,0.27123,1.27560,-1.27560,0.00000,0.00000,1.27560,0.00000,0.00000,0.71960,0.12996,0.72000,0.13000,0.00000,10,10,25,15,498,405,10,503,1.27766,0.17869,-0.48265,1,-1.27766,-0.45908,-0.23281,1,0.00000,6.62917,4
20260527-233410-sentence-script-a-coiled-chromosome-fibe-88d0cc,1859,31.869,2,0,1,repair,repair,0.30806,1.47952,-1.47952,0.00000,0.00000,1.47952,0.00000,0.00000,0.71982,0.12998,0.72000,0.13000,0.00000,10,8,25,15,499,407,10,503,1.48155,0.50710,-0.09405,1,-1.48155,-0.03672,-0.51465,1,0.00000,6.41667,5
20260527-233410-sentence-script-a-coiled-chromosome-fibe-88d0cc,1875,32.123,2,0,1,repair,repair,0.34272,1.67149,-1.67149,0.00000,0.00000,1.67149,0.00000,0.00000,0.71991,0.12999,0.72000,0.13000,0.00000,10,8,25,15,499,407,10,503,1.67350,0.36962,0.36126,1,-1.67350,0.39940,-0.32851,1,0.00000,6.21667,6
20260527-233410-sentence-script-a-coiled-chromosome-fibe-88d0cc,1898,32.383,2,0,1,repair,repair,0.39255,1.94747,-1.94747,0.00000,0.00000,1.94747,0.00000,0.00000,0.71997,0.13000,0.72000,0.13000,0.00000,10,10,25,15,502,411,10,509,1.94947,-0.27371,0.44025,1,-1.94947,0.40961,0.31805,1,0.00000,5.92917,8
20260527-233410-sentence-script-a-coiled-chromosome-fibe-88d0cc,1923,32.636,2,0,1,repair,repair,0.44672,2.24746,-2.24746,0.00000,0.00000,2.24746,0.00000,0.00000,0.71999,0.13000,0.72000,0.13000,0.00000,10,10,25,15,502,416,10,514,2.24946,-0.47358,-0.21452,1,-2.24946,-0.26196,0.44923,1,0.00000,5.61667,8
20260527-233410-sentence-script-a-coiled-chromosome-fibe-88d0cc,1938,32.897,2,0,1,repair,repair,0.47922,2.42746,-2.42746,0.00000,0.00000,2.42746,0.00000,0.00000,0.72000,0.13000,0.72000,0.13000,0.00000,10,10,25,15,504,417,10,515,2.42946,-0.15068,-0.49839,1,-2.42946,-0.51114,0.09915,1,0.00000,5.42917,8
20260527-233410-sentence-script-a-coiled-chromosome-fibe-88d0cc,1952,33.147,2,0,1,repair,repair,0.50955,2.59546,-2.59546,0.00000,0.00000,2.59546,0.00000,0.00000,0.72000,0.13000,0.72000,0.13000,0.00000,10,7,25,15,504,420,10,515,2.59746,0.24716,-0.45894,1,-2.59746,-0.43104,-0.29298,1,0.00000,5.25417,8
20260527-233410-sentence-script-a-coiled-chromosome-fibe-88d0cc,1966,33.412,2,0,1,repair,repair,0.53988,2.76346,-2.76346,0.00000,0.00000,2.76346,0.00000,0.00000,0.72000,0.13000,0.72000,0.13000,0.00000,10,10,25,15,504,422,10,520,2.76546,0.49927,-0.15159,1,-2.76546,-0.09896,-0.51221,1,0.00000,5.07917,8
20260527-233410-sentence-script-a-coiled-chromosome-fibe-88d0cc,1980,33.675,2,0,1,repair,repair,0.57021,2.93146,-2.93146,0.00000,0.00000,2.93146,0.00000,0.00000,0.72000,0.13000,0.72000,0.13000,0.00000,10,8,25,15,507,424,10,520,2.93346,0.46277,0.24200,1,-2.93346,0.28889,-0.43503,1,0.00000,4.90417,8
20260527-233410-sentence-script-a-coiled-chromosome-fibe-88d0cc,1994,33.925,2,0,1,repair,repair,0.60055,3.09946,-3.09946,0.00000,0.00000,3.09946,0.00000,0.00000,0.72000,0.13000,0.72000,0.13000,0.00000,10,7,25,15,507,426,10,521,3.10146,0.16316,0.49656,1,-3.10146,0.51083,-0.11102,1,0.00000,4.72917,7
20260527-233410-sentence-script-a-coiled-chromosome-fibe-88d0cc,2008,34.180,2,0,1,repair,repair,0.63088,3.26746,-3.26746,0.00000,0.00000,3.26746,0.00000,0.00000,0.72000,0.13000,0.72000,0.13000,0.00000,10,10,25,15,510,428,10,526,3.26946,-0.22731,0.47110,1,-3.26946,0.44518,0.27463,1,0.00000,4.55417,8
20260527-233410-sentence-script-a-coiled-chromosome-fibe-88d0cc,2022,34.439,2,0,1,repair,repair,0.66121,3.43546,-3.43546,0.00000,0.00000,3.43546,0.00000,0.00000,0.72000,0.13000,0.72000,0.13000,0.00000,10,9,25,15,512,429,10,526,3.43746,-0.49012,0.18397,1,-3.43746,0.13249,0.50646,1,0.00000,4.37917,8
20260527-233410-sentence-script-a-coiled-chromosome-fibe-88d0cc,2036,34.702,2,0,1,repair,repair,0.69155,3.60346,-3.60346,0.00000,0.00000,3.60346,0.00000,0.00000,0.72000,0.13000,0.72000,0.13000,0.00000,10,12,25,15,512,431,10,531,3.60546,-0.48343,-0.20238,1,-3.60546,-0.25136,0.45981,1,0.00000,4.20417,7
20260527-233410-sentence-script-a-coiled-chromosome-fibe-88d0cc,2050,34.955,2,0,1,repair,repair,0.72188,3.77146,-3.77146,0.00000,0.00000,3.77146,0.00000,0.00000,0.72000,0.13000,0.72000,0.13000,0.00000,10,10,25,15,517,433,10,531,3.77346,-0.21551,-0.47812,1,-3.77346,-0.49785,0.16508,1,0.00000,4.02917,7
20260527-233410-sentence-script-a-coiled-chromosome-fibe-88d0cc,2064,35.216,2,0,1,repair,repair,0.75221,3.93946,-3.93946,0.00000,0.00000,3.93946,0.00000,0.00000,0.72000,0.13000,0.72000,0.13000,0.00000,10,7,25,15,519,437,10,532,3.94146,0.16743,-0.49723,1,-3.94146,-0.47782,-0.21710,1,0.00000,3.85417,7
20260527-233410-sentence-script-a-coiled-chromosome-fibe-88d0cc,2077,35.468,2,0,1,repair,repair,0.78038,4.09546,-4.09546,0.00000,0.00000,4.09546,0.00000,0.00000,0.72000,0.13000,0.72000,0.13000,0.00000,10,10,25,15,519,439,10,537,4.09746,0.44666,-0.27558,1,-4.09746,-0.23049,-0.47183,1,0.00000,3.69167,7
20260527-233410-sentence-script-a-coiled-chromosome-fibe-88d0cc,2090,35.727,2,0,1,repair,repair,0.80855,4.25146,-4.25146,0.00000,0.00000,4.25146,0.00000,0.00000,0.72000,0.13000,0.72000,0.13000,0.00000,10,10,25,15,520,439,10,537,4.25346,0.51993,0.07256,1,-4.25346,0.12162,-0.51103,1,0.00000,3.52917,6
20260527-233410-sentence-script-a-coiled-chromosome-fibe-88d0cc,2103,35.982,2,0,1,repair,repair,0.83671,4.40746,-4.40746,0.00000,0.00000,4.40746,0.00000,0.00000,0.72000,0.13000,0.72000,0.13000,0.00000,10,9,25,15,520,440,10,537,4.40946,0.35451,0.38729,1,-4.40946,0.41766,-0.31909,1,0.00000,3.36667,6
20260527-233410-sentence-script-a-coiled-chromosome-fibe-88d0cc,2124,36.233,2,0,1,repair,repair,0.88221,4.65946,-4.65946,0.00000,0.00000,4.65946,0.00000,0.00000,0.72000,0.13000,0.72000,0.13000,0.00000,10,11,25,15,522,442,10,542,4.66146,-0.19030,0.48967,1,-4.66146,0.47420,0.22766,1,0.00000,3.10417,5
20260527-233410-sentence-script-a-coiled-chromosome-fibe-88d0cc,2158,36.485,2,0,1,repair,repair,0.95588,5.06746,-5.06746,0.00000,0.00000,5.06746,0.00000,0.00000,0.72000,0.13000,0.72000,0.13000,0.00000,10,8,25,15,523,450,10,547,5.06946,-0.43893,-0.28994,1,-5.06946,-0.31596,0.42134,1,0.00000,2.67917,4
20260527-233410-sentence-script-a-coiled-chromosome-fibe-88d0cc,2174,36.736,2,0,1,repair,repair,0.99055,5.25946,-5.25946,0.00000,0.00000,5.25946,0.00000,0.00000,0.72000,0.13000,0.72000,0.13000,0.00000,10,7,25,15,526,451,10,547,5.26146,-0.07999,-0.52011,1,-5.26146,-0.52407,0.05217,1,0.00000,2.47917,3
20260527-233410-sentence-script-a-coiled-chromosome-fibe-88d0cc,2188,36.998,2,0,1,repair,repair,1.00000,5.42746,-5.42746,0.00000,0.00000,5.42746,0.00000,0.00000,0.72000,0.13000,0.72000,0.13000,0.00000,10,6,25,15,526,452,10,547,5.42946,0.28633,-0.44177,1,-5.42946,-0.42721,-0.30815,1,0.00000,2.30417,2
20260527-233410-sentence-script-a-coiled-chromosome-fibe-88d0cc,2201,37.253,2,0,1,repair,repair,1.00000,5.58346,-5.58346,0.00000,0.00000,5.58346,0.00000,0.00000,0.72000,0.13000,0.72000,0.13000,0.00000,10,11,25,15,527,453,10,553,5.58546,0.49945,-0.16715,1,-5.58546,-0.14448,-0.50692,1,0.00000,2.14167,2
20260527-233410-sentence-script-a-coiled-chromosome-fibe-88d0cc,2214,37.508,2,0,1,repair,repair,1.00000,5.73946,-5.73946,0.00000,0.00000,5.73946,0.00000,0.00000,0.72000,0.13000,0.72000,0.13000,0.00000,10,11,25,15,528,453,10,553,5.74146,0.49530,0.17960,1,-5.74146,0.19885,-0.48854,1,0.00000,1.97917,2
20260527-233410-sentence-script-a-coiled-chromosome-fibe-88d0cc,2228,37.766,2,0,1,repair,repair,1.00000,5.90746,-5.90746,0.00000,0.00000,5.90746,0.00000,0.00000,0.72000,0.13000,0.72000,0.13000,0.00000,10,6,25,15,528,457,10,553,5.90946,0.25311,0.46212,1,-5.90946,0.46993,-0.24016,1,0.00000,1.80417,3
20260527-233410-sentence-script-a-coiled-chromosome-fibe-88d0cc,2245,38.023,2,0,1,repair,repair,1.00000,6.11146,-6.11146,0.00000,0.00000,6.11146,0.00000,0.00000,0.72000,0.13000,0.72000,0.13000,0.00000,10,11,25,15,529,457,10,558,6.11346,-0.19213,0.49083,1,-6.11346,0.48814,0.20085,1,0.00000,1.59167,4
20260527-233410-sentence-script-a-coiled-chromosome-fibe-88d0cc,2262,38.273,2,0,1,repair,repair,1.00000,6.31546,-6.31546,0.00000,0.00000,6.31546,0.00000,0.00000,0.72000,0.13000,0.72000,0.13000,0.00000,10,8,25,15,531,460,10,558,6.31746,-0.49962,0.16812,1,-6.31746,0.16492,0.50145,1,0.00000,1.37917,5
20260527-233410-sentence-script-a-coiled-chromosome-fibe-88d0cc,2279,38.531,2,0,1,repair,repair,1.00000,6.51946,-6.51946,0.00000,0.00000,6.51946,0.00000,0.00000,0.72000,0.13000,0.72000,0.13000,0.00000,10,8,25,15,533,465,10,563,6.52146,-0.45046,-0.27407,1,-6.52146,-0.27271,0.45214,1,0.00000,1.16667,4
20260527-233410-sentence-script-a-coiled-chromosome-fibe-88d0cc,2294,38.795,2,0,1,repair,repair,1.00000,6.69946,-6.69946,0.00000,0.00000,6.69946,0.00000,0.00000,0.72000,0.13000,0.72000,0.13000,0.00000,10,7,25,15,535,466,10,563,6.70146,-0.13417,-0.51005,1,-6.70146,-0.50901,0.14049,1,0.00000,0.97917,5
20260527-233410-sentence-script-a-coiled-chromosome-fibe-88d0cc,2308,39.059,2,0,1,repair,repair,1.00000,6.86746,-6.86746,0.00000,0.00000,6.86746,0.00000,0.00000,0.72000,0.13000,0.72000,0.13000,0.00000,10,11,25,15,535,468,10,569,6.86946,0.23362,-0.47279,1,-6.86946,-0.47815,-0.22416,1,0.00000,0.80417,5
20260527-233410-sentence-script-a-coiled-chromosome-fibe-88d0cc,2321,39.313,2,0,1,repair,repair,1.00000,7.02346,-7.02346,0.00000,0.00000,7.02346,0.00000,0.00000,0.72000,0.13000,0.72000,0.13000,0.00000,10,10,25,15,535,469,10,569,7.02546,0.47566,-0.22765,1,-7.02546,-0.24208,-0.46941,1,0.00000,0.64167,5
20260527-233410-sentence-script-a-coiled-chromosome-fibe-88d0cc,2335,39.579,2,0,1,repair,repair,1.00000,7.19146,-7.19146,0.00000,0.00000,7.19146,0.00000,0.00000,0.72000,0.13000,0.72000,0.13000,0.00000,10,10,25,15,540,470,10,570,7.19346,0.50820,0.14082,1,-7.19346,0.12050,-0.51428,1,0.00000,0.46667,5
20260527-233410-sentence-script-a-coiled-chromosome-fibe-88d0cc,2349,39.838,2,0,1,repair,repair,1.00000,7.35946,-7.35946,0.00000,0.00000,7.35946,0.00000,0.00000,0.72000,0.13000,0.72000,0.13000,0.00000,10,12,25,15,545,472,10,575,7.36146,0.29213,0.43936,1,-7.36146,0.42511,-0.31369,1,0.00000,0.29167,6
20260527-233410-sentence-script-a-coiled-chromosome-fibe-88d0cc,2363,40.089,2,0,1,repair,repair,1.00000,7.52746,-7.52746,0.00000,0.00000,7.52746,0.00000,0.00000,0.72000,0.13000,0.72000,0.13000,0.00000,10,9,25,15,545,475,10,575,7.52946,-0.06478,0.52393,1,-7.52946,0.52713,0.03613,1,0.00000,0.11667,6
20260527-233410-sentence-script-a-coiled-chromosome-fibe-88d0cc,2377,40.341,2,0,1,repair,repair,1.00000,7.69546,-7.69546,0.00000,0.00000,7.69546,0.00000,0.00000,0.72000,0.13000,0.72000,0.13000,0.00000,10,8,25,15,546,476,10,575,7.69746,-0.38949,0.35683,1,-7.69746,0.37831,0.36884,1,0.00000,0.00000,6
20260527-233410-sentence-script-a-coiled-chromosome-fibe-88d0cc,2391,40.604,2,0,1,repair,repair,1.00000,7.86346,-7.86346,0.00000,0.00000,7.86346,0.00000,0.00000,0.72000,0.13000,0.72000,0.13000,0.00000,10,11,25,15,547,478,10,580,7.86546,-0.52804,0.02021,1,-7.86546,0.04967,0.52606,1,0.00000,0.00000,7
20260527-233410-sentence-script-a-coiled-chromosome-fibe-88d0cc,2405,40.864,2,0,1,repair,repair,1.00000,8.03146,-8.03146,0.00000,0.00000,8.03146,0.00000,0.00000,0.72000,0.13000,0.72000,0.13000,0.00000,10,9,25,15,554,480,10,580,8.03346,-0.41606,-0.32588,1,-8.03346,-0.30227,0.43349,1,0.00000,0.00000,7
20260527-233410-sentence-script-a-coiled-chromosome-fibe-88d0cc,2419,41.115,2,0,1,repair,repair,1.00000,8.19946,-8.19946,0.00000,0.00000,8.19946,0.00000,0.00000,0.72000,0.13000,0.72000,0.13000,0.00000,10,6,25,15,554,483,10,580,8.20146,-0.10763,-0.51755,1,-8.20146,-0.51085,0.13539,1,0.00000,0.00000,8
20260527-233410-sentence-script-a-coiled-chromosome-fibe-88d0cc,2433,41.378,2,0,1,chaotic,chaotic,1.00000,8.37584,-8.37584,0.00000,0.00000,8.37584,0.00000,0.00000,0.81683,0.15258,0.95931,0.20755,1.00000,10,15,25,15,557,484,10,590,8.27328,0.34926,-0.44641,1,-8.42519,-0.38281,-0.29345,1,0.00000,0.00000,7
20260527-233410-sentence-script-a-coiled-chromosome-fibe-88d0cc,2446,41.637,2,0,1,chaotic,chaotic,1.00000,8.55355,-8.55355,0.00000,0.00000,8.55355,0.00000,0.00000,0.79886,0.17756,0.66756,0.20416,1.00000,10,19,25,15,560,484,10,595,8.53799,0.56157,-0.10991,1,-8.44836,-0.06388,-0.59528,1,0.00000,0.00000,8
20260527-233410-sentence-script-a-coiled-chromosome-fibe-88d0cc,2459,41.899,2,0,1,chaotic,chaotic,1.00000,8.71447,-8.71447,0.00000,0.00000,8.71447,0.00000,0.00000,0.69042,0.18207,0.50756,0.17329,1.00000,10,29,25,15,576,485,10,607,8.82730,0.19787,0.36295,1,-8.66732,0.30898,-0.30922,1,0.00000,0.00000,8
20260527-233410-sentence-script-a-coiled-chromosome-fibe-88d0cc,2474,42.157,2,0,1,chaotic,chaotic,1.00000,8.87378,-8.87378,0.00000,0.00000,8.87378,0.00000,0.00000,0.60632,0.16554,0.55807,0.13465,1.00000,10,30,25,15,601,488,10,612,8.82411,-0.35574,0.46572,1,-9.00730,0.43717,0.36659,1,0.00000,0.00000,8
20260527-233410-sentence-script-a-coiled-chromosome-fibe-88d0cc,2491,42.412,2,0,1,chaotic,chaotic,1.00000,9.04844,-9.04844,0.00000,0.00000,9.04844,0.00000,0.00000,0.64912,0.14017,0.78803,0.11153,1.00000,10,41,25,15,610,491,10,626,8.96570,-0.34106,-0.15775,1,-9.03778,-0.10843,0.49202,1,0.00000,0.00000,8
20260527-233410-sentence-script-a-coiled-chromosome-fibe-88d0cc,2509,42.665,2,0,1,chaotic,chaotic,1.00000,9.26927,-9.26927,0.00000,0.00000,9.26927,0.00000,0.00000,0.82945,0.12454,1.08911,0.11700,1.00000,9,53,25,16,624,495,10,643,9.37574,0.28430,-0.47950,1,-9.14509,-0.47810,-0.26499,1,0.00000,0.00000,8
20260527-233410-sentence-script-a-coiled-chromosome-fibe-88d0cc,2525,42.916,2,0,1,chaotic,chaotic,1.00000,9.52051,-9.52051,0.00000,0.00000,9.52051,0.00000,0.00000,1.04258,0.12903,1.32687,0.14731,1.00000,9,48,25,16,627,503,10,648,9.55865,0.38306,0.04194,1,-9.55805,0.00835,-0.55637,1,0.00000,0.00000,7
20260527-233410-sentence-script-a-coiled-chromosome-fibe-88d0cc,2539,43.168,2,0,1,chaotic,chaotic,1.00000,9.78534,-9.78534,0.00000,0.00000,9.78534,0.00000,0.00000,1.20511,0.14841,1.39772,0.18496,1.00000,10,55,26,16,638,507,10,664,9.62943,-0.06258,0.46958,1,-9.83863,0.48741,-0.02082,1,0.00000,0.00000,7
20260527-233410-sentence-script-a-coiled-chromosome-fibe-88d0cc,2553,43.431,2,0,1,chaotic,chaotic,1.00000,10.07661,-10.07661,0.00000,0.00000,10.07661,0.00000,0.00000,1.26513,0.17352,1.25979,0.20866,1.00000,10,42,26,16,647,521,10,669,10.01326,-0.38400,0.24787,1,-9.92805,0.27640,0.53477,1,0.00000,0.00000,8
20260527-233410-sentence-script-a-coiled-chromosome-fibe-88d0cc,2567,43.696,2,0,1,chaotic,chaotic,1.00000,10.36464,-10.36464,0.00000,0.00000,10.36464,0.00000,0.00000,1.18639,0.18953,0.96957,0.20155,1.00000,10,53,26,16,667,525,10,684,10.42834,-0.20728,-0.34296,1,-10.26603,-0.38350,0.31104,1,0.00000,0.00000,8
20260527-233410-sentence-script-a-coiled-chromosome-fibe-88d0cc,2580,43.949,2,0,1,chaotic,chaotic,1.00000,10.60232,-10.60232,0.00000,0.00000,10.60232,0.00000,0.00000,1.01008,0.18712,0.68148,0.16977,1.00000,9,54,26,17,677,536,10,698,10.52063,0.19381,-0.47162,1,-10.67733,-0.49587,-0.32763,1,0.00000,0.00000,8
20260527-233410-sentence-script-a-coiled-chromosome-fibe-88d0cc,2595,44.211,2,0,1,chaotic,chaotic,1.00000,10.82416,-10.82416,0.00000,0.00000,10.82416,0.00000,0.00000,0.78727,0.16654,0.51119,0.13111,1.00000,9,51,26,17,686,541,10,703,10.71679,0.36652,0.11551,1,-10.79121,0.19481,-0.48274,1,0.00000,0.00000,7
20260527-233410-sentence-script-a-coiled-chromosome-fibe-88d0cc,2610,44.471,2,0,1,chaotic,chaotic,1.00000,11.00038,-11.00038,0.00000,0.00000,11.00038,0.00000,0.00000,0.65228,0.14176,0.55059,0.11055,1.00000,8,59,26,18,704,550,10,721,11.10254,-0.04423,0.50858,1,-10.88926,0.54877,0.18053,1,0.00000,0.00000,6
20260527-233410-sentence-script-a-coiled-chromosome-fibe-88d0cc,2625,44.738,2,0,1,chaotic,chaotic,1.00000,11.16173,-11.16173,0.00000,0.00000,11.16173,0.00000,0.00000,0.66400,0.12794,0.78588,0.12102,1.00000,8,52,26,18,716,555,10,721,11.21284,-0.40169,0.04057,1,-11.24331,-0.06998,0.53956,1,0.00000,0.00000,6
20260527-233410-sentence-script-a-coiled-chromosome-fibe-88d0cc,2640,45.000,2,0,1,chaotic,chaotic,1.00000,11.34572,-11.34572,0.00000,0.00000,11.34572,0.00000,0.00000,0.81671,0.13420,1.09804,0.15598,1.00000,9,54,27,18,732,564,10,736,11.22377,-0.08353,-0.48902,1,-11.41604,-0.55320,-0.03898,1,0.00000,0.00000,5
20260527-233410-sentence-script-a-coiled-chromosome-fibe-88d0cc,2654,45.253,2,0,1,chaotic,chaotic,1.00000,11.56151,-11.56151,0.00000,0.00000,11.56151,0.00000,0.00000,1.02106,0.15508,1.33283,0.19231,1.00000,9,46,27,18,747,576,10,741,11.55433,0.39090,-0.20229,1,-11.43290,-0.08146,-0.54591,1,0.00000,0.00000,6
20260527-233410-sentence-script-a-coiled-chromosome-fibe-88d0cc,2668,45.512,2,0,1,chaotic,chaotic,1.00000,11.82294,-11.82294,0.00000,0.00000,11.82294,0.00000,0.00000,1.19465,0.17873,1.39517,0.20990,1.00000,8,47,27,19,761,584,10,755,11.89395,0.26083,0.40050,1,-11.75415,0.50736,-0.19184,1,0.00000,0.00000,6
20260527-233410-sentence-script-a-coiled-chromosome-fibe-88d0cc,2682,45.770,2,0,1,chaotic,chaotic,1.00000,12.00000,-12.00000,0.00000,0.00000,12.00000,0.00000,0.00000,1.25640,0.19109,1.24907,0.19705,1.00000,8,37,27,19,761,594,10,755,11.95409,-0.31808,0.35566,1,-12.13799,0.24717,0.46814,1,0.11667,0.06667,6
20260527-233410-sentence-script-a-coiled-chromosome-fibe-88d0cc,2695,46.039,2,0,1,chaotic,chaotic,1.00000,12.00000,-12.00000,0.00000,0.00000,12.00000,0.00000,0.00000,1.17857,0.18467,0.95004,0.16000,1.00000,7,48,27,20,773,600,10,772,11.99336,-0.42855,-0.23273,1,-12.04316,-0.36259,0.39914,1,0.33333,0.28333,8
20260527-233410-sentence-script-a-coiled-chromosome-fibe-88d0cc,2709,46.305,2,0,1,chaotic,chaotic,1.00000,12.00000,-12.00000,0.00000,0.00000,12.00000,0.00000,0.00000,0.98215,0.16193,0.65442,0.12335,1.00000,7,44,27,20,779,608,10,777,12.18782,0.17427,-0.47599,1,-11.98545,-0.36913,-0.29678,1,0.56667,0.51667,7
20260527-233410-sentence-script-a-coiled-chromosome-fibe-88d0cc,2723,46.559,2,0,1,chaotic,chaotic,1.00000,12.00000,-12.00000,0.00000,0.00000,12.00000,0.00000,0.00000,0.77813,0.13879,0.50642,0.11004,1.00000,8,51,28,20,785,615,10,797,12.09961,0.51156,0.07401,1,-12.16865,0.22702,-0.49394,1,0.80000,0.75000,7
20260527-233410-sentence-script-a-coiled-chromosome-fibe-88d0cc,2737,46.823,2,0,1,chaotic,chaotic,1.00000,12.00000,-12.00000,0.00000,0.00000,12.00000,0.00000,0.00000,0.65703,0.12885,0.56489,0.12726,1.00000,9,54,29,20,797,623,10,811,11.96261,-0.03468,0.49291,1,-12.13433,0.41024,0.14154,1,1.03333,0.98333,6
20260527-233410-sentence-script-a-coiled-chromosome-fibe-88d0cc,2751,47.076,2,0,1,chaotic,chaotic,1.00000,12.00000,-12.00000,0.00000,0.00000,12.00000,0.00000,0.00000,0.67390,0.13793,0.79889,0.16361,1.00000,9,48,29,20,807,629,10,811,12.11721,-0.53713,0.08154,1,-11.96428,-0.09362,0.54148,1,1.26667,1.21667,6
20260527-233410-sentence-script-a-coiled-chromosome-fibe-88d0cc,2765,47.340,2,0,1,chaotic,chaotic,1.00000,12.00000,-12.00000,0.00000,0.00000,12.00000,0.00000,0.00000,0.82055,0.16048,1.11258,0.19885,1.00000,8,51,29,21,808,639,10,824,12.17854,-0.09850,-0.45803,1,-11.78339,-0.36874,0.38781,0,1.50000,1.45000,7
20260527-233410-sentence-script-a-coiled-chromosome-fibe-88d0cc,2786,47.596,2,0,1,chaotic,chaotic,1.00000,12.00000,-12.00000,0.00000,0.00000,12.00000,0.00000,0.00000,1.09831,0.18997,1.34287,0.20968,1.00000,8,30,29,21,825,659,10,824,11.96244,0.50898,0.09410,1,-9.24574,-0.54165,0.54468,0,1.85000,1.80000,7
20260527-233410-sentence-script-a-coiled-chromosome-fibe-88d0cc,2814,47.852,2,0,1,chaotic,chaotic,1.00000,12.00000,-12.00000,0.00000,0.00000,12.00000,0.00000,0.00000,1.31011,0.19705,1.39259,0.19081,1.00000,8,43,30,22,847,673,10,854,12.04493,-0.41719,-0.09873,1,-5.15985,-1.07577,-0.45874,1,2.31667,2.26667,7
20260527-233410-sentence-script-a-coiled-chromosome-fibe-88d0cc,2833,48.118,2,0,1,chaotic,chaotic,1.00000,12.00000,-12.00000,0.00000,0.00000,12.00000,0.00000,0.00000,1.31738,0.18199,1.23015,0.15207,1.00000,8,43,30,22,857,677,10,859,12.20519,0.16149,-0.28480,1,-11.53440,0.29257,0.20310,1,2.63333,2.58333,7
20260527-233410-sentence-script-a-coiled-chromosome-fibe-88d0cc,2847,48.373,2,0,1,chaotic,chaotic,1.00000,12.00000,-12.00000,0.00000,0.00000,12.00000,0.00000,0.00000,1.19842,0.15803,0.94240,0.11932,1.00000,9,53,31,22,857,684,10,876,12.08675,0.35704,0.27382,1,-12.11572,-0.01428,0.49437,1,2.86667,2.81667,7
20260527-233410-sentence-script-a-coiled-chromosome-fibe-88d0cc,2861,48.635,2,0,1,chaotic,chaotic,1.00000,12.00000,-12.00000,0.00000,0.00000,12.00000,0.00000,0.00000,0.99228,0.13607,0.65129,0.11093,1.00000,9,45,31,22,874,693,10,881,11.96468,-0.07351,0.36767,1,-12.11333,-0.37185,-0.07840,1,3.10000,3.05000,7
20260527-233410-sentence-script-a-coiled-chromosome-fibe-88d0cc,2874,48.902,2,0,1,chaotic,chaotic,1.00000,12.00000,-12.00000,0.00000,0.00000,12.00000,0.00000,0.00000,0.79164,0.12992,0.50349,0.13385,1.00000,10,55,32,22,889,702,10,901,12.13256,-0.40831,-0.14685,1,-11.96584,-0.14451,-0.51276,1,3.31667,3.26667,7
20260527-233410-sentence-script-a-coiled-chromosome-fibe-88d0cc,2888,49.167,2,0,1,chaotic,chaotic,1.00000,12.00000,-12.00000,0.00000,0.00000,12.00000,0.00000,0.00000,0.66792,0.14327,0.57638,0.17341,1.00000,10,48,32,22,899,712,10,906,12.15724,-0.07896,-0.41960,1,-12.11263,0.35480,-0.08762,1,3.55000,3.50000,8
20260527-233410-sentence-script-a-coiled-chromosome-fibe-88d0cc,2904,49.428,2,0,1,chaotic,chaotic,1.00000,12.00000,-12.00000,0.00000,0.00000,12.00000,0.00000,0.00000,0.68994,0.16904,0.82771,0.20410,1.00000,9,48,32,23,907,720,10,917,12.48728,-0.16984,0.26383,0,-12.18936,0.16527,0.53253,1,3.81667,3.76667,6
20260527-233410-sentence-script-a-coiled-chromosome-fibe-88d0cc,2922,49.686,2,0,1,chaotic,chaotic,1.00000,12.00000,-12.00000,0.00000,0.00000,12.00000,0.00000,0.00000,0.87364,0.19143,1.13405,0.20763,1.00000,10,55,33,23,921,729,10,934,11.90705,0.21812,0.59062,1,-11.98102,-0.37763,-0.07104,1,4.11667,4.06667,5
20260527-233410-sentence-script-a-coiled-chromosome-fibe-88d0cc,2941,49.941,3,0,1,constructive,constructive,0.04054,0.01358,-0.01358,0.00000,0.00000,0.01358,0.00000,0.00000,0.81480,0.11640,0.86000,0.13500,0.00000,9,0,42,33,928,733,10,934,0.70014,-0.18218,0.77273,1,-0.72963,-0.16025,-0.35288,1,0.00000,4.00417,0
20260527-233410-sentence-script-a-coiled-chromosome-fibe-88d0cc,2955,50.205,3,0,1,constructive,constructive,0.06892,0.20665,-0.20665,0.00000,0.00000,0.20665,0.00000,0.00000,0.83628,0.12524,0.86000,0.13500,0.00000,9,0,42,33,928,733,10,934,-0.10175,-0.48565,0.19293,1,-0.29459,0.42194,-0.20209,1,0.00000,3.82917,0
20260527-233410-sentence-script-a-coiled-chromosome-fibe-88d0cc,2969,50.470,3,0,1,constructive,constructive,0.09878,0.40333,-0.40333,0.00000,0.00000,0.40333,0.00000,0.00000,0.84755,0.12988,0.86000,0.13500,0.00000,10,4,43,33,928,733,10,938,-0.37924,-0.40721,-0.29658,1,-0.40525,0.44272,0.24121,1,0.00000,3.65417,4
20260527-233410-sentence-script-a-coiled-chromosome-fibe-88d0cc,2983,50.736,3,0,1,constructive,constructive,0.12942,0.60191,-0.60191,0.00000,0.00000,0.60191,0.00000,0.00000,0.85346,0.13231,0.86000,0.13500,0.00000,10,5,43,33,928,733,10,939,-0.58802,0.00078,-0.50710,1,-0.59153,0.07414,0.50267,1,0.00000,3.47917,4
20260527-233410-sentence-script-a-coiled-chromosome-fibe-88d0cc,2997,50.997,3,0,1,constructive,constructive,0.16046,0.80147,-0.80147,0.00000,0.00000,0.80147,0.00000,0.00000,0.85657,0.13359,0.86000,0.13500,0.00000,10,5,43,33,929,733,10,939,-0.78861,0.40520,-0.30832,1,-0.78908,-0.35570,0.36416,1,0.00000,3.30417,4
20260527-233410-sentence-script-a-coiled-chromosome-fibe-88d0cc,3012,51.259,3,0,1,constructive,constructive,0.19397,1.01587,-1.01587,0.00000,0.00000,1.01587,0.00000,0.00000,0.85828,0.13429,0.86000,0.13500,0.00000,10,5,43,33,929,733,10,939,-1.00294,0.48433,0.16097,1,-1.00300,-0.50217,-0.08989,1,0.00000,3.11667,4
20260527-233410-sentence-script-a-coiled-chromosome-fibe-88d0cc,3028,51.512,3,0,1,constructive,constructive,0.22983,1.24488,-1.24488,0.00000,0.00000,1.24488,0.00000,0.00000,0.85918,0.13466,0.86000,0.13500,0.00000,10,9,43,33,932,733,10,943,-1.23184,0.11417,0.49844,1,-1.23185,-0.18321,-0.47719,1,0.00000,2.91667,4
20260527-233410-sentence-script-a-coiled-chromosome-fibe-88d0cc,3045,51.769,3,0,1,constructive,constructive,0.26802,1.48839,-1.48839,0.00000,0.00000,1.48839,0.00000,0.00000,0.85962,0.13485,0.86000,0.13500,0.00000,10,6,43,33,932,736,10,943,-1.47529,-0.38549,0.33741,1,-1.47529,0.33443,-0.38800,1,0.00000,2.70417,4
20260527-233410-sentence-script-a-coiled-chromosome-fibe-88d0cc,3062,52.024,3,0,1,constructive,constructive,0.30624,1.73199,-1.73199,0.00000,0.00000,1.73199,0.00000,0.00000,0.85983,0.13493,0.86000,0.13500,0.00000,10,4,43,33,935,739,10,944,-1.71885,-0.48173,-0.17585,1,-1.71885,0.50255,0.10434,1,0.00000,2.49167,4
20260527-233410-sentence-script-a-coiled-chromosome-fibe-88d0cc,3076,52.278,3,0,1,constructive,constructive,0.33773,1.93263,-1.93263,0.00000,0.00000,1.93263,0.00000,0.00000,0.85991,0.13496,0.86000,0.13500,0.00000,10,8,43,33,936,739,10,948,-1.91947,-0.17454,-0.48288,1,-1.91947,0.24501,0.45171,1,0.00000,2.31667,4
20260527-233410-sentence-script-a-coiled-chromosome-fibe-88d0cc,3090,52.540,3,0,1,constructive,constructive,0.36922,2.13328,-2.13328,0.00000,0.00000,2.13328,0.00000,0.00000,0.85995,0.13498,0.86000,0.13500,0.00000,10,6,43,33,936,741,10,948,-2.12012,0.25446,-0.44698,1,-2.12012,-0.18369,0.48063,1,0.00000,2.14167,4
20260527-233410-sentence-script-a-coiled-chromosome-fibe-88d0cc,3104,52.800,3,0,1,constructive,constructive,0.40072,2.33394,-2.33394,0.00000,0.00000,2.33394,0.00000,0.00000,0.85998,0.13499,0.86000,0.13500,0.00000,10,4,43,33,936,743,10,948,-2.32077,0.50511,-0.10089,1,-2.32077,-0.48368,0.17798,1,0.00000,1.96667,5
20260527-233410-sentence-script-a-coiled-chromosome-fibe-88d0cc,3117,53.061,3,0,1,constructive,constructive,0.42997,2.52027,-2.52027,0.00000,0.00000,2.52027,0.00000,0.00000,0.85999,0.13499,0.86000,0.13500,0.00000,10,3,43,33,936,745,10,949,-2.50710,0.42871,0.28693,1,-2.50710,-0.46832,-0.21654,1,0.00000,1.80417,5
20260527-233410-sentence-script-a-coiled-chromosome-fibe-88d0cc,3132,53.326,3,0,1,constructive,constructive,0.46372,2.73526,-2.73526,0.00000,0.00000,2.73526,0.00000,0.00000,0.85999,0.13500,0.86000,0.13500,0.00000,10,6,43,33,938,746,10,953,-2.72210,0.04195,0.51490,1,-2.72210,-0.12104,-0.50208,1,0.00000,1.61667,5
20260527-233410-sentence-script-a-coiled-chromosome-fibe-88d0cc,3149,53.580,3,0,1,constructive,constructive,0.50197,2.97893,-2.97893,0.00000,0.00000,2.97893,0.00000,0.00000,0.86000,0.13500,0.86000,0.13500,0.00000,10,5,43,33,938,747,10,953,-2.96576,-0.41429,0.31001,1,-2.96576,0.36240,-0.36894,1,0.00000,1.40417,5
20260527-233410-sentence-script-a-coiled-chromosome-fibe-88d0cc,3167,53.835,3,0,1,constructive,constructive,0.54247,3.23693,-3.23693,0.00000,0.00000,3.23693,0.00000,0.00000,0.86000,0.13500,0.86000,0.13500,0.00000,10,1,43,33,938,751,10,953,-3.22376,-0.47408,-0.20925,1,-3.22376,0.49911,0.13771,1,0.00000,1.17917,5
20260527-233410-sentence-script-a-coiled-chromosome-fibe-88d0cc,3184,54.087,3,0,1,constructive,constructive,0.58072,3.48059,-3.48059,0.00000,0.00000,3.48059,0.00000,0.00000,0.86000,0.13500,0.86000,0.13500,0.00000,10,6,43,33,938,751,10,958,-3.46743,-0.08542,-0.51179,1,-3.46743,0.15417,0.49465,1,0.00000,0.96667,5
20260527-233410-sentence-script-a-coiled-chromosome-fibe-88d0cc,3199,54.355,3,0,1,constructive,constructive,0.61447,3.69559,-3.69559,0.00000,0.00000,3.69559,0.00000,0.00000,0.86000,0.13500,0.86000,0.13500,0.00000,10,5,43,33,940,752,10,958,-3.68243,0.33532,-0.39656,1,-3.68243,-0.28201,0.43511,1,0.00000,0.77917,4
20260527-233410-sentence-script-a-coiled-chromosome-fibe-88d0cc,3213,54.617,3,0,1,constructive,constructive,0.64597,3.89626,-3.89626,0.00000,0.00000,3.89626,0.00000,0.00000,0.86000,0.13500,0.86000,0.13500,0.00000,10,4,43,33,943,753,10,958,-3.88309,0.51865,-0.03309,1,-3.88309,-0.51036,0.09386,1,0.00000,0.60417,5
20260527-233410-sentence-script-a-coiled-chromosome-fibe-88d0cc,3227,54.885,3,0,1,constructive,constructive,0.67747,4.09693,-4.09693,0.00000,0.00000,4.09693,0.00000,0.00000,0.86000,0.13500,0.86000,0.13500,0.00000,10,8,43,33,944,753,10,962,-4.08376,0.38520,0.34948,1,-4.08376,-0.41992,-0.30536,1,0.00000,0.42917,5
20260527-233410-sentence-script-a-coiled-chromosome-fibe-88d0cc,3241,55.149,3,0,1,constructive,constructive,0.70897,4.29759,-4.29759,0.00000,0.00000,4.29759,0.00000,0.00000,0.86000,0.13500,0.86000,0.13500,0.00000,10,8,43,33,947,753,10,962,-4.28443,0.01968,0.52014,1,-4.28443,-0.06990,-0.51478,1,0.00000,0.25417,5
20260527-233410-sentence-script-a-coiled-chromosome-fibe-88d0cc,3255,55.407,3,0,1,constructive,constructive,0.74047,4.49826,-4.49826,0.00000,0.00000,4.49826,0.00000,0.00000,0.86000,0.13500,0.86000,0.13500,0.00000,10,7,43,33,947,755,10,963,-4.48509,-0.35688,0.37931,1,-4.48509,0.32278,-0.40729,1,0.00000,0.07917,6
20260527-233410-sentence-script-a-coiled-chromosome-fibe-88d0cc,3269,55.661,3,0,1,constructive,constructive,0.77197,4.69893,-4.69893,0.00000,0.00000,4.69893,0.00000,0.00000,0.86000,0.13500,0.86000,0.13500,0.00000,10,6,43,33,947,755,10,963,-4.68576,-0.52084,0.01344,1,-4.68576,0.51735,-0.05012,1,0.00000,0.00000,8
20260527-233410-sentence-script-a-coiled-chromosome-fibe-88d0cc,3282,55.911,3,0,1,constructive,constructive,0.80122,4.88526,-4.88526,0.00000,0.00000,4.88526,0.00000,0.00000,0.86000,0.13500,0.86000,0.13500,0.00000,10,10,43,33,947,755,10,967,-4.87209,-0.39621,-0.33849,1,-4.87209,0.41441,0.31404,1,0.00000,0.00000,8
20260527-233410-sentence-script-a-coiled-chromosome-fibe-88d0cc,3295,56.162,3,0,1,constructive,constructive,0.83047,5.07159,-5.07159,0.00000,0.00000,5.07159,0.00000,0.00000,0.86000,0.13500,0.86000,0.13500,0.00000,10,10,43,33,949,755,10,967,-5.05843,-0.06824,-0.51663,1,-5.05843,0.09351,0.51179,1,0.00000,0.00000,8
20260527-233410-sentence-script-a-coiled-chromosome-fibe-88d0cc,3309,56.420,3,0,1,constructive,constructive,0.86197,5.27226,-5.27226,0.00000,0.00000,5.27226,0.00000,0.00000,0.86000,0.13500,0.86000,0.13500,0.00000,10,8,43,33,951,757,10,967,-5.25909,0.31824,-0.41279,1,-5.25909,-0.29991,0.42562,1,0.00000,0.00000,7
20260527-233410-sentence-script-a-coiled-chromosome-fibe-88d0cc,3326,56.672,3,0,1,constructive,constructive,0.90022,5.51593,-5.51593,0.00000,0.00000,5.51593,0.00000,0.00000,0.86000,0.13500,0.86000,0.13500,0.00000,10,8,43,33,951,761,10,971,-5.50276,0.52109,0.02056,1,-5.50276,-0.52116,-0.00072,1,0.00000,0.00000,7
20260527-233410-sentence-script-a-coiled-chromosome-fibe-88d0cc,3344,56.925,3,0,1,constructive,constructive,0.94072,5.77393,-5.77393,0.00000,0.00000,5.77393,0.00000,0.00000,0.86000,0.13500,0.86000,0.13500,0.00000,10,8,43,33,952,761,10,971,-5.76076,0.26131,0.45150,1,-5.76076,-0.27736,-0.44166,1,0.00000,0.00000,8
20260527-233410-sentence-script-a-coiled-chromosome-fibe-88d0cc,3363,57.182,3,0,1,constructive,constructive,0.98347,6.04626,-6.04626,0.00000,0.00000,6.04626,0.00000,0.00000,0.86000,0.13500,0.86000,0.13500,0.00000,10,4,43,33,952,765,10,971,-6.03309,-0.26589,0.44910,1,-6.03309,0.25128,-0.45713,1,0.00000,0.00000,8
20260527-233410-sentence-script-a-coiled-chromosome-fibe-88d0cc,3378,57.448,3,0,1,constructive,constructive,1.00000,6.26126,-6.26126,0.00000,0.00000,6.26126,0.00000,0.00000,0.86000,0.13500,0.86000,0.13500,0.00000,10,6,43,33,954,767,10,975,-6.24809,-0.51144,0.10441,1,-6.24809,0.50796,-0.11920,1,0.00000,0.00000,8
20260527-233410-sentence-script-a-coiled-chromosome-fibe-88d0cc,3392,57.711,3,0,1,constructive,constructive,1.00000,6.46193,-6.46193,0.00000,0.00000,6.46193,0.00000,0.00000,0.86000,0.13500,0.86000,0.13500,0.00000,10,6,43,33,957,767,10,975,-6.44876,-0.43780,-0.28452,1,-6.44876,0.44459,0.27312,1,0.00000,0.00000,7
20260527-233410-sentence-script-a-coiled-chromosome-fibe-88d0cc,3406,57.975,3,0,1,constructive,constructive,1.00000,6.66259,-6.66259,0.00000,0.00000,6.66259,0.00000,0.00000,0.86000,0.13500,0.86000,0.13500,0.00000,10,5,43,33,958,768,10,975,-6.64943,-0.11344,-0.50985,1,-6.64943,0.12300,0.50703,1,0.00000,0.00000,8
20260527-233410-sentence-script-a-coiled-chromosome-fibe-88d0cc,3420,58.240,3,0,1,constructive,constructive,1.00000,6.86326,-6.86326,0.00000,0.00000,6.86326,0.00000,0.00000,0.86000,0.13500,0.86000,0.13500,0.00000,10,3,43,33,958,770,10,975,-6.85009,0.27477,-0.44450,1,-6.85009,-0.26991,0.44656,1,0.00000,0.00000,8
20260527-233410-sentence-script-a-coiled-chromosome-fibe-88d0cc,3434,58.491,3,0,1,constructive,constructive,1.00000,7.06393,-7.06393,0.00000,0.00000,7.06393,0.00000,0.00000,0.86000,0.13500,0.86000,0.13500,0.00000,10,6,43,33,959,771,10,979,-7.05076,0.50692,-0.12781,1,-7.05076,-0.50602,0.12860,1,0.00000,0.00000,8
20260527-233410-sentence-script-a-coiled-chromosome-fibe-88d0cc,3448,58.744,3,0,1,constructive,constructive,1.00000,7.26459,-7.26459,0.00000,0.00000,7.26459,0.00000,0.00000,0.86000,0.13500,0.86000,0.13500,0.00000,10,6,43,33,961,772,10,980,-7.25143,0.45306,0.26090,1,-7.25143,-0.45217,-0.26179,1,0.00000,0.00000,8
20260527-233410-sentence-script-a-coiled-chromosome-fibe-88d0cc,3462,59.001,3,0,1,constructive,constructive,1.00000,7.46526,-7.46526,0.00000,0.00000,7.46526,0.00000,0.00000,0.86000,0.13500,0.86000,0.13500,0.00000,10,6,43,33,963,772,10,980,-7.45209,0.14356,0.50269,1,-7.45209,-0.14161,-0.50308,1,0.00000,0.00000,7
20260527-233410-sentence-script-a-coiled-chromosome-fibe-88d0cc,3476,59.268,3,0,1,constructive,constructive,1.00000,7.66593,-7.66593,0.00000,0.00000,7.66593,0.00000,0.00000,0.86000,0.13500,0.86000,0.13500,0.00000,10,5,43,33,963,773,10,980,-7.65276,-0.24652,0.46110,1,-7.65276,0.24927,-0.45939,1,0.00000,0.00000,6
20260527-233410-sentence-script-a-coiled-chromosome-fibe-88d0cc,3491,59.527,3,0,1,constructive,constructive,1.00000,7.88093,-7.88093,0.00000,0.00000,7.88093,0.00000,0.00000,0.86000,0.13500,0.86000,0.13500,0.00000,10,8,43,33,963,774,10,984,-7.86776,-0.50574,0.13362,1,-7.86776,0.50680,-0.12750,1,0.00000,0.00000,6
20260527-233410-sentence-script-a-coiled-chromosome-fibe-88d0cc,3508,59.781,3,0,1,chaotic,chaotic,1.00000,8.14994,-8.14994,0.00000,0.00000,8.14994,0.00000,0.00000,1.04605,0.16842,1.20341,0.20914,1.00000,9,23,43,34,967,774,10,999,-7.99893,-0.29891,-0.35820,1,-8.05253,0.40015,0.44015,1,0.00000,0.00000,5
