run_id,frame,elapsed_seconds,simulation_time,round_number,paused,ai_enabled,ai_mode,ai_last_action,manual_override,root_tip_count,active_tip_count,root_segment_count,branch_count,attachment_count,detach_count,collision_count,wrap_count,mark_count,spill_count,transfer_count,absorption_events,total_absorbed,water_remaining,depleted_water_pockets,droplet_count,fragment_count,nearest_water_x,nearest_water_y,nearest_water_z,lead_tip_x,lead_tip_y,lead_tip_z,lead_tip_dir_x,lead_tip_dir_y,lead_tip_dir_z,lead_tip_radius,active_rock_wrap_scores,stagnation_seconds,completion_seconds
20260527-223625-sentence-script-a-central-root-cylinder-b0ff51,12,0.263,0.400,1,0,1,artistic_mark,new_round,0,1,1,12,0,0,0,0,0,8,0,0,0,0.00000,7.64251,0,0,0,-2.0832,0.9419,2.2793,0.1273,4.7659,0.2456,0.0278,-0.9967,0.0761,0.11800,0.00000,0.000,0.000
20260527-223625-sentence-script-a-central-root-cylinder-b0ff51,23,0.524,0.767,1,0,1,artistic_mark,new_round,0,1,1,23,0,0,0,0,0,8,0,0,0,0.00000,7.64251,0,0,0,-2.0832,0.9419,2.2793,0.0612,3.8807,0.5201,-0.0436,-0.9522,0.3023,0.11800,0.00000,0.000,0.000
20260527-223625-sentence-script-a-central-root-cylinder-b0ff51,33,0.785,1.100,1,0,1,artistic_mark,new_round,0,1,1,33,0,0,0,0,0,9,0,0,0,0.00000,7.64251,0,0,0,-2.0832,0.9419,2.2793,-0.1561,3.1425,0.8205,-0.2285,-0.9173,0.3261,0.11800,0.00000,0.000,0.000
20260527-223625-sentence-script-a-central-root-cylinder-b0ff51,41,1.052,1.367,1,0,1,artistic_mark,new_round,0,1,1,41,0,0,0,0,0,9,0,0,0,0.00000,7.64251,0,0,0,-2.0832,0.9419,2.2793,-0.4689,2.5415,0.9616,-0.5966,-0.7784,0.1952,0.11800,0.00000,0.000,0.000
20260527-223625-sentence-script-a-central-root-cylinder-b0ff51,49,1.321,1.633,1,0,1,artistic_mark,new_round,0,2,2,56,1,1,0,0,0,12,0,0,0,0.00000,7.64251,0,0,0,-2.0832,0.9419,2.2793,-0.7704,1.9944,1.0736,-0.5144,-0.8532,0.0864,0.11800,0.00000,0.000,0.000
20260527-223625-sentence-script-a-central-root-cylinder-b0ff51,57,1.592,1.900,1,0,1,artistic_mark,new_round,0,2,2,72,1,1,0,0,0,12,0,0,0,0.00000,7.64251,0,0,0,-2.0832,0.9419,2.2793,-1.1192,1.4829,1.2310,-0.4458,-0.8279,0.3403,0.11800,0.00000,0.000,0.000
20260527-223625-sentence-script-a-central-root-cylinder-b0ff51,65,1.871,2.167,1,0,1,artistic_mark,new_round,0,2,2,88,1,1,0,0,0,12,0,0,0,0.00000,7.64251,0,0,0,-2.0832,0.9419,2.2793,-1.5030,1.0030,1.5257,-0.6354,-0.6079,0.4762,0.11800,0.00000,0.000,0.000
20260527-223625-sentence-script-a-central-root-cylinder-b0ff51,73,2.138,2.433,1,0,1,artistic_mark,new_round,0,2,2,104,1,1,0,0,0,13,0,3,3,0.02948,7.61303,0,0,0,-2.0832,0.9419,2.2793,-1.8750,0.7613,1.9827,-0.4728,0.0647,0.8788,0.11933,0.00000,0.000,0.000
20260527-223625-sentence-script-a-central-root-cylinder-b0ff51,81,2.403,2.700,1,0,1,artistic_mark,new_round,0,2,2,120,1,1,0,0,0,15,0,16,16,0.15474,7.48777,0,0,0,-2.0832,0.9419,2.2793,-2.1345,0.8592,2.2380,-0.7368,-0.4737,-0.4824,0.12281,0.00000,0.000,0.000
20260527-223625-sentence-script-a-central-root-cylinder-b0ff51,89,2.669,2.967,1,0,1,artistic_mark,new_round,0,3,3,136,2,2,0,0,0,23,0,32,32,0.30962,7.33289,0,0,0,-2.0832,0.9419,2.2793,-2.0998,0.8931,2.2794,-0.2501,-0.8303,0.4980,0.12639,0.00000,0.000,0.000
20260527-223625-sentence-script-a-central-root-cylinder-b0ff51,97,2.935,3.233,1,0,1,artistic_mark,new_round,0,4,4,167,3,3,0,0,0,28,0,63,63,0.60756,7.03495,0,0,0,-2.0832,0.9419,2.2793,-2.0857,0.8767,2.2795,0.7428,-0.5430,0.3915,0.12987,0.00000,0.000,0.000
20260527-223625-sentence-script-a-central-root-cylinder-b0ff51,105,3.202,3.500,1,0,1,artistic_mark,new_round,0,4,4,199,3,3,0,0,0,34,0,95,95,0.90977,6.73274,0,0,0,-2.0832,0.9419,2.2793,-2.0336,0.9058,2.3075,0.7850,0.1379,0.6039,0.13320,0.00000,0.000,0.000
20260527-223625-sentence-script-a-central-root-cylinder-b0ff51,113,3.468,3.767,1,0,1,artistic_mark,new_round,0,4,4,231,3,3,0,0,0,40,0,127,127,1.21929,6.42322,0,0,0,-2.0832,0.9419,2.2793,-2.1439,0.9301,2.2761,-0.7593,0.0357,-0.6497,0.13674,0.00000,0.000,0.000
20260527-223625-sentence-script-a-central-root-cylinder-b0ff51,121,3.734,4.033,1,0,1,artistic_mark,new_round,0,5,5,263,4,4,0,0,0,43,0,135,135,1.29335,6.33435,1,0,0,0.0657,-2.7672,0.9421,-1.9976,0.5112,2.4684,-0.0515,-0.9830,0.1764,0.13764,0.00000,0.000,0.000
20260527-223625-sentence-script-a-central-root-cylinder-b0ff51,129,4.001,4.300,1,0,1,artistic_mark,new_round,0,6,6,307,5,5,0,0,0,45,0,135,135,1.29335,6.33435,1,0,0,0.0657,-2.7672,0.9421,-2.0243,-0.1556,2.4150,0.0807,-0.9846,-0.1551,0.13764,0.00000,0.000,0.000
20260527-223625-sentence-script-a-central-root-cylinder-b0ff51,137,4.268,4.567,1,0,1,artistic_mark,new_round,0,6,6,355,5,5,0,0,0,47,0,135,135,1.29335,6.33435,1,0,0,0.0657,-2.7672,0.9421,-2.0726,-0.8124,2.2713,-0.0053,-0.9889,-0.1486,0.13764,0.00000,0.000,0.000
20260527-223625-sentence-script-a-central-root-cylinder-b0ff51,145,4.534,4.833,1,0,1,artistic_mark,new_round,0,6,6,403,5,5,0,0,0,52,0,135,135,1.29335,6.33435,1,0,0,0.0657,-2.7672,0.9421,-2.0241,-1.4475,2.0986,0.2199,-0.8925,-0.3939,0.13764,0.00000,0.000,0.000
20260527-223625-sentence-script-a-central-root-cylinder-b0ff51,153,4.801,5.100,1,0,1,artistic_mark,new_round,0,7,7,458,6,6,0,0,0,56,0,135,135,1.29335,6.33435,1,0,0,0.0657,-2.7672,0.9421,-1.8070,-2.0147,1.8400,0.4387,-0.7101,-0.5507,0.13764,0.00000,0.000,0.000
20260527-223625-sentence-script-a-central-root-cylinder-b0ff51,161,5.068,5.367,1,0,1,artistic_mark,new_round,0,8,8,521,7,7,0,0,0,58,0,135,135,1.29335,6.33435,1,0,0,0.0657,-2.7672,0.9421,-1.4227,-2.4866,1.5617,0.7070,-0.5316,-0.4664,0.13764,0.00000,0.000,0.000
20260527-223625-sentence-script-a-central-root-cylinder-b0ff51,169,5.335,5.633,1,0,1,artistic_mark,new_round,0,9,9,587,8,8,0,0,0,63,0,144,144,1.38224,6.24546,1,0,0,0.0657,-2.7672,0.9421,-0.9461,-2.8588,1.2951,0.8493,-0.4470,-0.2809,0.13764,0.00000,0.000,0.000
20260527-223625-sentence-script-a-central-root-cylinder-b0ff51,177,5.605,5.900,1,0,1,artistic_mark,new_round,0,11,11,667,10,10,0,0,0,72,0,182,182,1.75721,5.87049,1,0,0,0.0657,-2.7672,0.9421,-0.3375,-3.0529,1.1037,0.9371,0.0041,-0.3491,0.13845,0.00000,0.000,0.000
20260527-223625-sentence-script-a-central-root-cylinder-b0ff51,185,5.874,6.167,1,0,1,artistic_mark,new_round,0,12,12,760,11,11,0,0,0,81,0,228,228,2.21251,5.40143,2,0,0,1.4642,-2.9360,-0.3542,0.1870,-2.8918,1.0815,0.5869,-0.3761,0.7170,0.14136,0.00000,0.000,0.000
20260527-223625-sentence-script-a-central-root-cylinder-b0ff51,193,6.141,6.433,1,0,1,artistic_mark,new_round,0,12,12,856,11,11,0,0,0,86,0,228,228,2.21251,5.40143,2,0,0,1.4642,-2.9360,-0.3542,0.3557,-3.2080,1.6196,0.1594,-0.3602,0.9192,0.14136,0.00000,0.000,0.000
20260527-223625-sentence-script-a-central-root-cylinder-b0ff51,201,6.408,6.700,1,0,1,artistic_mark,new_round,0,13,13,958,12,12,0,0,0,90,0,230,230,2.23503,5.37891,2,0,0,1.4642,-2.9360,-0.3542,0.6537,-3.5259,2.1210,0.6921,-0.4505,0.5639,0.14136,0.00000,0.000,0.000
20260527-223625-sentence-script-a-central-root-cylinder-b0ff51,209,6.675,6.967,1,0,1,artistic_mark,new_round,0,16,15,1071,15,15,0,0,0,109,0,286,286,2.78474,4.82919,2,0,0,1.4642,-2.9360,-0.3542,1.1588,-3.8331,2.2940,0.8627,-0.4901,-0.1249,0.14136,0.00000,0.000,0.000
20260527-223625-sentence-script-a-central-root-cylinder-b0ff51,217,6.943,7.233,1,0,1,artistic_mark,new_round,0,18,17,1196,17,17,0,0,0,126,0,358,358,3.47492,4.13901,2,0,0,1.4642,-2.9360,-0.3542,1.6416,-4.1969,2.0179,0.5064,-0.4453,-0.7384,0.14136,0.00000,0.000,0.000
20260527-223625-sentence-script-a-central-root-cylinder-b0ff51,225,7.212,7.500,1,0,1,ritual_wrap,switch_to_ritual_wrap,0,18,0,1250,17,17,0,0,0,133,0,380,380,3.68380,3.91215,3,0,0,2.0599,-1.1448,1.9987,1.7654,-4.2945,1.8181,0.4114,-0.3000,-0.8607,0.14136,0.00000,0.000,0.100
20260527-223625-sentence-script-a-central-root-cylinder-b0ff51,233,7.479,7.767,1,0,1,ritual_wrap,switch_to_ritual_wrap,0,18,0,1250,17,17,0,0,0,133,0,380,380,3.68380,3.91215,3,0,0,2.0599,-1.1448,1.9987,1.7654,-4.2945,1.8181,0.4114,-0.3000,-0.8607,0.14136,0.00000,0.000,0.367
20260527-223625-sentence-script-a-central-root-cylinder-b0ff51,241,7.743,8.033,1,0,1,ritual_wrap,switch_to_ritual_wrap,0,18,0,1250,17,17,0,0,0,133,0,380,380,3.68380,3.91215,3,0,0,2.0599,-1.1448,1.9987,1.7654,-4.2945,1.8181,0.4114,-0.3000,-0.8607,0.14136,0.00000,0.000,0.633
20260527-223625-sentence-script-a-central-root-cylinder-b0ff51,249,8.010,8.300,1,0,1,ritual_wrap,switch_to_ritual_wrap,0,18,0,1250,17,17,0,0,0,133,0,380,380,3.68380,3.91215,3,0,0,2.0599,-1.1448,1.9987,1.7654,-4.2945,1.8181,0.4114,-0.3000,-0.8607,0.14136,0.00000,0.000,0.900
20260527-223625-sentence-script-a-central-root-cylinder-b0ff51,257,8.277,8.567,1,0,1,ritual_wrap,switch_to_ritual_wrap,0,19,0,1250,17,17,0,0,0,133,0,380,380,3.68380,3.91215,3,0,0,2.0599,-1.1448,1.9987,1.7654,-4.2945,1.8181,0.4114,-0.3000,-0.8607,0.14136,0.00000,0.000,0.133
20260527-223625-sentence-script-a-central-root-cylinder-b0ff51,265,8.544,8.833,1,0,1,ritual_wrap,switch_to_ritual_wrap,0,19,0,1250,17,17,0,0,0,133,0,380,380,3.68380,3.91215,3,0,0,2.0599,-1.1448,1.9987,1.7654,-4.2945,1.8181,0.4114,-0.3000,-0.8607,0.14136,0.00000,0.000,0.400
20260527-223625-sentence-script-a-central-root-cylinder-b0ff51,273,8.811,9.100,1,0,1,ritual_wrap,switch_to_ritual_wrap,0,19,0,1250,17,17,0,0,0,133,0,380,380,3.68380,3.91215,3,0,0,2.0599,-1.1448,1.9987,1.7654,-4.2945,1.8181,0.4114,-0.3000,-0.8607,0.14136,0.00000,0.000,0.667
20260527-223625-sentence-script-a-central-root-cylinder-b0ff51,281,9.077,9.367,1,0,1,ritual_wrap,switch_to_ritual_wrap,0,19,0,1250,17,17,0,0,0,133,0,380,380,3.68380,3.91215,3,0,0,2.0599,-1.1448,1.9987,1.7654,-4.2945,1.8181,0.4114,-0.3000,-0.8607,0.14136,0.00000,1.033,0.933
20260527-223625-sentence-script-a-central-root-cylinder-b0ff51,289,9.344,9.633,1,0,1,ritual_wrap,switch_to_ritual_wrap,0,20,0,1250,17,17,0,0,0,133,0,380,380,3.68380,3.91215,3,0,0,2.0599,-1.1448,1.9987,1.7654,-4.2945,1.8181,0.4114,-0.3000,-0.8607,0.14136,0.00000,1.033,0.100
20260527-223625-sentence-script-a-central-root-cylinder-b0ff51,297,9.610,9.900,1,0,1,ritual_wrap,switch_to_ritual_wrap,0,21,1,1250,17,17,0,0,0,133,0,380,380,3.68380,3.91215,3,0,0,2.8543,0.6056,-0.2807,0.0000,5.6500,0.0000,0.0239,-0.9973,-0.0695,0.10500,0.00000,1.033,0.367
20260527-223625-sentence-script-a-central-root-cylinder-b0ff51,305,9.877,10.167,1,0,1,ritual_wrap,switch_to_ritual_wrap,0,21,0,1250,17,17,0,0,0,133,0,380,380,3.68380,3.91215,3,0,0,2.0599,-1.1448,1.9987,1.7654,-4.2945,1.8181,0.4114,-0.3000,-0.8607,0.14136,0.00000,1.033,0.233
20260527-223625-sentence-script-a-central-root-cylinder-b0ff51,313,10.144,10.433,1,0,1,ritual_wrap,switch_to_ritual_wrap,0,21,0,1250,17,17,0,0,0,133,0,380,380,3.68380,3.91215,3,0,0,2.0599,-1.1448,1.9987,1.7654,-4.2945,1.8181,0.4114,-0.3000,-0.8607,0.14136,0.00000,2.067,0.500
20260527-223625-sentence-script-a-central-root-cylinder-b0ff51,321,10.411,10.700,1,0,1,ritual_wrap,switch_to_ritual_wrap,0,21,0,1250,17,17,0,0,0,133,0,380,380,3.68380,3.91215,3,0,0,2.0599,-1.1448,1.9987,1.7654,-4.2945,1.8181,0.4114,-0.3000,-0.8607,0.14136,0.00000,2.067,0.767
20260527-223625-sentence-script-a-central-root-cylinder-b0ff51,329,10.677,10.967,1,0,1,ritual_wrap,switch_to_ritual_wrap,0,21,0,1250,17,17,0,0,0,133,0,380,380,3.68380,3.91215,3,0,0,2.0599,-1.1448,1.9987,1.7654,-4.2945,1.8181,0.4114,-0.3000,-0.8607,0.14136,0.00000,2.067,1.033
20260527-223625-sentence-script-a-central-root-cylinder-b0ff51,337,10.944,11.233,1,0,1,ritual_wrap,switch_to_ritual_wrap,0,22,0,1250,17,17,0,0,0,133,0,380,380,3.68380,3.91215,3,0,0,2.0599,-1.1448,1.9987,1.7654,-4.2945,1.8181,0.4114,-0.3000,-0.8607,0.14136,0.00000,2.067,0.067
20260527-223625-sentence-script-a-central-root-cylinder-b0ff51,345,11.211,11.500,1,0,1,ritual_wrap,switch_to_ritual_wrap,0,23,0,1250,17,17,0,0,0,133,0,380,380,3.68380,3.91215,3,0,0,2.0599,-1.1448,1.9987,1.7654,-4.2945,1.8181,0.4114,-0.3000,-0.8607,0.14136,0.00000,3.100,0.000
20260527-223625-sentence-script-a-central-root-cylinder-b0ff51,353,11.478,11.767,1,0,1,ritual_wrap,switch_to_ritual_wrap,0,23,0,1250,17,17,0,0,0,133,0,380,380,3.68380,3.91215,3,0,0,2.0599,-1.1448,1.9987,1.7654,-4.2945,1.8181,0.4114,-0.3000,-0.8607,0.14136,0.00000,3.100,0.267
20260527-223625-sentence-script-a-central-root-cylinder-b0ff51,361,11.745,12.033,1,0,1,ritual_wrap,switch_to_ritual_wrap,0,23,0,1250,17,17,0,0,0,133,0,380,380,3.68380,3.91215,3,0,0,2.0599,-1.1448,1.9987,1.7654,-4.2945,1.8181,0.4114,-0.3000,-0.8607,0.14136,0.00000,3.100,0.533
20260527-223625-sentence-script-a-central-root-cylinder-b0ff51,369,12.012,12.300,1,0,1,ritual_wrap,switch_to_ritual_wrap,0,23,0,1250,17,17,0,0,0,133,0,380,380,3.68380,3.91215,3,0,0,2.0599,-1.1448,1.9987,1.7654,-4.2945,1.8181,0.4114,-0.3000,-0.8607,0.14136,0.00000,3.100,0.800
20260527-223625-sentence-script-a-central-root-cylinder-b0ff51,377,12.278,12.567,1,0,1,ritual_wrap,switch_to_ritual_wrap,0,23,0,1250,17,17,0,0,0,133,0,380,380,3.68380,3.91215,3,0,0,2.0599,-1.1448,1.9987,1.7654,-4.2945,1.8181,0.4114,-0.3000,-0.8607,0.14136,0.00000,4.133,1.067
20260527-223625-sentence-script-a-central-root-cylinder-b0ff51,385,12.545,12.833,1,0,1,ritual_wrap,switch_to_ritual_wrap,0,23,0,1250,17,17,0,0,0,133,0,380,380,3.68380,3.91215,3,0,0,2.0599,-1.1448,1.9987,1.7654,-4.2945,1.8181,0.4114,-0.3000,-0.8607,0.14136,0.00000,4.133,1.333
20260527-223625-sentence-script-a-central-root-cylinder-b0ff51,393,12.812,13.100,1,0,1,ritual_wrap,switch_to_ritual_wrap,0,23,0,1250,17,17,0,0,0,133,0,380,380,3.68380,3.91215,3,0,0,2.0599,-1.1448,1.9987,1.7654,-4.2945,1.8181,0.4114,-0.3000,-0.8607,0.14136,0.00000,4.133,1.600
20260527-223625-sentence-script-a-central-root-cylinder-b0ff51,401,13.079,13.367,1,0,1,ritual_wrap,switch_to_ritual_wrap,0,23,0,1250,17,17,0,0,0,133,0,380,380,3.68380,3.91215,3,0,0,2.0599,-1.1448,1.9987,1.7654,-4.2945,1.8181,0.4114,-0.3000,-0.8607,0.14136,0.00000,4.133,1.867
20260527-223625-sentence-script-a-central-root-cylinder-b0ff51,409,13.346,13.633,1,0,1,ritual_wrap,switch_to_ritual_wrap,0,24,0,1250,17,17,0,0,0,133,0,380,380,3.68380,3.91215,3,0,0,2.0599,-1.1448,1.9987,1.7654,-4.2945,1.8181,0.4114,-0.3000,-0.8607,0.14136,0.00000,5.167,0.067
20260527-223625-sentence-script-a-central-root-cylinder-b0ff51,417,13.613,13.900,1,0,1,ritual_wrap,switch_to_ritual_wrap,0,25,1,1250,17,17,0,0,0,133,0,380,380,3.68380,3.91215,3,0,0,2.8543,0.6056,-0.2807,0.0000,5.6500,0.0000,0.0087,-0.9979,-0.0645,0.10500,0.00000,5.167,0.333
20260527-223625-sentence-script-a-central-root-cylinder-b0ff51,425,13.880,14.167,1,0,1,ritual_wrap,switch_to_ritual_wrap,0,25,0,1250,17,17,0,0,0,133,0,380,380,3.68380,3.91215,3,0,0,2.0599,-1.1448,1.9987,1.7654,-4.2945,1.8181,0.4114,-0.3000,-0.8607,0.14136,0.00000,5.167,0.233
20260527-223625-sentence-script-a-central-root-cylinder-b0ff51,433,14.146,14.433,1,0,1,curious_branch,switch_to_curious_branch,0,26,0,1250,17,17,0,0,0,133,0,380,380,3.68380,3.91215,3,0,0,2.0599,-1.1448,1.9987,1.7654,-4.2945,1.8181,0.4114,-0.3000,-0.8607,0.14136,0.00000,5.167,0.033
20260527-223625-sentence-script-a-central-root-cylinder-b0ff51,441,14.413,14.700,1,0,1,curious_branch,switch_to_curious_branch,0,26,0,1250,17,17,0,0,0,133,0,380,380,3.68380,3.91215,3,0,0,2.0599,-1.1448,1.9987,1.7654,-4.2945,1.8181,0.4114,-0.3000,-0.8607,0.14136,0.00000,6.200,0.300
20260527-223625-sentence-script-a-central-root-cylinder-b0ff51,449,14.682,14.967,1,0,1,curious_branch,switch_to_curious_branch,0,26,0,1250,17,17,0,0,0,133,0,380,380,3.68380,3.91215,3,0,0,2.0599,-1.1448,1.9987,1.7654,-4.2945,1.8181,0.4114,-0.3000,-0.8607,0.14136,0.00000,6.200,0.567
20260527-223625-sentence-script-a-central-root-cylinder-b0ff51,457,14.951,15.233,1,0,1,curious_branch,switch_to_curious_branch,0,26,0,1250,17,17,0,0,0,133,0,380,380,3.68380,3.91215,3,0,0,2.0599,-1.1448,1.9987,1.7654,-4.2945,1.8181,0.4114,-0.3000,-0.8607,0.14136,0.00000,6.200,0.833
20260527-223625-sentence-script-a-central-root-cylinder-b0ff51,465,15.216,15.500,1,0,1,curious_branch,switch_to_curious_branch,0,27,0,1250,17,17,0,0,0,133,0,380,380,3.68380,3.91215,3,0,0,2.0599,-1.1448,1.9987,1.7654,-4.2945,1.8181,0.4114,-0.3000,-0.8607,0.14136,0.00000,7.233,0.133
20260527-223625-sentence-script-a-central-root-cylinder-b0ff51,473,15.480,15.767,1,0,1,curious_branch,switch_to_curious_branch,0,27,0,1250,17,17,0,0,0,133,0,380,380,3.68380,3.91215,3,0,0,2.0599,-1.1448,1.9987,1.7654,-4.2945,1.8181,0.4114,-0.3000,-0.8607,0.14136,0.00000,7.233,0.400
20260527-223625-sentence-script-a-central-root-cylinder-b0ff51,481,15.742,16.033,1,0,1,curious_branch,switch_to_curious_branch,0,27,0,1250,17,17,0,0,0,133,0,380,380,3.68380,3.91215,3,0,0,2.0599,-1.1448,1.9987,1.7654,-4.2945,1.8181,0.4114,-0.3000,-0.8607,0.14136,0.00000,7.233,0.667
20260527-223625-sentence-script-a-central-root-cylinder-b0ff51,489,16.009,16.300,1,0,1,curious_branch,switch_to_curious_branch,0,27,0,1250,17,17,0,0,0,133,0,380,380,3.68380,3.91215,3,0,0,2.0599,-1.1448,1.9987,1.7654,-4.2945,1.8181,0.4114,-0.3000,-0.8607,0.14136,0.00000,7.233,0.933
20260527-223625-sentence-script-a-central-root-cylinder-b0ff51,497,16.276,16.567,1,0,1,curious_branch,switch_to_curious_branch,0,27,0,1250,17,17,0,0,0,133,0,380,380,3.68380,3.91215,3,0,0,2.0599,-1.1448,1.9987,1.7654,-4.2945,1.8181,0.4114,-0.3000,-0.8607,0.14136,0.00000,8.233,1.200
20260527-223625-sentence-script-a-central-root-cylinder-b0ff51,505,16.543,16.833,1,0,1,curious_branch,switch_to_curious_branch,0,27,0,1250,17,17,0,0,0,133,0,380,380,3.68380,3.91215,3,0,0,2.0599,-1.1448,1.9987,1.7654,-4.2945,1.8181,0.4114,-0.3000,-0.8607,0.14136,0.00000,8.233,1.467
20260527-223625-sentence-script-a-central-root-cylinder-b0ff51,513,16.810,17.100,1,0,1,curious_branch,switch_to_curious_branch,0,28,1,1250,17,17,0,0,0,133,0,380,380,3.68380,3.91215,3,0,0,2.8543,0.6056,-0.2807,0.0000,5.6500,0.0000,0.0006,-0.9962,0.0877,0.10500,0.00000,8.233,1.733
20260527-223625-sentence-script-a-central-root-cylinder-b0ff51,521,17.077,17.367,1,0,1,curious_branch,switch_to_curious_branch,0,28,0,1250,17,17,0,0,0,133,0,380,380,3.68380,3.91215,3,0,0,2.0599,-1.1448,1.9987,1.7654,-4.2945,1.8181,0.4114,-0.3000,-0.8607,0.14136,0.00000,8.233,0.233
20260527-223625-sentence-script-a-central-root-cylinder-b0ff51,529,17.344,17.633,1,0,1,curious_branch,switch_to_curious_branch,0,29,1,1250,17,17,0,0,0,133,0,380,380,3.68380,3.91215,3,0,0,2.8543,0.6056,-0.2807,0.0000,5.6500,0.0000,0.0164,-0.9983,-0.0553,0.10500,0.00000,9.233,0.500
20260527-223625-sentence-script-a-central-root-cylinder-b0ff51,537,17.610,17.900,1,0,1,curious_branch,switch_to_curious_branch,0,31,1,1250,17,17,0,0,0,133,0,380,380,3.68380,3.91215,3,0,0,2.8543,0.6056,-0.2807,0.0000,5.6500,0.0000,0.0786,-0.9940,-0.0760,0.10500,0.00000,9.233,0.067
20260527-223625-sentence-script-a-central-root-cylinder-b0ff51,545,17.877,18.167,1,0,1,curious_branch,switch_to_curious_branch,0,31,0,1250,17,17,0,0,0,133,0,380,380,3.68380,3.91215,3,0,0,2.0599,-1.1448,1.9987,1.7654,-4.2945,1.8181,0.4114,-0.3000,-0.8607,0.14136,0.00000,9.233,0.233
20260527-223625-sentence-script-a-central-root-cylinder-b0ff51,553,18.144,18.433,1,0,1,curious_branch,switch_to_curious_branch,0,32,0,1250,17,17,0,0,0,133,0,380,380,3.68380,3.91215,3,0,0,2.0599,-1.1448,1.9987,1.7654,-4.2945,1.8181,0.4114,-0.3000,-0.8607,0.14136,0.00000,9.233,0.033
20260527-223625-sentence-script-a-central-root-cylinder-b0ff51,561,18.410,18.700,1,0,1,curious_branch,switch_to_curious_branch,0,32,0,1250,17,17,0,0,0,133,0,380,380,3.68380,3.91215,3,0,0,2.0599,-1.1448,1.9987,1.7654,-4.2945,1.8181,0.4114,-0.3000,-0.8607,0.14136,0.00000,10.233,0.300
20260527-223625-sentence-script-a-central-root-cylinder-b0ff51,569,18.677,18.967,1,0,1,curious_branch,switch_to_curious_branch,0,32,0,1250,17,17,0,0,0,133,0,380,380,3.68380,3.91215,3,0,0,2.0599,-1.1448,1.9987,1.7654,-4.2945,1.8181,0.4114,-0.3000,-0.8607,0.14136,0.00000,10.233,0.567
20260527-223625-sentence-script-a-central-root-cylinder-b0ff51,577,18.944,19.233,1,0,1,curious_branch,switch_to_curious_branch,0,32,0,1250,17,17,0,0,0,133,0,380,380,3.68380,3.91215,3,0,0,2.0599,-1.1448,1.9987,1.7654,-4.2945,1.8181,0.4114,-0.3000,-0.8607,0.14136,0.00000,10.233,0.833
20260527-223625-sentence-script-a-central-root-cylinder-b0ff51,585,19.211,19.500,1,0,1,curious_branch,switch_to_curious_branch,0,32,0,1250,17,17,0,0,0,133,0,380,380,3.68380,3.91215,3,0,0,2.0599,-1.1448,1.9987,1.7654,-4.2945,1.8181,0.4114,-0.3000,-0.8607,0.14136,0.00000,11.233,1.100
20260527-223625-sentence-script-a-central-root-cylinder-b0ff51,593,19.478,19.767,1,0,1,curious_branch,switch_to_curious_branch,0,32,0,1250,17,17,0,0,0,133,0,380,380,3.68380,3.91215,3,0,0,2.0599,-1.1448,1.9987,1.7654,-4.2945,1.8181,0.4114,-0.3000,-0.8607,0.14136,0.00000,11.233,1.367
20260527-223625-sentence-script-a-central-root-cylinder-b0ff51,601,19.745,20.033,1,0,1,curious_branch,switch_to_curious_branch,0,33,0,1250,17,17,0,0,0,133,0,380,380,3.68380,3.91215,3,0,0,2.0599,-1.1448,1.9987,1.7654,-4.2945,1.8181,0.4114,-0.3000,-0.8607,0.14136,0.00000,11.233,0.200
20260527-223625-sentence-script-a-central-root-cylinder-b0ff51,609,20.012,20.300,1,0,1,curious_branch,switch_to_curious_branch,0,34,1,1250,17,17,0,0,0,133,0,380,380,3.68380,3.91215,3,0,0,2.8543,0.6056,-0.2807,0.0000,5.6500,0.0000,0.0752,-0.9952,0.0627,0.10500,0.00000,11.233,0.467
20260527-223625-sentence-script-a-central-root-cylinder-b0ff51,617,20.279,20.567,1,0,1,curious_branch,switch_to_curious_branch,0,35,0,1250,17,17,0,0,0,133,0,380,380,3.68380,3.91215,3,0,0,2.0599,-1.1448,1.9987,1.7654,-4.2945,1.8181,0.4114,-0.3000,-0.8607,0.14136,0.00000,12.233,0.067
20260527-223625-sentence-script-a-central-root-cylinder-b0ff51,625,20.545,20.833,1,0,1,curious_branch,switch_to_curious_branch,0,35,0,1250,17,17,0,0,0,133,0,380,380,3.68380,3.91215,3,0,0,2.0599,-1.1448,1.9987,1.7654,-4.2945,1.8181,0.4114,-0.3000,-0.8607,0.14136,0.00000,12.233,0.333
20260527-223625-sentence-script-a-central-root-cylinder-b0ff51,633,20.812,21.100,1,0,1,curious_branch,switch_to_curious_branch,0,35,0,1250,17,17,0,0,0,133,0,380,380,3.68380,3.91215,3,0,0,2.0599,-1.1448,1.9987,1.7654,-4.2945,1.8181,0.4114,-0.3000,-0.8607,0.14136,0.00000,12.233,0.600
20260527-223625-sentence-script-a-central-root-cylinder-b0ff51,641,21.078,21.367,1,0,1,curious_branch,switch_to_curious_branch,0,35,0,1250,17,17,0,0,0,133,0,380,380,3.68380,3.91215,3,0,0,2.0599,-1.1448,1.9987,1.7654,-4.2945,1.8181,0.4114,-0.3000,-0.8607,0.14136,0.00000,12.233,0.867
20260527-223625-sentence-script-a-central-root-cylinder-b0ff51,649,21.345,21.633,1,0,1,curious_branch,switch_to_curious_branch,0,35,0,1250,17,17,0,0,0,133,0,380,380,3.68380,3.91215,3,0,0,2.0599,-1.1448,1.9987,1.7654,-4.2945,1.8181,0.4114,-0.3000,-0.8607,0.14136,0.00000,13.233,1.133
20260527-223625-sentence-script-a-central-root-cylinder-b0ff51,657,21.612,21.900,1,0,1,curious_branch,switch_to_curious_branch,0,35,0,1250,17,17,0,0,0,133,0,380,380,3.68380,3.91215,3,0,0,2.0599,-1.1448,1.9987,1.7654,-4.2945,1.8181,0.4114,-0.3000,-0.8607,0.14136,0.00000,13.233,1.400
20260527-223625-sentence-script-a-central-root-cylinder-b0ff51,665,21.879,22.167,1,0,1,curious_branch,switch_to_curious_branch,0,36,0,1250,17,17,0,0,0,133,0,380,380,3.68380,3.91215,3,0,0,2.0599,-1.1448,1.9987,1.7654,-4.2945,1.8181,0.4114,-0.3000,-0.8607,0.14136,0.00000,13.233,0.100
20260527-223625-sentence-script-a-central-root-cylinder-b0ff51,673,22.145,22.433,1,0,1,curious_branch,switch_to_curious_branch,0,37,1,1250,17,17,0,0,0,133,0,380,380,3.68380,3.91215,3,0,0,2.8543,0.6056,-0.2807,0.0000,5.6500,0.0000,0.0673,-0.9974,-0.0269,0.10500,0.00000,13.233,0.367
20260527-223625-sentence-script-a-central-root-cylinder-b0ff51,681,22.411,22.700,1,0,1,curious_branch,switch_to_curious_branch,0,37,0,1250,17,17,0,0,0,133,0,380,380,3.68380,3.91215,3,0,0,2.0599,-1.1448,1.9987,1.7654,-4.2945,1.8181,0.4114,-0.3000,-0.8607,0.14136,0.00000,14.233,0.233
20260527-223625-sentence-script-a-central-root-cylinder-b0ff51,689,22.678,22.967,1,0,1,curious_branch,switch_to_curious_branch,0,37,0,1250,17,17,0,0,0,133,0,380,380,3.68380,3.91215,3,0,0,2.0599,-1.1448,1.9987,1.7654,-4.2945,1.8181,0.4114,-0.3000,-0.8607,0.14136,0.00000,14.233,0.500
20260527-223625-sentence-script-a-central-root-cylinder-b0ff51,697,22.945,23.233,1,0,1,curious_branch,switch_to_curious_branch,0,37,0,1250,17,17,0,0,0,133,0,380,380,3.68380,3.91215,3,0,0,2.0599,-1.1448,1.9987,1.7654,-4.2945,1.8181,0.4114,-0.3000,-0.8607,0.14136,0.00000,14.233,0.767
20260527-223625-sentence-script-a-central-root-cylinder-b0ff51,705,23.214,23.500,2,0,1,careful_seek,new_round,0,1,1,8,0,0,0,0,0,8,0,0,0,0.00000,6.97062,0,0,0,2.5484,1.7857,-1.8420,0.1422,4.9773,-0.0921,0.2566,-0.9445,-0.2051,0.11800,0.00000,0.000,0.000
20260527-223625-sentence-script-a-central-root-cylinder-b0ff51,713,23.481,23.767,2,0,1,careful_seek,new_round,0,1,1,16,0,0,0,0,0,8,0,0,0,0.00000,6.97062,0,0,0,2.5484,1.7857,-1.8420,0.4821,4.2727,-0.2261,0.6581,-0.7436,-0.1178,0.11800,0.00000,0.000,0.000
20260527-223625-sentence-script-a-central-root-cylinder-b0ff51,721,23.748,24.033,2,0,1,careful_seek,new_round,0,1,1,24,0,0,0,0,0,8,0,0,0,0.00000,6.97062,0,0,0,2.5484,1.7857,-1.8420,0.3192,3.6236,-0.4325,-0.5907,-0.7561,-0.2820,0.11800,0.00000,0.000,0.000
20260527-223625-sentence-script-a-central-root-cylinder-b0ff51,729,24.015,24.300,2,0,1,careful_seek,new_round,0,1,1,32,0,0,0,0,0,8,0,0,0,0.00000,6.97062,0,0,0,2.5484,1.7857,-1.8420,-0.0825,3.0765,-0.7989,-0.4120,-0.6728,-0.6145,0.11800,0.00000,0.000,0.000
20260527-223625-sentence-script-a-central-root-cylinder-b0ff51,737,24.281,24.567,2,0,1,careful_seek,new_round,0,1,1,40,0,0,0,0,0,9,0,0,0,0.00000,6.97062,0,0,0,2.5484,1.7857,-1.8420,-0.1489,2.6197,-1.3301,0.1628,-0.6097,-0.7757,0.11800,0.00000,0.000,0.000
20260527-223625-sentence-script-a-central-root-cylinder-b0ff51,745,24.549,24.833,2,0,1,careful_seek,new_round,0,1,1,48,0,0,0,0,0,10,0,0,0,0.00000,6.97062,0,0,0,2.5484,1.7857,-1.8420,0.2564,2.2211,-1.8119,0.7693,-0.4763,-0.4259,0.11800,0.00000,0.000,0.000
20260527-223625-sentence-script-a-central-root-cylinder-b0ff51,753,24.817,25.100,2,0,1,careful_seek,new_round,0,1,1,56,0,0,0,0,0,10,0,0,0,0.00000,6.97062,0,0,0,2.5484,1.7857,-1.8420,0.9436,1.8856,-1.8782,0.8238,-0.5016,0.2643,0.11800,0.00000,0.000,0.000
20260527-223625-sentence-script-a-central-root-cylinder-b0ff51,761,25.083,25.367,2,0,1,careful_seek,new_round,0,1,1,64,0,0,0,0,0,10,0,0,0,0.00000,6.97062,0,0,0,2.5484,1.7857,-1.8420,1.5681,1.5750,-1.6976,0.9689,-0.2309,0.0892,0.11800,0.00000,0.000,0.000
20260527-223625-sentence-script-a-central-root-cylinder-b0ff51,769,25.351,25.633,2,0,1,careful_seek,new_round,0,1,1,72,0,0,0,0,0,12,0,5,5,0.04785,6.92277,0,0,0,2.5484,1.7857,-1.8420,2.3047,1.6350,-1.7963,0.9484,0.2726,-0.1620,0.12015,0.00000,0.000,0.000
20260527-223625-sentence-script-a-central-root-cylinder-b0ff51,777,25.618,25.900,2,0,1,careful_seek,new_round,0,1,1,80,0,0,0,0,0,13,0,13,13,0.12748,6.84314,0,0,0,2.5484,1.7857,-1.8420,2.5578,1.8066,-1.8327,0.2222,0.9527,0.2072,0.12374,0.00000,0.000,0.000
20260527-223625-sentence-script-a-central-root-cylinder-b0ff51,785,25.885,26.167,2,0,1,careful_seek,new_round,0,1,1,88,0,0,0,0,0,13,0,21,21,0.20296,6.76766,0,0,0,2.5484,1.7857,-1.8420,2.5479,1.7793,-1.8402,-0.1058,-0.9941,0.0241,0.12713,0.00000,0.000,0.000
20260527-223625-sentence-script-a-central-root-cylinder-b0ff51,793,26.151,26.433,2,0,1,careful_seek,new_round,0,1,1,96,0,0,0,0,0,16,0,29,29,0.27883,6.69179,0,0,0,2.5484,1.7857,-1.8420,2.5237,1.7908,-1.8242,-0.6232,0.6831,0.3807,0.13055,0.00000,0.000,0.000
20260527-223625-sentence-script-a-central-root-cylinder-b0ff51,801,26.418,26.700,2,0,1,careful_seek,new_round,0,1,1,104,0,0,0,0,0,16,0,37,37,0.35195,6.61867,0,0,0,2.5484,1.7857,-1.8420,2.5262,1.7310,-1.8221,-0.3996,-0.8342,0.3800,0.13384,0.00000,0.000,0.000
20260527-223625-sentence-script-a-central-root-cylinder-b0ff51,809,26.684,26.967,2,0,1,careful_seek,new_round,0,2,2,119,1,1,0,0,0,23,0,52,52,0.49525,6.47537,0,0,0,2.5484,1.7857,-1.8420,2.5355,1.7732,-1.7948,-0.2539,-0.1615,0.9536,0.13716,0.00000,0.000,0.000
20260527-223625-sentence-script-a-central-root-cylinder-b0ff51,817,26.951,27.233,2,0,1,careful_seek,new_round,0,2,2,135,1,1,0,0,0,27,0,68,68,0.65544,6.31518,0,0,0,2.5484,1.7857,-1.8420,2.5298,1.7782,-1.7997,-0.3949,0.0753,0.9156,0.14038,0.00000,0.000,0.000
20260527-223625-sentence-script-a-central-root-cylinder-b0ff51,825,27.218,27.500,2,0,1,careful_seek,new_round,0,2,2,151,1,1,0,0,0,34,0,84,84,0.81059,6.16003,0,0,0,2.5484,1.7857,-1.8420,2.5533,1.8405,-1.8433,0.0811,0.9965,-0.0215,0.14407,0.00000,0.000,0.000
20260527-223625-sentence-script-a-central-root-cylinder-b0ff51,833,27.485,27.767,2,0,1,careful_seek,new_round,0,2,2,167,1,1,0,0,0,34,0,100,100,0.96515,6.00547,0,0,0,2.5484,1.7857,-1.8420,2.5496,1.8304,-1.8308,-0.0118,0.9863,0.1648,0.14763,0.00000,0.000,0.000
20260527-223625-sentence-script-a-central-root-cylinder-b0ff51,841,27.752,28.033,2,0,1,careful_seek,new_round,0,2,2,183,1,1,0,0,0,38,0,116,116,1.10863,5.86199,0,0,0,2.5484,1.7857,-1.8420,2.5624,1.8381,-1.8406,0.2156,0.9762,0.0245,0.15090,0.00000,0.000,0.000
20260527-223625-sentence-script-a-central-root-cylinder-b0ff51,849,28.019,28.300,2,0,1,careful_seek,new_round,0,2,2,199,1,1,0,0,0,42,0,132,132,1.25221,5.71841,0,0,0,2.5484,1.7857,-1.8420,2.5502,1.8362,-1.8534,0.0496,0.9830,-0.1767,0.15429,0.00000,0.000,0.000
20260527-223625-sentence-script-a-central-root-cylinder-b0ff51,857,28.286,28.567,2,0,1,careful_seek,new_round,0,2,2,215,1,1,0,0,0,44,0,148,148,1.40242,5.56820,0,0,0,2.5484,1.7857,-1.8420,2.5529,1.8223,-1.8571,0.0669,0.9564,-0.2843,0.15776,0.00000,0.000,0.000
20260527-223625-sentence-script-a-central-root-cylinder-b0ff51,865,28.552,28.833,2,0,1,careful_seek,new_round,0,3,3,237,2,2,0,0,0,47,0,165,165,1.56036,5.39617,1,0,0,2.8953,-2.7516,-1.3156,2.5726,1.6562,-1.8414,0.1694,-0.9853,0.0218,0.16064,0.00000,0.000,0.000
20260527-223625-sentence-script-a-central-root-cylinder-b0ff51,873,28.819,29.100,2,0,1,careful_seek,new_round,0,3,3,261,2,2,0,0,0,47,0,165,165,1.56036,5.39617,1,0,0,2.8953,-2.7516,-1.3156,2.5942,0.9125,-1.8112,0.0152,-0.9990,0.0431,0.16064,0.00000,0.000,0.000
20260527-223625-sentence-script-a-central-root-cylinder-b0ff51,881,29.086,29.367,2,0,1,careful_seek,new_round,0,4,4,288,3,3,0,0,0,47,0,165,165,1.56036,5.39617,1,0,0,2.8953,-2.7516,-1.3156,2.5972,0.1910,-1.7658,0.0088,-0.9980,0.0622,0.16064,0.00000,0.000,0.000
20260527-223625-sentence-script-a-central-root-cylinder-b0ff51,889,29.354,29.633,2,0,1,careful_seek,new_round,0,4,4,320,3,3,0,0,0,47,0,165,165,1.56036,5.39617,1,0,0,2.8953,-2.7516,-1.3156,2.6357,-0.5569,-1.7128,0.0562,-0.9949,0.0840,0.16064,0.00000,0.000,0.000
20260527-223625-sentence-script-a-central-root-cylinder-b0ff51,897,29.621,29.900,2,0,1,careful_seek,new_round,0,4,4,352,3,3,0,0,0,47,0,165,165,1.56036,5.39617,1,0,0,2.8953,-2.7516,-1.3156,2.6984,-1.3141,-1.6243,0.0986,-0.9876,0.1219,0.16064,0.00000,0.000,0.000
20260527-223625-sentence-script-a-central-root-cylinder-b0ff51,905,29.889,30.167,2,0,1,careful_seek,new_round,0,4,4,384,3,3,0,0,0,47,0,165,165,1.56036,5.39617,1,0,0,2.8953,-2.7516,-1.3156,2.7787,-2.0477,-1.5032,0.1058,-0.9757,0.1917,0.16064,0.00000,0.000,0.000
20260527-223625-sentence-script-a-central-root-cylinder-b0ff51,913,30.156,30.433,2,0,1,careful_seek,new_round,0,4,4,416,3,3,0,0,0,50,0,197,197,1.87371,5.08281,1,0,0,2.8953,-2.7516,-1.3156,2.8984,-2.7810,-1.3119,0.2135,-0.9215,0.3246,0.16421,0.00000,0.000,0.000
20260527-223625-sentence-script-a-central-root-cylinder-b0ff51,921,30.423,30.700,2,0,1,careful_seek,new_round,0,4,4,448,3,3,0,0,0,56,0,229,229,2.18604,4.77049,1,0,0,2.8953,-2.7516,-1.3156,2.8930,-2.7701,-1.3163,-0.0252,-0.9942,-0.1049,0.16791,0.00000,0.000,0.000
20260527-223625-sentence-script-a-central-root-cylinder-b0ff51,929,30.691,30.967,2,0,1,careful_seek,new_round,0,4,4,480,3,3,0,0,0,59,0,261,261,2.48775,4.46878,1,0,0,2.8953,-2.7516,-1.3156,2.8930,-2.7816,-1.3185,-0.0182,-0.9743,-0.2244,0.17136,0.00000,0.000,0.000
20260527-223625-sentence-script-a-central-root-cylinder-b0ff51,937,30.958,31.233,2,0,1,careful_seek,new_round,0,4,4,512,3,3,0,0,0,63,0,293,293,2.79950,4.15703,1,0,0,2.8953,-2.7516,-1.3156,2.9006,-2.7830,-1.3148,0.2171,-0.9759,-0.0211,0.17485,0.00000,0.000,0.000
20260527-223625-sentence-script-a-central-root-cylinder-b0ff51,945,31.224,31.500,2,0,1,careful_seek,new_round,0,5,5,544,4,4,0,0,0,66,0,325,325,3.10021,3.85631,1,0,0,2.8953,-2.7516,-1.3156,2.8953,-2.7777,-1.3142,0.0740,-0.9972,-0.0091,0.17843,0.00000,0.000,0.000
20260527-223625-sentence-script-a-central-root-cylinder-b0ff51,953,31.491,31.767,2,0,1,careful_seek,new_round,0,6,6,590,5,5,0,0,0,68,0,332,332,3.16888,3.76852,2,0,0,3.1067,-2.6050,-0.0111,3.0018,-2.7382,-0.6546,0.1675,-0.0859,0.9821,0.17933,0.00000,0.000,0.000
20260527-223625-sentence-script-a-central-root-cylinder-b0ff51,961,31.759,32.033,2,0,1,constructive_thicken,switch_to_constructive_thicken,0,6,6,638,5,5,0,0,0,76,0,373,373,4.24789,2.68951,2,0,0,3.1067,-2.6050,-0.0111,3.0959,-2.6860,-0.0846,0.1693,0.3292,0.9290,0.18825,0.00000,0.000,0.000
20260527-223625-sentence-script-a-central-root-cylinder-b0ff51,969,32.029,32.300,2,0,1,constructive_thicken,switch_to_constructive_thicken,0,6,6,686,5,5,0,0,0,80,0,388,388,4.64073,2.29666,3,0,0,-0.1799,-1.1052,1.6076,2.9505,-2.9661,-0.0841,-0.5118,-0.8485,0.1349,0.19154,0.00000,0.000,0.000
20260527-223625-sentence-script-a-central-root-cylinder-b0ff51,977,32.299,32.567,2,0,1,constructive_thicken,switch_to_constructive_thicken,0,6,6,734,5,5,0,0,0,81,0,388,388,4.64073,2.29666,3,0,0,-0.1799,-1.1052,1.6076,2.6371,-3.4555,0.0608,-0.5166,-0.8166,0.2574,0.19154,0.00000,0.000,0.000
20260527-223625-sentence-script-a-central-root-cylinder-b0ff51,985,32.568,32.833,2,0,1,constructive_thicken,switch_to_constructive_thicken,0,6,6,782,5,5,0,0,0,81,0,388,388,4.64073,2.29666,3,0,0,-0.1799,-1.1052,1.6076,2.3203,-3.9512,0.2220,-0.5001,-0.8226,0.2707,0.19154,0.00000,0.000,0.000
20260527-223625-sentence-script-a-central-root-cylinder-b0ff51,993,32.836,33.100,2,0,1,constructive_thicken,switch_to_constructive_thicken,0,6,6,830,5,5,0,0,0,81,0,388,388,4.64073,2.29666,3,0,0,-0.1799,-1.1052,1.6076,2.0238,-4.4519,0.3838,-0.4310,-0.8649,0.2572,0.19154,0.00000,0.000,0.000
20260527-223625-sentence-script-a-central-root-cylinder-b0ff51,1001,33.102,33.367,2,0,1,constructive_thicken,switch_to_constructive_thicken,0,6,6,878,5,5,0,0,0,81,0,388,388,4.64073,2.29666,3,0,0,-0.1799,-1.1052,1.6076,1.7755,-4.9511,0.5185,-0.3837,-0.9014,0.2005,0.19154,0.00000,0.000,0.000
20260527-223625-sentence-script-a-central-root-cylinder-b0ff51,1009,33.369,33.633,2,0,1,constructive_thicken,switch_to_constructive_thicken,0,6,4,922,5,5,0,0,0,83,0,388,388,4.64073,2.29666,3,0,0,-0.1799,-1.1052,1.6076,1.2935,-5.2798,0.8187,-0.3716,-0.9070,0.1980,0.16407,0.00000,0.000,0.000
20260527-223625-sentence-script-a-central-root-cylinder-b0ff51,1017,33.635,33.900,2,0,1,constructive_thicken,switch_to_constructive_thicken,0,6,1,939,5,5,0,0,0,86,0,388,388,4.64073,2.29666,3,0,0,-0.1799,-1.1052,1.6076,0.6849,-5.1017,1.4314,-0.3877,-0.9053,0.1736,0.11844,0.00000,0.000,0.000
20260527-223625-sentence-script-a-central-root-cylinder-b0ff51,1025,33.901,34.167,2,0,1,constructive_thicken,switch_to_constructive_thicken,0,7,1,943,5,5,0,0,0,87,0,388,388,4.64073,2.29666,3,0,0,-0.1799,-1.1052,1.6076,0.0026,5.5827,0.0039,0.0389,-0.9976,0.0573,0.10500,0.00000,0.000,0.000
20260527-223625-sentence-script-a-central-root-cylinder-b0ff51,1033,34.168,34.433,2,0,1,constructive_thicken,switch_to_constructive_thicken,0,7,1,951,5,5,0,0,0,87,0,388,388,4.64073,2.29666,3,0,0,-0.1799,-1.1052,1.6076,0.0039,4.9478,0.0304,-0.0279,-0.9992,0.0282,0.10500,0.00000,0.000,0.000
20260527-223625-sentence-script-a-central-root-cylinder-b0ff51,1041,34.435,34.700,2,0,1,constructive_thicken,switch_to_constructive_thicken,0,7,1,959,5,5,0,0,0,87,0,388,388,4.64073,2.29666,3,0,0,-0.1799,-1.1052,1.6076,-0.0105,4.3283,0.0784,-0.0457,-0.9956,0.0813,0.10500,0.00000,0.000,0.000
20260527-223625-sentence-script-a-central-root-cylinder-b0ff51,1049,34.702,34.967,2,0,1,constructive_thicken,switch_to_constructive_thicken,0,7,1,967,5,5,0,0,0,87,0,388,388,4.64073,2.29666,3,0,0,-0.1799,-1.1052,1.6076,-0.1254,3.7218,0.0844,-0.2574,-0.9661,-0.0185,0.10500,0.00000,0.000,0.000
20260527-223625-sentence-script-a-central-root-cylinder-b0ff51,1057,34.969,35.233,2,0,1,constructive_thicken,switch_to_constructive_thicken,0,7,1,975,5,5,0,0,0,87,0,388,388,4.64073,2.29666,3,0,0,-0.1799,-1.1052,1.6076,-0.2871,3.1151,0.0595,-0.1997,-0.9785,-0.0521,0.10500,0.00000,0.000,0.000
20260527-223625-sentence-script-a-central-root-cylinder-b0ff51,1065,35.236,35.500,2,0,1,constructive_thicken,switch_to_constructive_thicken,0,7,1,983,5,5,0,0,0,87,0,388,388,4.64073,2.29666,3,0,0,-0.1799,-1.1052,1.6076,-0.3591,2.5110,0.0829,-0.0201,-0.9872,0.1581,0.10500,0.00000,0.000,0.000
20260527-223625-sentence-script-a-central-root-cylinder-b0ff51,1073,35.517,35.767,2,0,1,constructive_thicken,switch_to_constructive_thicken,0,7,1,991,5,5,0,0,0,87,0,388,388,4.64073,2.29666,3,0,0,-0.1799,-1.1052,1.6076,-0.3645,1.9001,0.1764,-0.0174,-0.9832,0.1818,0.10500,0.00000,0.000,0.000
20260527-223625-sentence-script-a-central-root-cylinder-b0ff51,1081,35.788,36.033,2,0,1,constructive_thicken,switch_to_constructive_thicken,0,7,1,999,5,5,0,0,0,87,0,388,388,4.64073,2.29666,3,0,0,-0.1799,-1.1052,1.6076,-0.3565,1.2965,0.3019,0.0144,-0.9793,0.2020,0.10500,0.00000,0.000,0.000
20260527-223625-sentence-script-a-central-root-cylinder-b0ff51,1089,36.055,36.300,2,0,1,constructive_thicken,switch_to_constructive_thicken,0,7,1,1007,5,5,0,0,0,87,0,388,388,4.64073,2.29666,3,0,0,-0.1799,-1.1052,1.6076,-0.3342,0.7198,0.4372,0.0469,-0.9667,0.2516,0.10500,0.00000,0.000,0.000
20260527-223625-sentence-script-a-central-root-cylinder-b0ff51,1097,36.322,36.567,2,0,1,constructive_thicken,switch_to_constructive_thicken,0,7,1,1015,5,5,0,0,0,88,0,388,388,4.64073,2.29666,3,0,0,-0.1799,-1.1052,1.6076,-0.3067,0.1963,0.7079,0.0750,-0.8578,0.5084,0.10500,0.00000,0.000,0.000
20260527-223625-sentence-script-a-central-root-cylinder-b0ff51,1105,36.588,36.833,2,0,1,constructive_thicken,switch_to_constructive_thicken,0,7,1,1023,5,5,0,0,0,88,0,388,388,4.64073,2.29666,3,0,0,-0.1799,-1.1052,1.6076,-0.1943,-0.3527,0.9366,0.2429,-0.8991,0.3642,0.10500,0.00000,0.000,0.000
20260527-223625-sentence-script-a-central-root-cylinder-b0ff51,1113,36.855,37.100,2,0,1,constructive_thicken,switch_to_constructive_thicken,0,7,1,1031,5,5,0,0,0,89,0,391,391,4.71493,2.22247,3,0,0,-0.1799,-1.1052,1.6076,-0.1110,-0.8585,1.2426,0.0301,-0.7754,0.6307,0.10834,0.00000,0.000,0.000
20260527-223625-sentence-script-a-central-root-cylinder-b0ff51,1121,37.122,37.367,2,0,1,constructive_thicken,switch_to_constructive_thicken,0,7,1,1039,5,5,0,0,0,90,0,399,399,4.90475,2.03265,3,0,0,-0.1799,-1.1052,1.6076,-0.1725,-1.1239,1.5929,0.4338,-0.3964,-0.8091,0.11688,0.00000,0.000,0.000
20260527-223625-sentence-script-a-central-root-cylinder-b0ff51,1129,37.389,37.633,2,0,1,constructive_thicken,switch_to_constructive_thicken,0,7,1,1047,5,5,0,0,0,92,0,407,407,5.10605,1.83135,3,0,0,-0.1799,-1.1052,1.6076,-0.1759,-1.1338,1.6008,0.1463,-0.9816,-0.1228,0.12594,0.00000,0.000,0.000
20260527-223625-sentence-script-a-central-root-cylinder-b0ff51,1137,37.655,37.900,2,0,1,constructive_thicken,switch_to_constructive_thicken,0,7,1,1055,5,5,0,0,0,97,0,415,415,5.32308,1.61432,3,0,0,-0.1799,-1.1052,1.6076,-0.1553,-1.0758,1.5914,0.5782,0.6991,-0.4207,0.13571,0.00000,0.000,0.000
20260527-223625-sentence-script-a-central-root-cylinder-b0ff51,1145,37.922,38.167,2,0,1,constructive_thicken,switch_to_constructive_thicken,0,7,1,1063,5,5,0,0,0,99,0,422,422,5.49570,1.44170,4,0,0,-1.0709,-2.5062,-2.0147,-0.1822,-1.0639,1.5162,-0.0329,0.0356,-0.9988,0.14347,0.00000,0.000,0.000
20260527-223625-sentence-script-a-central-root-cylinder-b0ff51,1153,38.189,38.433,2,0,1,constructive_thicken,switch_to_constructive_thicken,0,7,1,1071,5,5,0,0,0,99,0,422,422,5.49570,1.44170,4,0,0,-1.0709,-2.5062,-2.0147,-0.4303,-1.5395,1.2199,-0.4938,-0.8072,-0.3233,0.14347,0.00000,0.000,0.000
20260527-223625-sentence-script-a-central-root-cylinder-b0ff51,1161,38.455,38.700,2,0,1,constructive_thicken,switch_to_constructive_thicken,0,7,1,1079,5,5,0,0,0,99,0,422,422,5.49570,1.44170,4,0,0,-1.0709,-2.5062,-2.0147,-0.7548,-2.0005,0.9915,-0.5119,-0.7439,-0.4297,0.14347,0.00000,0.000,0.000
20260527-223625-sentence-script-a-central-root-cylinder-b0ff51,1169,38.722,38.967,2,0,1,constructive_thicken,switch_to_constructive_thicken,0,8,2,1089,6,6,0,0,0,100,0,422,422,5.49570,1.44170,4,0,0,-1.0709,-2.5062,-2.0147,-1.0867,-2.4610,0.8495,-0.7447,-0.6158,-0.2571,0.14347,0.00000,0.000,0.000
20260527-223625-sentence-script-a-central-root-cylinder-b0ff51,1177,38.989,39.233,2,0,1,constructive_thicken,switch_to_constructive_thicken,0,8,2,1105,6,6,0,0,0,100,0,422,422,5.49570,1.44170,4,0,0,-1.0709,-2.5062,-2.0147,-1.1139,-2.6366,0.3703,0.5669,-0.1865,-0.8024,0.14347,0.00000,0.000,0.000
20260527-223625-sentence-script-a-central-root-cylinder-b0ff51,1185,39.256,39.500,2,0,1,constructive_thicken,switch_to_constructive_thicken,0,8,2,1121,6,6,0,0,0,100,0,422,422,5.49570,1.44170,4,0,0,-1.0709,-2.5062,-2.0147,-0.6775,-2.8056,0.0231,0.7711,-0.3620,-0.5238,0.14347,0.00000,0.000,0.000
20260527-223625-sentence-script-a-central-root-cylinder-b0ff51,1193,39.523,39.767,2,0,1,constructive_thicken,switch_to_constructive_thicken,0,8,2,1137,6,6,0,0,0,100,0,422,422,5.49570,1.44170,4,0,0,-1.0709,-2.5062,-2.0147,-0.2904,-3.1450,-0.2528,0.5385,-0.7033,-0.4641,0.14347,0.00000,0.000,0.000
20260527-223625-sentence-script-a-central-root-cylinder-b0ff51,1201,39.789,40.033,2,0,1,constructive_thicken,switch_to_constructive_thicken,0,8,2,1153,6,6,0,0,0,100,0,422,422,5.49570,1.44170,4,0,0,-1.0709,-2.5062,-2.0147,-0.2127,-3.4311,-0.7447,-0.0988,-0.3117,-0.9450,0.14347,0.00000,0.000,0.000
20260527-223625-sentence-script-a-central-root-cylinder-b0ff51,1209,40.056,40.300,2,0,1,curious_branch,switch_to_curious_branch,0,8,2,1169,6,6,0,0,0,100,0,422,422,5.49570,1.44170,4,0,0,-1.0709,-2.5062,-2.0147,-0.5470,-3.5460,-1.2353,-0.6481,-0.0962,-0.7554,0.14347,0.00000,0.000,0.000
20260527-223625-sentence-script-a-central-root-cylinder-b0ff51,1217,40.323,40.567,2,0,1,curious_branch,switch_to_curious_branch,0,10,4,1191,8,8,0,0,0,100,0,422,422,5.49570,1.44170,4,0,0,-1.0709,-2.5062,-2.0147,-0.9437,-3.3144,-1.8959,-0.4322,0.7850,-0.4439,0.14347,0.00000,0.000,0.000
20260527-223625-sentence-script-a-central-root-cylinder-b0ff51,1225,40.590,40.833,2,0,1,curious_branch,switch_to_curious_branch,0,10,4,1223,8,8,0,0,0,106,0,444,444,5.71871,1.21869,4,0,0,-1.0709,-2.5062,-2.0147,-1.0729,-2.4608,-2.0142,0.0545,0.9979,0.0336,0.14632,0.00000,0.000,0.000
20260527-223625-sentence-script-a-central-root-cylinder-b0ff51,1233,40.858,41.100,2,0,1,curious_branch,switch_to_curious_branch,0,10,0,1250,8,8,0,0,0,112,0,471,471,5.97616,0.96124,4,0,0,-1.0709,-2.5062,-2.0147,1.6323,-5.2963,0.6107,-0.3716,-0.8911,0.2603,0.19154,0.00000,0.000,0.000
20260527-223625-sentence-script-a-central-root-cylinder-b0ff51,1241,41.124,41.367,2,0,1,curious_branch,switch_to_curious_branch,0,10,0,1250,8,8,0,0,0,112,0,471,471,5.97616,0.96124,4,0,0,-1.0709,-2.5062,-2.0147,1.6323,-5.2963,0.6107,-0.3716,-0.8911,0.2603,0.19154,0.00000,0.000,0.267
20260527-223625-sentence-script-a-central-root-cylinder-b0ff51,1249,41.390,41.633,2,0,1,curious_branch,switch_to_curious_branch,0,11,0,1250,8,8,0,0,0,112,0,471,471,5.97616,0.96124,4,0,0,-1.0709,-2.5062,-2.0147,1.6323,-5.2963,0.6107,-0.3716,-0.8911,0.2603,0.19154,0.00000,0.000,0.167
20260527-223625-sentence-script-a-central-root-cylinder-b0ff51,1257,41.656,41.900,2,0,1,curious_branch,switch_to_curious_branch,0,13,0,1250,8,8,0,0,0,112,0,471,471,5.97616,0.96124,4,0,0,-1.0709,-2.5062,-2.0147,1.6323,-5.2963,0.6107,-0.3716,-0.8911,0.2603,0.19154,0.00000,0.000,0.033
20260527-223625-sentence-script-a-central-root-cylinder-b0ff51,1265,41.922,42.167,2,0,1,curious_branch,switch_to_curious_branch,0,13,0,1250,8,8,0,0,0,112,0,471,471,5.97616,0.96124,4,0,0,-1.0709,-2.5062,-2.0147,1.6323,-5.2963,0.6107,-0.3716,-0.8911,0.2603,0.19154,0.00000,0.000,0.300
20260527-223625-sentence-script-a-central-root-cylinder-b0ff51,1273,42.189,42.433,2,0,1,curious_branch,switch_to_curious_branch,0,13,0,1250,8,8,0,0,0,112,0,471,471,5.97616,0.96124,4,0,0,-1.0709,-2.5062,-2.0147,1.6323,-5.2963,0.6107,-0.3716,-0.8911,0.2603,0.19154,0.00000,0.000,0.567
20260527-223625-sentence-script-a-central-root-cylinder-b0ff51,1281,42.456,42.700,2,0,1,curious_branch,switch_to_curious_branch,0,14,0,1250,8,8,0,0,0,112,0,471,471,5.97616,0.96124,4,0,0,-1.0709,-2.5062,-2.0147,1.6323,-5.2963,0.6107,-0.3716,-0.8911,0.2603,0.19154,0.00000,1.033,0.067
20260527-223625-sentence-script-a-central-root-cylinder-b0ff51,1289,42.723,42.967,2,0,1,curious_branch,switch_to_curious_branch,0,15,0,1250,8,8,0,0,0,112,0,471,471,5.97616,0.96124,4,0,0,-1.0709,-2.5062,-2.0147,1.6323,-5.2963,0.6107,-0.3716,-0.8911,0.2603,0.19154,0.00000,1.033,0.067
20260527-223625-sentence-script-a-central-root-cylinder-b0ff51,1297,42.990,43.233,2,0,1,curious_branch,switch_to_curious_branch,0,15,0,1250,8,8,0,0,0,112,0,471,471,5.97616,0.96124,4,0,0,-1.0709,-2.5062,-2.0147,1.6323,-5.2963,0.6107,-0.3716,-0.8911,0.2603,0.19154,0.00000,1.033,0.333
20260527-223625-sentence-script-a-central-root-cylinder-b0ff51,1305,43.256,43.500,2,0,1,curious_branch,switch_to_curious_branch,0,15,0,1250,8,8,0,0,0,112,0,471,471,5.97616,0.96124,4,0,0,-1.0709,-2.5062,-2.0147,1.6323,-5.2963,0.6107,-0.3716,-0.8911,0.2603,0.19154,0.00000,1.033,0.600
20260527-223625-sentence-script-a-central-root-cylinder-b0ff51,1313,43.523,43.767,2,0,1,curious_branch,switch_to_curious_branch,0,15,0,1250,8,8,0,0,0,112,0,471,471,5.97616,0.96124,4,0,0,-1.0709,-2.5062,-2.0147,1.6323,-5.2963,0.6107,-0.3716,-0.8911,0.2603,0.19154,0.00000,2.067,0.867
20260527-223625-sentence-script-a-central-root-cylinder-b0ff51,1321,43.790,44.033,2,0,1,curious_branch,switch_to_curious_branch,0,15,0,1250,8,8,0,0,0,112,0,471,471,5.97616,0.96124,4,0,0,-1.0709,-2.5062,-2.0147,1.6323,-5.2963,0.6107,-0.3716,-0.8911,0.2603,0.19154,0.00000,2.067,1.133
20260527-223625-sentence-script-a-central-root-cylinder-b0ff51,1329,44.057,44.300,2,0,1,curious_branch,switch_to_curious_branch,0,15,0,1250,8,8,0,0,0,112,0,471,471,5.97616,0.96124,4,0,0,-1.0709,-2.5062,-2.0147,1.6323,-5.2963,0.6107,-0.3716,-0.8911,0.2603,0.19154,0.00000,2.067,1.400
20260527-223625-sentence-script-a-central-root-cylinder-b0ff51,1337,44.324,44.567,2,0,1,curious_branch,switch_to_curious_branch,0,15,0,1250,8,8,0,0,0,112,0,471,471,5.97616,0.96124,4,0,0,-1.0709,-2.5062,-2.0147,1.6323,-5.2963,0.6107,-0.3716,-0.8911,0.2603,0.19154,0.00000,2.067,1.667
20260527-223625-sentence-script-a-central-root-cylinder-b0ff51,1345,44.591,44.833,2,0,1,curious_branch,switch_to_curious_branch,0,16,1,1250,8,8,0,0,0,112,0,471,471,5.97616,0.96124,4,0,0,-1.0709,-2.5062,-2.0147,0.0000,5.6500,0.0000,-0.0452,-0.9987,-0.0243,0.10500,0.00000,3.100,1.933
20260527-223625-sentence-script-a-central-root-cylinder-b0ff51,1353,44.859,45.100,2,0,1,curious_branch,switch_to_curious_branch,0,16,0,1250,8,8,0,0,0,112,0,471,471,5.97616,0.96124,4,0,0,-1.0709,-2.5062,-2.0147,1.6323,-5.2963,0.6107,-0.3716,-0.8911,0.2603,0.19154,0.00000,3.100,0.233
20260527-223625-sentence-script-a-central-root-cylinder-b0ff51,1361,45.126,45.367,2,0,1,curious_branch,switch_to_curious_branch,0,16,0,1250,8,8,0,0,0,112,0,471,471,5.97616,0.96124,4,0,0,-1.0709,-2.5062,-2.0147,1.6323,-5.2963,0.6107,-0.3716,-0.8911,0.2603,0.19154,0.00000,3.100,0.500
20260527-223625-sentence-script-a-central-root-cylinder-b0ff51,1369,45.393,45.633,2,0,1,curious_branch,switch_to_curious_branch,0,19,1,1250,8,8,0,0,0,112,0,471,471,5.97616,0.96124,4,0,0,-1.0709,-2.5062,-2.0147,0.0000,5.6500,0.0000,0.0130,-0.9980,0.0616,0.10500,0.00000,3.100,0.067
20260527-223625-sentence-script-a-central-root-cylinder-b0ff51,1377,45.660,45.900,2,0,1,curious_branch,switch_to_curious_branch,0,22,0,1250,8,8,0,0,0,112,0,471,471,5.97616,0.96124,4,0,0,-1.0709,-2.5062,-2.0147,1.6323,-5.2963,0.6107,-0.3716,-0.8911,0.2603,0.19154,0.00000,4.133,0.000
20260527-223625-sentence-script-a-central-root-cylinder-b0ff51,1385,45.927,46.167,2,0,1,curious_branch,switch_to_curious_branch,0,22,0,1250,8,8,0,0,0,112,0,471,471,5.97616,0.96124,4,0,0,-1.0709,-2.5062,-2.0147,1.6323,-5.2963,0.6107,-0.3716,-0.8911,0.2603,0.19154,0.00000,4.133,0.267
20260527-223625-sentence-script-a-central-root-cylinder-b0ff51,1393,46.194,46.433,2,0,1,curious_branch,switch_to_curious_branch,0,24,0,1250,8,8,0,0,0,112,0,471,471,5.97616,0.96124,4,0,0,-1.0709,-2.5062,-2.0147,1.6323,-5.2963,0.6107,-0.3716,-0.8911,0.2603,0.19154,0.00000,4.133,0.000
20260527-223625-sentence-script-a-central-root-cylinder-b0ff51,1401,46.461,46.700,2,0,1,curious_branch,switch_to_curious_branch,0,24,0,1250,8,8,0,0,0,112,0,471,471,5.97616,0.96124,4,0,0,-1.0709,-2.5062,-2.0147,1.6323,-5.2963,0.6107,-0.3716,-0.8911,0.2603,0.19154,0.00000,4.133,0.267
20260527-223625-sentence-script-a-central-root-cylinder-b0ff51,1409,46.728,46.967,2,0,1,curious_branch,switch_to_curious_branch,0,24,0,1250,8,8,0,0,0,112,0,471,471,5.97616,0.96124,4,0,0,-1.0709,-2.5062,-2.0147,1.6323,-5.2963,0.6107,-0.3716,-0.8911,0.2603,0.19154,0.00000,5.167,0.533
20260527-223625-sentence-script-a-central-root-cylinder-b0ff51,1417,46.995,47.233,2,0,1,curious_branch,switch_to_curious_branch,0,24,0,1250,8,8,0,0,0,112,0,471,471,5.97616,0.96124,4,0,0,-1.0709,-2.5062,-2.0147,1.6323,-5.2963,0.6107,-0.3716,-0.8911,0.2603,0.19154,0.00000,5.167,0.800
20260527-223625-sentence-script-a-central-root-cylinder-b0ff51,1425,47.261,47.500,2,0,1,curious_branch,switch_to_curious_branch,0,24,0,1250,8,8,0,0,0,112,0,471,471,5.97616,0.96124,4,0,0,-1.0709,-2.5062,-2.0147,1.6323,-5.2963,0.6107,-0.3716,-0.8911,0.2603,0.19154,0.00000,5.167,1.067
20260527-223625-sentence-script-a-central-root-cylinder-b0ff51,1433,47.528,47.767,2,0,1,curious_branch,switch_to_curious_branch,0,24,0,1250,8,8,0,0,0,112,0,471,471,5.97616,0.96124,4,0,0,-1.0709,-2.5062,-2.0147,1.6323,-5.2963,0.6107,-0.3716,-0.8911,0.2603,0.19154,0.00000,6.200,1.333
20260527-223625-sentence-script-a-central-root-cylinder-b0ff51,1441,47.795,48.033,2,0,1,curious_branch,switch_to_curious_branch,0,26,1,1250,8,8,0,0,0,112,0,471,471,5.97616,0.96124,4,0,0,-1.0709,-2.5062,-2.0147,0.0000,5.6500,0.0000,-0.0649,-0.9963,0.0569,0.10500,0.00000,6.200,0.033
20260527-223625-sentence-script-a-central-root-cylinder-b0ff51,1449,48.062,48.300,2,0,1,curious_branch,switch_to_curious_branch,0,27,0,1250,8,8,0,0,0,112,0,471,471,5.97616,0.96124,4,0,0,-1.0709,-2.5062,-2.0147,1.6323,-5.2963,0.6107,-0.3716,-0.8911,0.2603,0.19154,0.00000,6.200,0.067
20260527-223625-sentence-script-a-central-root-cylinder-b0ff51,1457,48.328,48.567,2,0,1,curious_branch,switch_to_curious_branch,0,27,0,1250,8,8,0,0,0,112,0,471,471,5.97616,0.96124,4,0,0,-1.0709,-2.5062,-2.0147,1.6323,-5.2963,0.6107,-0.3716,-0.8911,0.2603,0.19154,0.00000,6.200,0.333
20260527-223625-sentence-script-a-central-root-cylinder-b0ff51,1465,48.595,48.833,2,0,1,curious_branch,switch_to_curious_branch,0,27,0,1250,8,8,0,0,0,112,0,471,471,5.97616,0.96124,4,0,0,-1.0709,-2.5062,-2.0147,1.6323,-5.2963,0.6107,-0.3716,-0.8911,0.2603,0.19154,0.00000,7.233,0.600
20260527-223625-sentence-script-a-central-root-cylinder-b0ff51,1473,48.861,49.100,2,0,1,curious_branch,switch_to_curious_branch,0,27,0,1250,8,8,0,0,0,112,0,471,471,5.97616,0.96124,4,0,0,-1.0709,-2.5062,-2.0147,1.6323,-5.2963,0.6107,-0.3716,-0.8911,0.2603,0.19154,0.00000,7.233,0.867
20260527-223625-sentence-script-a-central-root-cylinder-b0ff51,1481,49.128,49.367,2,0,1,curious_branch,switch_to_curious_branch,0,27,0,1250,8,8,0,0,0,112,0,471,471,5.97616,0.96124,4,0,0,-1.0709,-2.5062,-2.0147,1.6323,-5.2963,0.6107,-0.3716,-0.8911,0.2603,0.19154,0.00000,7.233,1.133
20260527-223625-sentence-script-a-central-root-cylinder-b0ff51,1489,49.395,49.633,2,0,1,curious_branch,switch_to_curious_branch,0,27,0,1250,8,8,0,0,0,112,0,471,471,5.97616,0.96124,4,0,0,-1.0709,-2.5062,-2.0147,1.6323,-5.2963,0.6107,-0.3716,-0.8911,0.2603,0.19154,0.00000,7.233,1.400
20260527-223625-sentence-script-a-central-root-cylinder-b0ff51,1497,49.662,49.900,2,0,1,curious_branch,switch_to_curious_branch,0,29,1,1250,8,8,0,0,0,112,0,471,471,5.97616,0.96124,4,0,0,-1.0709,-2.5062,-2.0147,0.0000,5.6500,0.0000,0.0176,-0.9975,0.0682,0.10500,0.00000,8.267,0.067
20260527-223625-sentence-script-a-central-root-cylinder-b0ff51,1505,49.928,50.167,2,0,1,curious_branch,switch_to_curious_branch,0,30,0,1250,8,8,0,0,0,112,0,471,471,5.97616,0.96124,4,0,0,-1.0709,-2.5062,-2.0147,1.6323,-5.2963,0.6107,-0.3716,-0.8911,0.2603,0.19154,0.00000,8.267,0.167
20260527-223625-sentence-script-a-central-root-cylinder-b0ff51,1513,50.195,50.433,2,0,1,curious_branch,switch_to_curious_branch,0,30,0,1250,8,8,0,0,0,112,0,471,471,5.97616,0.96124,4,0,0,-1.0709,-2.5062,-2.0147,1.6323,-5.2963,0.6107,-0.3716,-0.8911,0.2603,0.19154,0.00000,8.267,0.433
20260527-223625-sentence-script-a-central-root-cylinder-b0ff51,1521,50.462,50.700,2,0,1,curious_branch,switch_to_curious_branch,0,31,0,1250,8,8,0,0,0,112,0,471,471,5.97616,0.96124,4,0,0,-1.0709,-2.5062,-2.0147,1.6323,-5.2963,0.6107,-0.3716,-0.8911,0.2603,0.19154,0.00000,8.267,0.100
20260527-223625-sentence-script-a-central-root-cylinder-b0ff51,1529,50.729,50.967,2,0,1,curious_branch,switch_to_curious_branch,0,32,0,1250,8,8,0,0,0,112,0,471,471,5.97616,0.96124,4,0,0,-1.0709,-2.5062,-2.0147,1.6323,-5.2963,0.6107,-0.3716,-0.8911,0.2603,0.19154,0.00000,9.300,0.167
20260527-223625-sentence-script-a-central-root-cylinder-b0ff51,1537,50.996,51.233,2,0,1,curious_branch,switch_to_curious_branch,0,32,0,1250,8,8,0,0,0,112,0,471,471,5.97616,0.96124,4,0,0,-1.0709,-2.5062,-2.0147,1.6323,-5.2963,0.6107,-0.3716,-0.8911,0.2603,0.19154,0.00000,9.300,0.433
20260527-223625-sentence-script-a-central-root-cylinder-b0ff51,1545,51.263,51.500,2,0,1,curious_branch,switch_to_curious_branch,0,32,0,1250,8,8,0,0,0,112,0,471,471,5.97616,0.96124,4,0,0,-1.0709,-2.5062,-2.0147,1.6323,-5.2963,0.6107,-0.3716,-0.8911,0.2603,0.19154,0.00000,9.300,0.700
20260527-223625-sentence-script-a-central-root-cylinder-b0ff51,1553,51.529,51.767,2,0,1,curious_branch,switch_to_curious_branch,0,32,0,1250,8,8,0,0,0,112,0,471,471,5.97616,0.96124,4,0,0,-1.0709,-2.5062,-2.0147,1.6323,-5.2963,0.6107,-0.3716,-0.8911,0.2603,0.19154,0.00000,9.300,0.967
20260527-223625-sentence-script-a-central-root-cylinder-b0ff51,1561,51.796,52.033,2,0,1,curious_branch,switch_to_curious_branch,0,32,0,1250,8,8,0,0,0,112,0,471,471,5.97616,0.96124,4,0,0,-1.0709,-2.5062,-2.0147,1.6323,-5.2963,0.6107,-0.3716,-0.8911,0.2603,0.19154,0.00000,10.333,1.233
20260527-223625-sentence-script-a-central-root-cylinder-b0ff51,1569,52.063,52.300,2,0,1,curious_branch,switch_to_curious_branch,0,32,0,1250,8,8,0,0,0,112,0,471,471,5.97616,0.96124,4,0,0,-1.0709,-2.5062,-2.0147,1.6323,-5.2963,0.6107,-0.3716,-0.8911,0.2603,0.19154,0.00000,10.333,1.500
20260527-223625-sentence-script-a-central-root-cylinder-b0ff51,1577,52.330,52.567,2,0,1,curious_branch,switch_to_curious_branch,0,32,0,1250,8,8,0,0,0,112,0,471,471,5.97616,0.96124,4,0,0,-1.0709,-2.5062,-2.0147,1.6323,-5.2963,0.6107,-0.3716,-0.8911,0.2603,0.19154,0.00000,10.333,1.767
20260527-223625-sentence-script-a-central-root-cylinder-b0ff51,1585,52.597,52.833,2,0,1,curious_branch,switch_to_curious_branch,0,33,0,1250,8,8,0,0,0,112,0,471,471,5.97616,0.96124,4,0,0,-1.0709,-2.5062,-2.0147,1.6323,-5.2963,0.6107,-0.3716,-0.8911,0.2603,0.19154,0.00000,10.333,0.100
20260527-223625-sentence-script-a-central-root-cylinder-b0ff51,1593,52.864,53.100,2,0,1,curious_branch,switch_to_curious_branch,0,33,0,1250,8,8,0,0,0,112,0,471,471,5.97616,0.96124,4,0,0,-1.0709,-2.5062,-2.0147,1.6323,-5.2963,0.6107,-0.3716,-0.8911,0.2603,0.19154,0.00000,11.367,0.367
20260527-223625-sentence-script-a-central-root-cylinder-b0ff51,1601,53.131,53.367,2,0,1,curious_branch,switch_to_curious_branch,0,33,0,1250,8,8,0,0,0,112,0,471,471,5.97616,0.96124,4,0,0,-1.0709,-2.5062,-2.0147,1.6323,-5.2963,0.6107,-0.3716,-0.8911,0.2603,0.19154,0.00000,11.367,0.633
20260527-223625-sentence-script-a-central-root-cylinder-b0ff51,1609,53.397,53.633,2,0,1,curious_branch,switch_to_curious_branch,0,33,0,1250,8,8,0,0,0,112,0,471,471,5.97616,0.96124,4,0,0,-1.0709,-2.5062,-2.0147,1.6323,-5.2963,0.6107,-0.3716,-0.8911,0.2603,0.19154,0.00000,11.367,0.900
20260527-223625-sentence-script-a-central-root-cylinder-b0ff51,1617,53.664,53.900,2,0,1,curious_branch,switch_to_curious_branch,0,34,0,1250,8,8,0,0,0,112,0,471,471,5.97616,0.96124,4,0,0,-1.0709,-2.5062,-2.0147,1.6323,-5.2963,0.6107,-0.3716,-0.8911,0.2603,0.19154,0.00000,11.367,0.000
20260527-223625-sentence-script-a-central-root-cylinder-b0ff51,1625,53.930,54.167,2,0,1,curious_branch,switch_to_curious_branch,0,34,0,1250,8,8,0,0,0,112,0,471,471,5.97616,0.96124,4,0,0,-1.0709,-2.5062,-2.0147,1.6323,-5.2963,0.6107,-0.3716,-0.8911,0.2603,0.19154,0.00000,12.400,0.267
20260527-223625-sentence-script-a-central-root-cylinder-b0ff51,1633,54.197,54.433,2,0,1,curious_branch,switch_to_curious_branch,0,35,0,1250,8,8,0,0,0,112,0,471,471,5.97616,0.96124,4,0,0,-1.0709,-2.5062,-2.0147,1.6323,-5.2963,0.6107,-0.3716,-0.8911,0.2603,0.19154,0.00000,12.400,0.133
20260527-223625-sentence-script-a-central-root-cylinder-b0ff51,1641,54.464,54.700,2,0,1,curious_branch,switch_to_curious_branch,0,36,0,1250,8,8,0,0,0,112,0,471,471,5.97616,0.96124,4,0,0,-1.0709,-2.5062,-2.0147,1.6323,-5.2963,0.6107,-0.3716,-0.8911,0.2603,0.19154,0.00000,12.400,0.033
20260527-223625-sentence-script-a-central-root-cylinder-b0ff51,1649,54.731,54.967,2,0,1,curious_branch,switch_to_curious_branch,0,36,0,1250,8,8,0,0,0,112,0,471,471,5.97616,0.96124,4,0,0,-1.0709,-2.5062,-2.0147,1.6323,-5.2963,0.6107,-0.3716,-0.8911,0.2603,0.19154,0.00000,12.400,0.300
20260527-223625-sentence-script-a-central-root-cylinder-b0ff51,1657,54.998,55.233,2,0,1,curious_branch,switch_to_curious_branch,0,38,0,1250,8,8,0,0,0,112,0,471,471,5.97616,0.96124,4,0,0,-1.0709,-2.5062,-2.0147,1.6323,-5.2963,0.6107,-0.3716,-0.8911,0.2603,0.19154,0.00000,13.433,0.000
20260527-223625-sentence-script-a-central-root-cylinder-b0ff51,1665,55.265,55.500,2,0,1,curious_branch,switch_to_curious_branch,0,38,0,1250,8,8,0,0,0,112,0,471,471,5.97616,0.96124,4,0,0,-1.0709,-2.5062,-2.0147,1.6323,-5.2963,0.6107,-0.3716,-0.8911,0.2603,0.19154,0.00000,13.433,0.267
20260527-223625-sentence-script-a-central-root-cylinder-b0ff51,1673,55.532,55.767,2,0,1,curious_branch,switch_to_curious_branch,0,38,0,1250,8,8,0,0,0,112,0,471,471,5.97616,0.96124,4,0,0,-1.0709,-2.5062,-2.0147,1.6323,-5.2963,0.6107,-0.3716,-0.8911,0.2603,0.19154,0.00000,13.433,0.533
20260527-223625-sentence-script-a-central-root-cylinder-b0ff51,1681,55.799,56.033,2,0,1,curious_branch,switch_to_curious_branch,0,38,0,1250,8,8,0,0,0,112,0,471,471,5.97616,0.96124,4,0,0,-1.0709,-2.5062,-2.0147,1.6323,-5.2963,0.6107,-0.3716,-0.8911,0.2603,0.19154,0.00000,14.467,0.800
20260527-223625-sentence-script-a-central-root-cylinder-b0ff51,1689,56.066,56.300,2,0,1,curious_branch,switch_to_curious_branch,0,38,0,1250,8,8,0,0,0,112,0,471,471,5.97616,0.96124,4,0,0,-1.0709,-2.5062,-2.0147,1.6323,-5.2963,0.6107,-0.3716,-0.8911,0.2603,0.19154,0.00000,14.467,1.067
20260527-223625-sentence-script-a-central-root-cylinder-b0ff51,1697,56.332,56.567,2,0,1,curious_branch,switch_to_curious_branch,0,38,0,1250,8,8,0,0,0,112,0,471,471,5.97616,0.96124,4,0,0,-1.0709,-2.5062,-2.0147,1.6323,-5.2963,0.6107,-0.3716,-0.8911,0.2603,0.19154,0.00000,14.467,1.333
20260527-223625-sentence-script-a-central-root-cylinder-b0ff51,1705,56.599,56.833,2,0,1,curious_branch,switch_to_curious_branch,0,38,0,1250,8,8,0,0,0,112,0,471,471,5.97616,0.96124,4,0,0,-1.0709,-2.5062,-2.0147,1.6323,-5.2963,0.6107,-0.3716,-0.8911,0.2603,0.19154,0.00000,14.467,1.600
20260527-223625-sentence-script-a-central-root-cylinder-b0ff51,1713,56.866,57.100,2,0,1,curious_branch,switch_to_curious_branch,0,39,0,1250,8,8,0,0,0,112,0,471,471,5.97616,0.96124,4,0,0,-1.0709,-2.5062,-2.0147,1.6323,-5.2963,0.6107,-0.3716,-0.8911,0.2603,0.19154,0.00000,15.500,0.100
20260527-223625-sentence-script-a-central-root-cylinder-b0ff51,1721,57.133,57.367,2,0,1,curious_branch,switch_to_curious_branch,0,40,0,1250,8,8,0,0,0,112,0,471,471,5.97616,0.96124,4,0,0,-1.0709,-2.5062,-2.0147,1.6323,-5.2963,0.6107,-0.3716,-0.8911,0.2603,0.19154,0.00000,15.500,0.167
20260527-223625-sentence-script-a-central-root-cylinder-b0ff51,1729,57.400,57.633,2,0,1,curious_branch,switch_to_curious_branch,0,40,0,1250,8,8,0,0,0,112,0,471,471,5.97616,0.96124,4,0,0,-1.0709,-2.5062,-2.0147,1.6323,-5.2963,0.6107,-0.3716,-0.8911,0.2603,0.19154,0.00000,15.500,0.433
20260527-223625-sentence-script-a-central-root-cylinder-b0ff51,1737,57.667,57.900,2,0,1,curious_branch,switch_to_curious_branch,0,40,0,1250,8,8,0,0,0,112,0,471,471,5.97616,0.96124,4,0,0,-1.0709,-2.5062,-2.0147,1.6323,-5.2963,0.6107,-0.3716,-0.8911,0.2603,0.19154,0.00000,15.500,0.700
20260527-223625-sentence-script-a-central-root-cylinder-b0ff51,1745,57.934,58.167,3,0,1,artistic_mark,new_round,0,1,1,3,0,0,0,0,0,8,0,0,0,0.00000,8.12064,0,0,0,1.3189,3.2422,1.0812,0.0368,5.4058,0.0353,0.1338,-0.9852,0.1073,0.11800,0.00000,0.000,0.000
20260527-223625-sentence-script-a-central-root-cylinder-b0ff51,1753,58.201,58.433,3,0,1,artistic_mark,new_round,0,1,1,11,0,0,0,0,0,8,0,0,0,0.00000,8.12064,0,0,0,1.3189,3.2422,1.0812,-0.0318,4.7568,0.0323,0.1689,-0.9123,0.3730,0.11800,0.00000,0.000,0.000
20260527-223625-sentence-script-a-central-root-cylinder-b0ff51,1761,58.468,58.700,3,0,1,artistic_mark,new_round,0,1,1,19,0,0,0,0,0,8,0,0,0,0.00000,8.12064,0,0,0,1.3189,3.2422,1.0812,0.2402,4.2693,0.4357,0.3048,-0.7287,0.6132,0.11800,0.00000,0.000,0.000
20260527-223625-sentence-script-a-central-root-cylinder-b0ff51,1769,58.735,58.967,3,0,1,artistic_mark,new_round,0,1,1,27,0,0,0,0,0,8,0,0,0,0.00000,8.12064,0,0,0,1.3189,3.2422,1.0812,0.5063,3.7940,0.8027,0.5267,-0.7731,0.3535,0.11800,0.00000,0.000,0.000
20260527-223625-sentence-script-a-central-root-cylinder-b0ff51,1777,59.002,59.233,3,0,1,artistic_mark,new_round,0,1,1,35,0,0,0,0,0,11,0,3,3,0.03269,8.08795,0,0,0,1.3189,3.2422,1.0812,0.9283,3.3680,0.9555,0.8260,-0.5307,0.1900,0.11947,0.00000,0.000,0.000
20260527-223625-sentence-script-a-central-root-cylinder-b0ff51,1785,59.270,59.500,3,0,1,artistic_mark,new_round,0,1,1,43,0,0,0,0,0,12,0,11,11,0.10432,8.01632,0,0,0,1.3189,3.2422,1.0812,1.2968,3.1951,1.0640,-0.3567,-0.9057,0.2293,0.12269,0.00000,0.000,0.000
20260527-223625-sentence-script-a-central-root-cylinder-b0ff51,1793,59.537,59.767,3,0,1,artistic_mark,new_round,0,1,1,51,0,0,0,0,0,13,0,19,19,0.18071,7.93993,0,0,0,1.3189,3.2422,1.0812,1.3708,3.1841,1.0903,0.2302,-0.2916,-0.9284,0.12613,0.00000,0.000,0.000
20260527-223625-sentence-script-a-central-root-cylinder-b0ff51,1801,59.804,60.033,3,0,1,artistic_mark,new_round,0,1,1,59,0,0,0,0,0,14,0,27,27,0.25399,7.86665,0,0,0,1.3189,3.2422,1.0812,1.3601,3.1562,1.0680,-0.0052,-0.8021,-0.5971,0.12943,0.00000,0.000,0.000
