wall_elapsed_s,sample_index,sim_time_s,round_index,paused,ai_enabled,ai_mode,ai_stagnant_time_s,ai_manual_override_s,receptor_count,active_receptor_count,bound_receptor_count,ready_receptor_count,ligand_count,specific_ligand_count,nonspecific_ligand_count,free_ligand_count,free_specific_ligand_count,free_nonspecific_ligand_count,bound_ligand_count,avg_free_ligand_speed,signal_count,messenger_count,membrane_mark_count,delivered_count,round_goal,delivery_fraction,nucleus_opacity,nucleus_core_radius,first_free_ligand_x,first_free_ligand_y,first_free_ligand_z,first_free_ligand_speed,first_ready_receptor_x,first_ready_receptor_y,first_ready_receptor_z
0.013284,0,0.001,1,0,1,RESET_LOOP,0.0,0.0,30,0,0,0,50,32,18,50,32,18,0,0.436177,0,0,6,0,28,0.0,0.5,0.667545,-3.126229,-1.983401,5.447748,0.506615,,,
0.224911,1,0.21151,1,0,1,RESET_LOOP,0.0,0.0,30,0,0,2,50,32,18,50,32,18,0,0.320022,0,0,6,0,28,0.0,0.5,0.676646,-3.057752,-1.917993,5.457935,0.399377,3.862378,-0.479506,0.03
0.428544,2,0.417328,1,0,1,RESET_LOOP,0.0,0.0,30,0,0,4,50,32,18,50,32,18,0,0.235365,0,0,6,0,28,0.0,0.5,0.682976,-3.006953,-1.869353,5.465627,0.294971,3.862378,-0.479506,0.03
0.630058,3,0.610081,1,0,1,RESET_LOOP,0.0,0.0,30,0,0,7,50,32,18,50,32,18,0,0.192144,0,0,12,0,28,0.0,0.5,0.684998,-2.971529,-1.835205,5.472963,0.236275,3.862378,-0.479506,0.03
0.837564,4,0.826066,1,0,1,RESET_LOOP,0.0,0.0,30,0,0,12,50,32,18,50,32,18,0,0.192579,0,0,12,0,28,0.0,0.5,0.682167,-2.941532,-1.804766,5.48178,0.180825,3.862378,-0.479506,0.03
1.041306,5,1.029824,1,0,1,RESET_LOOP,0.0,0.0,30,0,0,17,50,32,18,50,32,18,0,0.205882,0,0,18,0,28,0.0,0.5,0.675333,-2.918459,-1.779214,5.487963,0.176165,3.862378,-0.479506,0.03
1.251745,6,1.23692,1,0,1,RESET_LOOP,0.0,0.0,30,0,0,20,50,32,18,50,32,18,0,0.16928,0,0,18,0,28,0.0,0.5,0.666199,-2.893669,-1.758734,5.490642,0.147377,3.862378,-0.479506,0.03
1.457229,7,1.444561,1,0,1,RESET_LOOP,0.155641,0.0,30,0,0,21,50,32,18,50,32,18,0,0.139297,0,0,24,0,28,0.0,0.5,0.657414,-2.875846,-1.740417,5.491105,0.103391,3.862378,-0.479506,0.03
1.670153,8,1.65439,1,0,1,RESET_LOOP,0.36547,0.0,30,0,0,23,50,32,18,50,32,18,0,0.112221,0,0,24,0,28,0.0,0.5,0.651457,-2.860868,-1.724291,5.490617,0.101524,2.013285,3.746244,0.03
1.8729,9,1.861599,1,0,1,RESET_LOOP,0.572679,0.0,30,0,0,26,50,32,18,50,32,18,0,0.106528,0,0,30,0,28,0.0,0.5,0.650143,-2.848481,-1.709628,5.488321,0.09729,2.013285,3.746244,0.03
2.078742,10,2.067138,1,0,1,RESET_LOOP,0.68782,2.448344,30,1,1,29,50,32,18,49,31,18,1,0.093682,10,18,31,0,28,0.0,0.5,0.653698,-2.840634,-1.689653,5.485585,0.112731,2.013285,3.746244,0.03
2.288014,11,2.276505,1,0,1,RESET_LOOP,0.530795,2.238977,30,1,1,29,50,32,18,49,31,18,1,0.080054,10,18,31,0,28,0.0,0.5,0.661265,-2.836832,-1.671169,5.485274,0.06809,2.013285,3.746244,0.03
2.499423,12,2.487864,1,0,1,RESET_LOOP,0.372275,2.027618,30,1,1,29,50,32,18,49,31,18,1,0.071334,10,18,25,0,28,0.0,0.5,0.670724,-2.830728,-1.660325,5.484295,0.049831,2.013285,3.746244,0.03
2.71483,13,2.699786,1,0,1,RESET_LOOP,0.213334,1.815696,30,1,1,29,50,32,18,49,31,18,1,0.081729,10,18,25,0,28,0.0,0.5,0.679252,-2.824203,-1.653816,5.483947,0.032548,2.013285,3.746244,0.03
2.919615,14,2.908061,1,0,1,RESET_LOOP,0.057128,1.607421,30,1,1,29,50,32,18,49,31,18,1,0.074303,10,18,19,0,28,0.0,0.5,0.684254,-2.820655,-1.645487,5.483587,0.046903,2.013285,3.746244,0.03
3.128385,15,3.115423,1,0,1,RESET_LOOP,0.0,1.400059,30,1,1,29,50,32,18,49,31,18,1,0.064305,10,18,19,0,28,0.0,0.5,0.684473,-2.819808,-1.635322,5.482543,0.063357,2.013285,3.746244,0.03
3.335451,16,3.323963,1,0,1,RESET_LOOP,0.0,1.191519,30,1,1,29,50,32,18,49,31,18,1,0.082945,10,18,13,0,28,0.0,0.5,0.679838,-2.820397,-1.622744,5.480706,0.058007,2.013285,3.746244,0.03
3.544929,17,3.533412,1,0,1,RESET_LOOP,0.0,2.48261,30,1,1,29,50,32,18,49,31,18,1,0.076557,10,18,13,0,28,0.0,0.5,0.671624,-2.822379,-1.614921,5.474777,0.050823,2.013285,3.746244,0.03
3.755503,18,3.742335,1,0,1,RESET_LOOP,0.0,2.273687,30,1,1,29,50,32,18,49,31,18,1,0.071103,10,18,13,0,28,0.0,0.5,0.66224,-2.825375,-1.606983,5.468638,0.053316,2.013285,3.746244,0.03
3.970463,19,3.952795,1,0,1,RESET_LOOP,0.0,2.063227,30,1,1,29,50,32,18,49,31,18,1,0.065745,10,18,7,0,28,0.0,0.5,0.654324,-2.827535,-1.599557,5.464093,0.05004,2.013285,3.746244,0.03
4.172583,20,4.151493,1,0,1,RESET_LOOP,0.0,1.864529,30,1,1,29,50,32,18,49,31,18,1,0.065664,10,18,7,0,28,0.0,0.5,0.650355,-2.83203,-1.592963,5.460649,0.049671,2.013285,3.746244,0.03
4.373109,21,4.355917,1,0,1,RESET_LOOP,0.0,1.660105,30,1,1,29,50,32,18,49,31,18,1,0.062289,10,18,1,0,28,0.0,0.5,0.650943,-2.838149,-1.588435,5.457282,0.031136,2.013285,3.746244,0.03
4.584515,22,4.57224,1,0,1,RESET_LOOP,0.0,1.443782,30,1,1,29,50,32,18,49,31,18,1,0.058707,10,18,0,0,28,0.0,0.5,0.656516,-2.844752,-1.582557,5.452028,0.040675,2.013285,3.746244,0.03
4.796316,23,4.784705,1,0,1,RESET_LOOP,0.0,1.231317,30,1,1,29,50,32,18,49,31,18,1,0.05571,10,18,0,0,28,0.0,0.5,0.665298,-2.850155,-1.574044,5.449624,0.045141,2.013285,3.746244,0.03
5.002848,24,4.991281,1,0,1,RESET_LOOP,0.0,1.024741,30,1,1,29,50,32,18,49,31,18,1,0.056095,10,17,0,0,28,0.0,0.5,0.674491,-2.853529,-1.562438,5.449496,0.056191,2.013285,3.746244,0.03
5.212863,25,5.20146,1,0,1,RESET_LOOP,0.0,0.814562,30,1,1,29,50,32,18,49,31,18,1,0.052787,10,16,0,0,28,0.0,0.5,0.68181,-2.856898,-1.554298,5.449829,0.049733,2.013285,3.746244,0.03
5.415136,26,5.403586,1,0,1,RESET_LOOP,0.0,0.612436,30,1,1,29,50,32,18,49,31,18,1,0.05039,10,14,0,0,28,0.0,0.5,0.684933,-2.858593,-1.544519,5.449274,0.049492,2.013285,3.746244,0.03
5.616687,27,5.605101,1,0,1,RESET_LOOP,0.0,0.410921,30,1,1,29,50,32,18,49,31,18,1,0.045764,10,13,0,0,28,0.0,0.5,0.683362,-2.860799,-1.536498,5.446611,0.05032,2.013285,3.746244,0.03
5.822412,28,5.810968,1,0,1,RESET_LOOP,0.0,0.205054,30,1,1,29,50,32,18,49,31,18,1,0.045895,10,11,0,0,28,0.0,0.5,0.677373,-2.861715,-1.525311,5.44299,0.057354,2.013285,3.746244,0.03
6.028207,29,6.016759,1,0,1,RESET_LOOP,0.0,-0.000737,30,1,1,29,50,32,18,49,31,18,1,0.044878,9,15,0,1,28,0.035714,0.508571,0.678626,-2.859696,-1.511304,5.44045,0.083877,2.013285,3.746244,0.03
6.233421,30,6.220554,1,0,1,RESET_LOOP,0.0,-0.000737,30,1,1,29,50,32,18,49,31,18,1,0.042627,8,18,0,2,28,0.071429,0.517143,0.679645,-2.85641,-1.497238,5.439161,0.060077,2.013285,3.746244,0.03
6.437902,31,6.426385,1,0,1,RESET_LOOP,0.0,-0.000737,30,1,1,29,50,32,18,49,31,18,1,0.0424,6,26,6,4,28,0.142857,0.534286,0.692768,-2.858333,-1.487126,5.44161,0.053432,2.013285,3.746244,0.03
6.653444,32,6.637162,1,0,1,RESET_LOOP,0.0,-0.000737,30,2,2,28,50,32,18,48,30,18,2,0.044594,13,42,7,4,28,0.142857,0.534286,0.690004,-2.856705,-1.480825,5.446084,0.03786,4.261495,2.443148,0.03
6.927672,33,0.018683,2,0,1,RITUAL_ORBIT,0.0,-0.000737,30,0,0,2,50,32,18,50,32,18,0,0.442188,0,0,1,0,27,0.0,0.5,0.66835,-2.259535,3.699234,1.642752,0.712551,-3.148336,-2.567925,0.03
7.135771,34,0.273339,2,0,1,RITUAL_ORBIT,0.0,-0.000737,30,0,0,4,50,32,18,50,32,18,0,0.563036,0,0,1,0,27,0.0,0.5,0.678916,-2.143577,3.671434,1.618035,0.931964,-3.148336,-2.567925,0.03
7.348328,35,0.487213,2,0,1,RITUAL_ORBIT,0.0,-0.000737,30,0,0,7,50,32,18,50,32,18,0,0.539687,0,0,1,0,27,0.0,0.5,0.684197,-1.979342,3.624577,1.610043,1.065709,-3.148336,-2.567925,0.03
7.554896,36,0.693516,2,0,1,RITUAL_ORBIT,0.0,-0.000737,30,0,0,9,50,32,18,50,32,18,0,0.492118,0,0,1,0,27,0.0,0.5,0.68453,-1.754557,3.64008,1.622433,1.079559,-3.148336,-2.567925,0.03
7.763597,37,0.90228,2,0,1,RITUAL_ORBIT,0.0,-0.000737,30,0,0,12,50,32,18,50,32,18,0,0.447167,0,0,1,0,27,0.0,0.5,0.680001,-1.536052,3.644048,1.640435,1.014456,4.05782,-1.065848,0.03
7.97548,38,1.111374,2,0,1,RITUAL_ORBIT,0.0,-0.000737,30,0,0,15,50,32,18,50,32,18,0,0.404968,0,0,1,0,27,0.0,0.5,0.671864,-1.330537,3.628003,1.660813,1.0224,4.05782,-1.065848,0.03
8.182316,39,1.321238,2,0,1,RITUAL_ORBIT,0.0,-0.000737,30,0,0,18,50,32,18,50,32,18,0,0.366775,0,0,1,0,27,0.0,0.5,0.662435,-1.106839,3.582635,1.683353,1.132203,4.05782,-1.065848,0.03
8.388726,40,1.527744,2,0,1,RITUAL_ORBIT,0.0,-0.000737,30,0,0,19,50,32,18,50,32,18,0,0.343975,0,0,1,0,27,0.0,0.5,0.65458,-0.893015,3.533467,1.705227,1.069255,4.05782,-1.065848,0.03
8.592843,41,1.731956,2,0,1,RITUAL_ORBIT,0.0,-0.000737,30,0,0,25,50,32,18,50,32,18,0,0.315516,0,0,1,0,27,0.0,0.5,0.650382,-0.680178,3.480666,1.729747,1.091221,4.05782,-1.065848,0.03
8.80233,42,1.941106,2,0,1,RITUAL_ORBIT,0.0,-0.000737,30,0,0,30,50,32,18,50,32,18,0,0.287256,0,0,1,0,27,0.0,0.5,0.65097,-0.523312,3.455298,1.756804,0.641482,4.05782,-1.065848,0.03
9.01006,43,2.145852,2,0,1,RITUAL_ORBIT,0.0,-0.000737,30,0,0,30,50,32,18,50,32,18,0,0.281037,0,0,2,0,27,0.0,0.5,0.656173,-0.392885,3.438911,1.782499,0.69676,4.05782,-1.065848,0.03
9.213456,44,2.352507,2,0,1,RITUAL_ORBIT,0.0,-0.000737,30,0,0,30,50,32,18,50,32,18,0,0.269488,0,0,2,0,27,0.0,0.5,0.664597,-0.247938,3.411829,1.807828,0.838213,4.05782,-1.065848,0.03
9.415165,45,2.552814,2,0,1,RITUAL_ORBIT,0.0,-0.000737,30,1,1,29,50,32,18,49,31,18,1,0.277144,10,15,2,0,27,0.0,0.5,0.673569,-0.103008,3.395675,1.832625,0.676609,4.05782,-1.065848,0.03
9.62753,46,2.766438,2,0,1,RITUAL_ORBIT,0.0,-0.000737,30,1,1,29,50,32,18,49,31,18,1,0.291931,10,15,2,0,27,0.0,0.5,0.681312,0.030843,3.378171,1.85726,0.716375,4.05782,-1.065848,0.03
9.840569,47,2.978957,2,0,1,RITUAL_ORBIT,0.0,-0.000737,30,2,2,28,50,32,18,48,30,18,2,0.252232,17,27,3,0,27,0.0,0.5,0.684897,0.163544,3.364087,1.879113,0.855925,4.05782,-1.065848,0.03
10.056286,48,3.194476,2,0,1,RITUAL_ORBIT,0.0,-0.000737,30,2,2,28,50,32,18,48,30,18,2,0.232028,17,27,3,0,27,0.0,0.5,0.683245,0.314336,3.345789,1.899162,0.655075,4.05782,-1.065848,0.03
10.257336,49,3.396062,2,0,1,RITUAL_ORBIT,0.0,-0.000737,30,2,2,28,50,32,18,48,30,18,2,0.221786,17,27,3,0,27,0.0,0.5,0.677309,0.428126,3.342724,1.917494,0.577523,4.05782,-1.065848,0.03
10.462407,50,3.601219,2,0,1,RITUAL_ORBIT,0.0,-0.000737,30,2,2,28,50,32,18,48,30,18,2,0.224325,17,27,3,0,27,0.0,0.5,0.668577,0.549866,3.341183,1.933732,0.757961,4.05782,-1.065848,0.03
10.670805,51,3.805975,2,0,1,RITUAL_ORBIT,0.0,-0.000737,30,2,2,28,50,32,18,48,30,18,2,0.217532,17,27,3,0,27,0.0,0.5,0.659563,0.6733,3.425577,1.983432,0.415629,4.05782,-1.065848,0.03
10.876691,52,4.015373,2,0,1,RITUAL_ORBIT,0.0,-0.000737,30,2,2,28,50,32,18,48,30,18,2,0.221321,17,27,4,0,27,0.0,0.5,0.652632,0.729275,3.462227,1.993962,0.256536,4.05782,-1.065848,0.03
11.087121,53,4.224492,2,0,1,RITUAL_ORBIT,0.0,-0.000737,30,2,2,28,50,32,18,48,30,18,2,0.211627,17,27,4,0,27,0.0,0.5,0.650001,0.79941,3.493788,1.998684,0.354693,4.05782,-1.065848,0.03
11.296469,54,4.435229,2,0,1,RITUAL_ORBIT,0.0,-0.000737,30,2,2,28,50,32,18,48,30,18,2,0.204256,17,27,4,0,27,0.0,0.5,0.652454,0.890608,3.507591,1.998622,0.501629,4.05782,-1.065848,0.03
11.511213,55,4.650076,2,0,1,RITUAL_ORBIT,0.0,-0.000737,30,2,2,28,50,32,18,48,30,18,2,0.194432,17,27,3,0,27,0.0,0.5,0.659478,0.982573,3.523311,1.997331,0.488888,4.05782,-1.065848,0.03
11.724296,56,4.863237,2,0,1,RITUAL_ORBIT,0.0,-0.000737,30,2,2,28,50,32,18,48,30,18,2,0.205458,17,27,2,0,27,0.0,0.5,0.668864,1.090043,3.529623,1.99253,0.499386,4.05782,-1.065848,0.03
11.935695,57,5.07443,2,0,1,RITUAL_ORBIT,0.0,-0.000737,30,2,2,28,50,32,18,48,30,18,2,0.188003,17,27,2,0,27,0.0,0.5,0.67777,1.176771,3.549059,1.984244,0.432942,4.05782,-1.065848,0.03
12.144113,58,5.283032,2,0,1,RITUAL_ORBIT,0.0,-0.000737,30,2,2,28,50,32,18,48,30,18,2,0.169555,17,27,2,0,27,0.0,0.5,0.68361,1.251845,3.568451,1.972658,0.353807,4.05782,-1.065848,0.03
12.344459,59,5.483141,2,0,1,RITUAL_ORBIT,0.0,-0.000737,30,2,2,28,50,32,18,48,30,18,2,0.159173,17,27,1,0,27,0.0,0.5,0.684876,1.295825,3.598787,1.959105,0.232671,4.05782,-1.065848,0.03
12.552531,60,5.691332,2,0,1,RITUAL_ORBIT,0.0,-0.000737,30,2,2,28,50,32,18,48,30,18,2,0.163375,17,25,2,0,27,0.0,0.5,0.681322,1.34932,3.628031,1.941464,0.366625,4.05782,-1.065848,0.03
12.755685,61,5.883411,2,0,1,RITUAL_ORBIT,0.0,-0.000737,30,2,2,28,50,32,18,48,30,18,2,0.162788,17,25,2,0,27,0.0,0.5,0.674493,1.370849,3.65554,1.922553,0.141302,4.05782,-1.065848,0.03
12.958658,62,6.097211,2,0,1,RITUAL_ORBIT,0.0,-0.000737,30,2,2,28,50,32,18,48,30,18,2,0.155073,16,24,2,1,27,0.037037,0.508889,0.675345,1.404203,3.689597,1.899763,0.386038,4.05782,-1.065848,0.03
13.1748,63,6.312167,2,0,1,OBSERVE,0.0,-0.000737,30,2,2,28,50,32,18,48,30,18,2,0.154464,15,28,1,2,27,0.074074,0.517778,0.676918,1.485279,3.717681,1.873645,0.441373,4.05782,-1.065848,0.03
13.380244,64,6.518952,2,0,1,OBSERVE,0.0,-0.000737,30,2,2,28,50,32,18,48,30,18,2,0.165805,13,34,1,4,27,0.148148,0.535556,0.692423,1.557014,3.755173,1.850075,0.378143,4.05782,-1.065848,0.03
13.596088,65,6.733647,2,0,1,OBSERVE,0.0,-0.000737,30,2,2,28,50,32,18,48,30,18,2,0.137108,10,45,1,7,27,0.259259,0.562222,0.723048,1.61686,3.783025,1.825895,0.290329,4.05782,-1.065848,0.03
13.807492,66,6.946423,2,0,1,OBSERVE,0.0,-0.000737,30,2,2,28,50,32,18,48,30,18,2,0.115194,8,52,1,9,27,0.333333,0.58,0.748416,1.667839,3.801378,1.803475,0.250205,4.05782,-1.065848,0.03
14.028328,67,7.159121,2,0,1,OBSERVE,0.0,-0.000737,30,2,2,28,50,32,18,48,30,18,2,0.094734,4,66,1,13,27,0.481481,0.615556,0.798226,1.708685,3.816879,1.7862,0.191919,4.05782,-1.065848,0.03
14.236209,68,7.373852,2,0,1,OBSERVE,0.0,-0.000737,30,2,2,28,50,32,18,48,30,18,2,0.078059,3,70,1,14,27,0.518519,0.624444,0.818231,1.737366,3.825374,1.772677,0.124999,4.05782,-1.065848,0.03
14.44018,69,7.57882,2,0,1,OBSERVE,0.0,-0.000737,30,2,2,28,50,32,18,48,30,18,2,0.067434,3,67,1,14,27,0.518519,0.624444,0.825894,1.753237,3.833226,1.764012,0.091502,4.05782,-1.065848,0.03
14.647754,70,7.786645,2,0,1,OBSERVE,0.0,-0.000737,30,2,2,28,50,32,18,48,30,18,2,0.089672,3,64,1,14,27,0.518519,0.624444,0.829918,1.763632,3.844869,1.757378,0.077921,4.05782,-1.065848,0.03
14.856466,71,7.995414,2,0,1,OBSERVE,0.0,-0.000737,30,2,2,28,50,32,18,48,30,18,2,0.082406,2,67,1,15,27,0.555556,0.633333,0.839386,1.776176,3.854063,1.752197,0.09513,4.05782,-1.065848,0.03
15.067385,72,8.206289,2,0,1,OBSERVE,0.087584,-0.000737,30,2,2,28,50,32,18,48,30,18,2,0.090655,0,74,0,17,27,0.62963,0.651111,0.854454,1.79019,3.86383,1.747181,0.058137,4.05782,-1.065848,0.03
15.279661,73,8.418505,2,0,1,OBSERVE,0.2998,-0.000737,30,2,2,28,50,32,18,48,30,18,2,0.112815,0,73,0,17,27,0.62963,0.651111,0.845596,1.79858,3.871227,1.745153,0.052,4.05782,-1.065848,0.03
15.484933,74,8.623751,2,0,1,OBSERVE,0.505046,-0.000737,30,2,2,28,50,32,18,48,30,18,2,0.101436,0,72,0,17,27,0.62963,0.651111,0.836491,1.809787,3.877175,1.74782,0.068638,4.05782,-1.065848,0.03
15.6923,75,8.831102,2,0,1,OBSERVE,0.712397,-0.000737,30,2,2,28,50,32,18,48,30,18,2,0.08605,0,70,0,17,27,0.62963,0.651111,0.829364,1.819935,3.879918,1.750656,0.046191,4.05782,-1.065848,0.03
15.903075,76,9.041852,2,0,1,OBSERVE,0.923147,-0.000737,30,2,2,28,50,32,18,48,30,18,2,0.077101,0,68,0,17,27,0.62963,0.651111,0.826321,1.828253,3.884776,1.752214,0.048787,4.05782,-1.065848,0.03
16.117803,77,9.255119,2,0,1,OBSERVE,1.100849,-0.000737,30,3,3,27,50,32,18,47,29,18,3,0.073437,10,81,1,17,27,0.62963,0.651111,0.82845,-0.4026,-4.774775,4.315846,0.098393,4.05782,-1.065848,0.03
16.328284,78,9.46696,2,0,1,OBSERVE,0.941968,-0.000737,30,3,3,27,50,32,18,47,29,18,3,0.063035,10,80,1,17,27,0.62963,0.651111,0.835121,-0.397277,-4.757725,4.317814,0.07011,4.05782,-1.065848,0.03
16.533268,79,9.67214,2,0,1,OBSERVE,0.788083,-0.000737,30,3,3,27,50,32,18,47,29,18,3,0.057796,10,77,1,17,27,0.62963,0.651111,0.844056,-0.391037,-4.744116,4.319136,0.082393,4.05782,-1.065848,0.03
16.74102,80,9.87981,2,0,1,OBSERVE,0.63233,-0.000737,30,3,3,27,50,32,18,47,29,18,3,0.055978,10,77,1,17,27,0.62963,0.651111,0.853014,-0.387726,-4.729794,4.318389,0.076143,4.05782,-1.065848,0.03
16.949161,81,10.087662,2,0,1,OBSERVE,0.476442,-0.000737,30,2,2,27,50,32,18,48,30,18,2,0.114346,10,75,1,17,27,0.62963,0.651111,0.859354,-0.390249,-4.718939,4.319955,0.035615,4.05782,-1.065848,0.03
17.158244,82,10.297039,2,0,1,OBSERVE,0.319409,-0.000737,30,2,2,27,50,32,18,48,30,18,2,0.091386,10,73,1,17,27,0.62963,0.651111,0.861255,-0.393685,-4.710558,4.319965,0.051987,4.05782,-1.065848,0.03
17.368909,83,10.507662,2,0,1,OBSERVE,0.161442,-0.000737,30,2,2,27,50,32,18,48,30,18,2,0.083086,10,70,1,17,27,0.62963,0.651111,0.858076,-0.399081,-4.703569,4.320161,0.044574,4.05782,-1.065848,0.03
17.578004,84,10.716702,2,0,1,OBSERVE,0.004662,-0.000737,30,2,2,27,50,32,18,48,30,18,2,0.095288,10,64,1,17,27,0.62963,0.651111,0.850787,-0.408414,-4.696617,4.318526,0.05066,4.05782,-1.065848,0.03
17.787043,85,10.925865,2,0,1,OBSERVE,0.0,-0.000737,30,2,2,27,50,32,18,48,30,18,2,0.082745,10,62,1,17,27,0.62963,0.651111,0.841477,-0.414242,-4.689316,4.31381,0.043776,4.05782,-1.065848,0.03
17.995721,86,11.122146,2,0,1,OBSERVE,0.0,-0.000737,30,2,2,27,50,32,18,48,30,18,2,0.077017,10,59,1,17,27,0.62963,0.651111,0.8333,-0.419109,-4.685686,4.309782,0.042169,4.05782,-1.065848,0.03
18.198966,87,11.337518,2,0,1,OBSERVE,0.0,-0.000737,30,2,2,27,50,32,18,48,30,18,2,0.066958,10,54,1,17,27,0.62963,0.651111,0.827465,-0.426252,-4.6818,4.307262,0.045733,4.05782,-1.065848,0.03
18.413548,88,11.551086,2,0,1,OBSERVE,0.0,-0.000737,30,1,1,27,50,32,18,49,31,18,1,0.105693,10,46,1,17,27,0.62963,0.651111,0.826604,-0.428645,-4.675797,4.307998,0.028832,4.05782,-1.065848,0.03
18.627041,89,11.757185,2,0,1,OBSERVE,0.0,-0.000737,30,1,1,27,50,32,18,49,31,18,1,0.092675,10,41,0,17,27,0.62963,0.651111,0.830681,-0.426238,-4.673372,4.310889,0.040179,4.05782,-1.065848,0.03
18.844217,90,11.983029,2,0,1,OBSERVE,0.0,-0.000737,30,1,1,27,50,32,18,49,31,18,1,0.08197,10,39,0,17,27,0.62963,0.651111,0.839297,-0.423128,-4.667239,4.314084,0.036632,4.05782,-1.065848,0.03
19.056659,91,12.195441,2,0,1,OBSERVE,0.0,-0.000737,30,1,1,27,50,32,18,49,31,18,1,0.07737,10,33,0,17,27,0.62963,0.651111,0.848838,-0.416542,-4.65867,4.315181,0.053706,4.05782,-1.065848,0.03
19.26923,92,12.404706,2,0,1,OBSERVE,0.0,-0.000737,30,1,1,28,50,32,18,49,31,18,1,0.073358,10,28,0,17,27,0.62963,0.651111,0.856784,-0.409587,-4.649137,4.315571,0.063115,4.05782,-1.065848,0.03
19.478239,93,12.617161,2,0,1,OBSERVE,0.0,-0.000737,30,1,1,28,50,32,18,49,31,18,1,0.068636,10,27,0,17,27,0.62963,0.651111,0.861007,-0.408847,-4.636256,4.314029,0.063236,4.05782,-1.065848,0.03
19.693241,94,12.832163,2,0,1,OBSERVE,0.0,-0.000737,30,1,1,28,50,32,18,49,31,18,1,0.078654,10,21,0,17,27,0.62963,0.651111,0.860068,-0.406421,-4.624098,4.312188,0.060932,4.05782,-1.065848,0.03
19.904797,95,13.042316,2,0,1,OBSERVE,0.0,-0.000737,30,1,1,28,50,32,18,49,31,18,1,0.066198,10,16,0,17,27,0.62963,0.651111,0.854352,-0.402204,-4.612314,4.311268,0.053591,4.05782,-1.065848,0.03
20.10589,96,13.244885,2,0,1,OBSERVE,0.0,-0.000737,30,1,1,28,50,32,18,49,31,18,1,0.06499,10,14,0,17,27,0.62963,0.651111,0.845905,-0.39978,-4.602186,4.31177,0.055801,4.05782,-1.065848,0.03
20.320098,97,13.455672,2,0,1,OBSERVE,0.0,-0.000737,30,1,1,28,50,32,18,49,31,18,1,0.056191,9,16,0,18,27,0.666667,0.66,0.846916,-0.397548,-4.595042,4.310275,0.026827,4.05782,-1.065848,0.03
20.522427,98,13.661313,2,0,1,CAREFUL_BIND,0.0,-0.000737,30,1,1,29,50,32,18,49,31,18,1,0.05842,8,20,0,19,27,0.703704,0.668889,0.850182,-0.392792,-4.587804,4.310406,0.053091,4.05782,-1.065848,0.03
20.726544,99,13.865331,2,0,1,CAREFUL_BIND,0.0,-0.000737,30,1,1,29,50,32,18,49,31,18,1,0.052405,6,27,0,21,27,0.777778,0.686667,0.867832,-0.388588,-4.582746,4.313486,0.037484,4.05782,-1.065848,0.03
20.937302,100,14.076149,2,0,1,CAREFUL_BIND,0.0,-0.000737,30,1,1,29,50,32,18,49,31,18,1,0.059988,5,30,0,22,27,0.814815,0.695556,0.880043,-0.386442,-4.580547,4.316171,0.017769,4.05782,-1.065848,0.03
21.149967,101,14.288831,2,0,1,CAREFUL_BIND,0.0,-0.000737,30,2,2,28,50,32,18,48,30,18,2,0.066965,11,54,1,24,27,0.888889,0.713333,0.907269,-0.38565,-4.575526,4.320699,0.042624,4.05782,-1.065848,0.03
21.364786,102,14.501283,2,0,1,CAREFUL_BIND,0.0,-0.000737,30,2,2,28,50,32,18,48,30,18,2,0.066341,9,62,1,26,27,0.962963,0.731111,0.937204,-0.387692,-4.564997,4.328595,0.054473,4.05782,-1.065848,0.03
21.570782,103,14.709436,2,0,1,CAREFUL_BIND,0.0,-0.000737,30,2,2,28,50,32,18,48,30,18,2,0.060783,9,61,1,26,27,0.962963,0.731111,0.946208,-0.393143,-4.553518,4.333558,0.065059,4.05782,-1.065848,0.03
21.77864,104,14.916142,2,0,1,CAREFUL_BIND,0.0,-0.000737,30,2,2,28,50,32,18,48,30,18,2,0.057276,8,64,1,27,27,1.0,0.74,0.962958,-0.398063,-4.542208,4.33683,0.057566,4.05782,-1.065848,0.03
21.985155,105,15.124103,2,0,1,CAREFUL_BIND,0.0,-0.000737,30,2,2,28,50,32,18,48,30,18,2,0.058549,8,61,1,27,27,1.0,0.74,0.964976,-0.405473,-4.533497,4.340072,0.048414,4.05782,-1.065848,0.03
22.193628,106,15.332348,2,0,1,CAREFUL_BIND,0.0,-0.000737,30,2,2,28,50,32,18,48,30,18,2,0.056861,8,59,1,27,27,1.0,0.74,0.962,-0.412075,-4.531066,4.343047,0.032762,4.05782,-1.065848,0.03
22.404902,107,15.543774,2,0,1,CAREFUL_BIND,0.0,-0.000737,30,2,2,28,50,32,18,48,30,18,2,0.051228,8,58,1,27,27,1.0,0.74,0.954746,-0.416269,-4.52729,4.343795,0.036144,4.05782,-1.065848,0.03
22.605539,108,15.733914,2,0,1,CAREFUL_BIND,0.0,-0.000737,30,2,2,28,50,32,18,48,30,18,2,0.051166,8,58,1,27,27,1.0,0.74,0.94632,-0.419976,-4.524892,4.34361,0.022105,4.05782,-1.065848,0.03
22.819764,109,15.958546,2,0,1,CAREFUL_BIND,0.0,-0.000737,30,1,1,28,50,32,18,49,31,18,1,0.104308,8,58,1,27,27,1.0,0.74,0.936888,1.932074,3.016048,2.117419,1.776684,4.05782,-1.065848,0.03
23.031667,110,16.170315,2,0,1,CAREFUL_BIND,0.0,-0.000737,30,1,1,28,50,32,18,49,31,18,1,0.097458,8,58,1,27,27,1.0,0.74,0.931176,1.9491,2.942833,2.448704,1.468841,4.05782,-1.065848,0.03
23.245312,111,16.382793,2,0,1,CAREFUL_BIND,0.0,-0.000737,30,1,1,28,50,32,18,49,31,18,1,0.083736,8,58,1,27,27,1.0,0.74,0.930295,1.958589,2.87581,2.721154,1.200735,4.05782,-1.065848,0.03
23.457035,112,16.595839,2,0,1,CAREFUL_BIND,0.0,-0.000737,30,1,1,28,50,32,18,49,31,18,1,0.075692,8,56,0,27,27,1.0,0.74,0.934549,1.966555,2.813197,2.943139,0.998912,4.05782,-1.065848,0.03
23.667634,113,16.806423,2,0,1,CAREFUL_BIND,0.0,-0.000737,30,1,1,28,50,32,18,49,31,18,1,0.068022,8,56,0,27,27,1.0,0.74,0.94257,1.976491,2.752518,3.124483,0.829704,4.05782,-1.065848,0.03
23.875113,114,17.013885,2,0,1,CAREFUL_BIND,0.0,-0.000737,30,1,1,28,50,32,18,49,31,18,1,0.065864,8,56,0,27,27,1.0,0.74,0.951894,1.988728,2.69791,3.270777,0.692598,4.05782,-1.065848,0.03
24.089486,115,17.224561,2,0,1,CAREFUL_BIND,0.0,-0.000737,30,1,1,28,50,32,18,49,31,18,1,0.064111,8,55,0,27,27,1.0,0.74,0.960073,1.99878,2.654553,3.391423,0.551368,4.05782,-1.065848,0.03
24.301749,116,17.440288,2,0,1,CAREFUL_BIND,0.0,-0.000737,30,1,1,28,50,32,18,49,31,18,1,0.069342,8,53,0,27,27,1.0,0.74,0.964622,2.008848,2.617584,3.490602,0.452119,4.05782,-1.065848,0.03
24.52554,117,17.653088,2,0,1,CAREFUL_BIND,0.0,-0.000737,30,1,1,28,50,32,18,49,31,18,1,0.066104,8,50,0,27,27,1.0,0.74,0.963969,2.014049,2.588048,3.569458,0.365036,4.05782,-1.065848,0.03
24.741245,118,17.878746,2,0,1,CAREFUL_BIND,0.0,-0.000737,30,1,1,28,50,32,18,49,31,18,1,0.061421,8,46,0,27,27,1.0,0.74,0.957939,2.013181,2.564644,3.639534,0.288254,4.05782,-1.065848,0.03
24.945553,119,18.084432,2,0,1,CAREFUL_BIND,0.0,-0.000737,30,1,1,29,50,32,18,49,31,18,1,0.058105,8,41,0,27,27,1.0,0.74,0.949323,2.014547,2.545607,3.692173,0.260103,4.05782,-1.065848,0.03
25.156389,120,18.294,2,0,1,CAREFUL_BIND,0.0,-0.000737,30,1,1,29,50,32,18,49,31,18,1,0.055147,4,56,0,31,27,1.148148,0.74,0.940038,2.012965,2.525341,3.741123,0.234686,4.05782,-1.065848,0.03
25.366324,121,18.505155,2,0,1,CAREFUL_BIND,0.0,-0.000737,30,1,1,29,50,32,18,49,31,18,1,0.050855,3,57,0,32,27,1.185185,0.74,0.932874,2.015132,2.512359,3.78271,0.181235,4.05782,-1.065848,0.03
25.57734,122,18.716211,2,0,1,CAREFUL_BIND,0.0,-0.000737,30,1,1,29,50,32,18,49,31,18,1,0.053414,3,55,0,32,27,1.185185,0.74,0.930009,2.010632,2.501972,3.813979,0.14198,4.05782,-1.065848,0.03
25.784878,123,18.923662,2,0,1,CAREFUL_BIND,0.0,-0.000737,30,1,1,29,50,32,18,49,31,18,1,0.051657,2,55,0,33,27,1.222222,0.74,0.9322,2.003108,2.49231,3.836966,0.100666,4.05782,-1.065848,0.03
25.992511,124,19.129906,2,0,1,CAREFUL_BIND,0.0,-0.000737,30,1,1,29,50,32,18,49,31,18,1,0.049956,1,56,0,34,27,1.259259,0.74,0.938688,1.998293,2.481113,3.855484,0.116943,4.05782,-1.065848,0.03
26.201057,125,19.339975,2,0,1,CAREFUL_BIND,0.0,-0.000737,30,1,1,29,50,32,18,49,31,18,1,0.050578,1,51,0,34,27,1.259259,0.74,0.947823,1.996767,2.465751,3.875868,0.11686,4.05782,-1.065848,0.03
26.41226,126,19.551165,2,0,1,CAREFUL_BIND,0.0,-0.000737,30,1,1,29,50,32,18,49,31,18,1,0.051887,1,48,0,34,27,1.259259,0.74,0.956907,1.994815,2.45179,3.891004,0.095753,4.05782,-1.065848,0.03
26.627951,127,19.763438,2,0,1,CAREFUL_BIND,0.0,-0.000737,30,1,1,29,50,32,18,49,31,18,1,0.052712,1,44,0,34,27,1.259259,0.74,0.963248,1.993378,2.435564,3.902425,0.084907,4.05782,-1.065848,0.03
26.830297,128,19.96915,2,0,1,CAREFUL_BIND,0.115415,-0.000737,30,1,1,29,50,32,18,49,31,18,1,0.048779,0,45,0,35,27,1.296296,0.74,0.964939,1.992883,2.423154,3.912819,0.075032,4.05782,-1.065848,0.03
27.045487,129,20.183104,2,0,1,CAREFUL_BIND,0.329369,-0.000737,30,1,1,29,50,32,18,49,31,18,1,0.047259,0,39,0,35,27,1.296296,0.74,0.961539,1.9905,2.415292,3.922351,0.06043,4.05782,-1.065848,0.03
27.264074,130,20.39488,2,0,1,CAREFUL_BIND,0.541145,-0.000737,30,1,1,29,50,32,18,49,31,18,1,0.045609,0,35,0,35,27,1.296296,0.74,0.953997,1.98789,2.40873,3.931435,0.038767,4.05782,-1.065848,0.03
27.466972,131,20.605676,2,0,1,CAREFUL_BIND,0.751941,-0.000737,30,1,1,29,50,32,18,49,31,18,1,0.042916,0,32,0,35,27,1.296296,0.74,0.944579,1.983064,2.400517,3.934216,0.069586,4.05782,-1.065848,0.03
27.676249,132,20.815278,2,0,1,CAREFUL_BIND,0.961543,-0.000737,30,1,1,29,50,32,18,49,31,18,1,0.042146,0,32,0,35,27,1.296296,0.74,0.936058,1.975906,2.390589,3.934621,0.03515,4.05782,-1.065848,0.03
27.879114,133,21.018053,2,0,1,CAREFUL_BIND,1.164318,-0.000737,30,1,1,29,50,32,18,49,31,18,1,0.040672,0,32,0,35,27,1.296296,0.74,0.93095,1.975119,2.384168,3.93519,0.026953,4.05782,-1.065848,0.03
28.083181,134,21.221863,2,0,1,CAREFUL_BIND,1.368128,-0.000737,30,1,1,29,50,32,18,49,31,18,1,0.04203,0,30,0,35,27,1.296296,0.74,0.930345,1.973175,2.380014,3.935978,0.027215,4.05782,-1.065848,0.03
28.289985,135,21.428884,2,0,1,CAREFUL_BIND,1.575149,-0.000737,30,0,0,29,50,32,18,50,32,18,0,0.06949,0,27,0,35,27,1.296296,0.74,0.934544,1.973966,2.372185,3.938463,0.042569,4.05782,-1.065848,0.03
28.499702,136,21.638598,2,0,1,RESET_LOOP,1.754773,-0.000737,30,0,0,29,50,32,18,50,32,18,0,0.079689,0,26,6,35,27,1.296296,0.74,0.942524,1.977822,2.366617,3.944681,0.046633,4.05782,-1.065848,0.03
28.711848,137,21.850829,2,0,1,RESET_LOOP,1.967004,-0.000737,30,0,0,29,50,32,18,50,32,18,0,0.075409,0,22,6,35,27,1.296296,0.74,0.952058,1.981568,2.362275,3.952751,0.054764,4.05782,-1.065848,0.03
28.916325,138,22.055104,2,0,1,RESET_LOOP,2.171279,-0.000737,30,0,0,29,50,32,18,50,32,18,0,0.067049,0,21,12,35,27,1.296296,0.74,0.959988,1.979592,2.357817,3.961935,0.054894,4.05782,-1.065848,0.03
29.123334,139,22.262306,2,0,1,RESET_LOOP,2.378481,-0.000737,30,0,0,29,50,32,18,50,32,18,0,0.064523,0,19,12,35,27,1.296296,0.74,0.964509,1.976749,2.35052,3.968141,0.049981,4.05782,-1.065848,0.03
29.330795,140,22.469809,2,0,1,RESET_LOOP,2.585984,-0.000737,30,0,0,29,50,32,18,50,32,18,0,0.06131,0,17,18,35,27,1.296296,0.74,0.964208,1.973418,2.338217,3.970367,0.067668,4.05782,-1.065848,0.03
29.543585,141,22.682482,2,0,1,RESET_LOOP,2.798657,-0.000737,30,0,0,29,50,32,18,50,32,18,0,0.056881,0,16,18,35,27,1.296296,0.74,0.958984,1.964808,2.326641,3.970048,0.057647,4.05782,-1.065848,0.03
29.754723,142,22.893693,2,0,1,RESET_LOOP,3.009868,-0.000737,30,0,0,29,50,32,18,50,32,18,0,0.056014,0,14,24,35,27,1.296296,0.74,0.950403,1.958677,2.316942,3.972024,0.064291,4.05782,-1.065848,0.03
29.960173,143,23.099169,2,0,1,RESET_LOOP,3.215344,-0.000737,30,0,0,29,50,32,18,50,32,18,0,0.05346,0,14,24,35,27,1.296296,0.74,0.941211,1.957271,2.306333,3.973761,0.051205,4.05782,-1.065848,0.03
30.168449,144,23.306061,2,0,1,RESET_LOOP,3.422236,-0.000737,30,0,0,29,50,32,18,50,32,18,0,0.050419,0,12,30,35,27,1.296296,0.74,0.933732,1.956295,2.296643,3.976914,0.050616,4.05782,-1.065848,0.03
30.375174,145,23.514021,2,0,1,RESET_LOOP,3.477647,-0.000737,30,1,1,28,50,32,18,49,31,18,1,0.075529,8,20,31,35,27,1.296296,0.74,0.930136,1.954381,2.284831,3.981645,0.072494,4.05782,-1.065848,0.03
30.584568,146,23.723515,2,0,1,RESET_LOOP,3.320527,-0.000737,30,1,1,29,50,32,18,49,31,18,1,0.071948,8,20,31,35,27,1.296296,0.74,0.931522,1.955214,2.271487,3.9888,0.077852,4.05782,-1.065848,0.03
30.798563,147,23.936008,2,0,1,RESET_LOOP,3.161157,-0.000737,30,1,1,29,50,32,18,49,31,18,1,0.06577,8,16,31,35,27,1.296296,0.74,0.937644,1.957702,2.254902,3.994806,0.093181,4.05782,-1.065848,0.03
30.998849,148,24.137639,2,0,1,RESET_LOOP,3.009934,-0.000737,30,1,1,29,50,32,18,49,31,18,1,0.06196,8,16,31,35,27,1.296296,0.74,0.946206,1.962722,2.241954,4.000372,0.067308,4.05782,-1.065848,0.03
31.208255,149,0.107119,3,0,1,PLAYFUL_STIR,0.0,-0.000737,30,0,0,1,50,32,18,50,32,18,0,0.605752,0,0,0,0,39,0.0,0.5,0.672311,1.784855,5.210781,2.15012,0.722788,0.336211,-2.704727,0.03
31.419214,150,0.318183,3,0,1,PLAYFUL_STIR,0.0,-0.000737,30,0,0,5,50,32,18,50,32,18,0,0.488522,0,0,0,0,39,0.0,0.5,0.680382,1.653115,5.228754,2.121132,0.587327,0.336211,-2.704727,0.03
31.630921,151,0.529846,3,0,1,PLAYFUL_STIR,0.0,-0.000737,30,1,1,6,50,32,18,49,31,18,1,0.395747,7,15,1,0,39,0.0,0.5,0.684674,1.540387,5.238357,2.09676,0.50716,0.336211,-2.704727,0.03
31.842238,152,0.741041,3,0,1,PLAYFUL_STIR,0.0,-0.000737,30,1,1,7,50,32,18,49,31,18,1,0.321645,7,15,1,0,39,0.0,0.5,0.683903,1.446932,5.240759,2.07775,0.421457,0.336211,-2.704727,0.03
32.047084,153,0.946006,3,0,1,PLAYFUL_STIR,0.0,-0.000737,30,1,1,12,50,32,18,49,31,18,1,0.263813,7,15,1,0,39,0.0,0.5,0.678531,1.369684,5.239938,2.062226,0.34373,0.336211,-2.704727,0.03
32.254836,154,1.153309,3,0,1,PLAYFUL_STIR,0.0,-0.000737,30,1,1,14,51,33,18,50,32,18,1,0.609333,7,15,1,0,39,0.0,0.5,0.669994,1.300582,5.242979,2.050822,0.776525,0.336211,-2.704727,0.03
32.461745,155,1.360511,3,0,1,PLAYFUL_STIR,0.0,-0.000737,30,1,1,16,51,33,18,50,32,18,1,0.494122,7,15,1,0,39,0.0,0.5,0.660754,1.169262,5.294013,2.049531,0.603609,0.336211,-2.704727,0.03
32.669894,156,1.568763,3,0,1,PLAYFUL_STIR,0.0,-0.000737,30,1,1,21,51,33,18,50,32,18,1,0.405193,7,15,1,0,39,0.0,0.5,0.653397,1.064275,5.335324,2.04686,0.505048,0.336211,-2.704727,0.03
32.871531,157,1.758635,3,0,1,PLAYFUL_STIR,0.0,-0.000737,30,1,1,26,51,33,18,50,32,18,1,0.333562,7,15,1,0,39,0.0,0.5,0.650171,0.983528,5.366711,2.045793,0.416588,0.336211,-2.704727,0.03
33.075211,158,1.974046,3,0,1,PLAYFUL_STIR,0.0,-0.000737,30,1,1,29,51,33,18,50,32,18,1,0.258933,7,15,1,0,39,0.0,0.5,0.651522,0.90367,5.388956,2.045174,0.342791,0.336211,-2.704727,0.03
33.278563,159,2.17605,3,0,1,PLAYFUL_STIR,0.0,-0.000737,30,1,1,29,51,33,18,50,32,18,1,0.183449,7,15,1,0,39,0.0,0.5,0.657254,0.846269,5.401891,2.046014,0.244165,0.336211,-2.704727,0.03
33.494301,160,2.393082,3,0,1,PLAYFUL_STIR,0.0,-0.000737,30,1,1,29,52,34,18,51,33,18,1,0.452882,7,15,1,0,39,0.0,0.5,0.66643,0.787568,5.402556,2.046737,0.294765,0.336211,-2.704727,0.03
33.697419,161,2.596135,3,0,1,PLAYFUL_STIR,0.0,-0.000737,30,1,1,29,52,34,18,51,33,18,1,0.367242,7,15,1,0,39,0.0,0.5,0.675375,0.732794,5.396981,2.050219,0.2486,0.336211,-2.704727,0.03
33.904676,162,2.803372,3,0,1,PLAYFUL_STIR,0.0,-0.000737,30,1,1,29,52,34,18,51,33,18,1,0.304299,7,15,0,0,39,0.0,0.5,0.682278,0.686266,5.389968,2.055268,0.223341,0.336211,-2.704727,0.03
34.114437,163,3.013138,3,0,1,PLAYFUL_STIR,0.0,-0.000737,30,1,1,29,52,34,18,51,33,18,1,0.61386,7,15,0,0,39,0.0,0.5,0.684997,0.557812,5.405954,2.054927,0.615934,0.336211,-2.704727,0.03
34.333605,164,3.220631,3,0,1,PLAYFUL_STIR,0.0,-0.000737,30,1,1,29,52,34,18,51,33,18,1,0.498847,6,19,0,1,39,0.025641,0.506154,0.689869,0.443237,5.421373,2.051373,0.510144,0.336211,-2.704727,0.03
34.535293,165,3.4339,3,0,1,PLAYFUL_STIR,0.0,-0.000737,30,1,1,29,52,34,18,51,33,18,1,0.400372,4,26,0,3,39,0.076923,0.518462,0.697377,0.345891,5.432107,2.048942,0.430189,0.336211,-2.704727,0.03
34.747456,166,3.646154,3,0,1,PLAYFUL_STIR,0.0,-0.000737,30,1,1,29,52,34,18,51,33,18,1,0.318467,4,22,0,3,39,0.076923,0.518462,0.688073,0.2631,5.438893,2.046642,0.352352,0.336211,-2.704727,0.03
34.959249,167,3.857914,3,0,1,PLAYFUL_STIR,0.0,-0.000737,30,1,1,29,52,34,18,51,33,18,1,0.255543,4,21,0,3,39,0.076923,0.518462,0.679074,0.198185,5.443725,2.044214,0.264925,0.336211,-2.704727,0.03
35.167475,168,4.066124,3,0,1,PLAYFUL_STIR,0.0,-0.000737,30,1,1,29,52,34,18,51,33,18,1,0.555347,2,29,0,5,39,0.128205,0.530769,0.687445,0.085266,5.442682,2.039781,0.857102,0.336211,-2.704727,0.03
35.379279,169,4.277942,3,0,1,PLAYFUL_STIR,0.0,-0.000737,30,1,1,29,52,34,18,51,33,18,1,0.442071,1,33,0,6,39,0.153846,0.536923,0.693218,-0.078829,5.428799,2.032635,0.715643,0.336211,-2.704727,0.03
35.579979,170,4.478787,3,0,1,PLAYFUL_STIR,0.0,-0.000737,30,1,1,29,52,34,18,51,33,18,1,0.363077,1,31,0,6,39,0.153846,0.536923,0.696638,-0.213529,5.418042,2.027194,0.638528,0.336211,-2.704727,0.03
35.787369,171,4.685954,3,0,1,PLAYFUL_STIR,0.0,-0.000737,30,1,1,29,52,34,18,51,33,18,1,0.295655,0,34,0,7,39,0.179487,0.543077,0.711218,-0.33312,5.410817,2.021529,0.517623,0.336211,-2.704727,0.03
35.995936,172,4.894685,3,0,1,PLAYFUL_STIR,0.0,-0.000737,30,1,1,29,52,34,18,51,33,18,1,0.569463,0,32,0,7,39,0.179487,0.543077,0.720541,-0.516463,5.39297,2.008427,1.018474,0.336211,-2.704727,0.03
36.20781,173,5.106381,3,0,1,PLAYFUL_STIR,0.0,-0.000737,30,1,1,29,52,34,18,51,33,18,1,0.463537,0,32,0,7,39,0.179487,0.543077,0.729166,-0.708294,5.375343,1.990351,0.845994,0.336211,-2.704727,0.03
36.417997,174,5.316775,3,0,1,PLAYFUL_STIR,0.0,-0.000737,30,1,1,29,52,34,18,51,33,18,1,0.380579,0,32,0,7,39,0.179487,0.543077,0.734403,-0.867682,5.357662,1.973104,0.722976,0.336211,-2.704727,0.03
36.624726,175,5.523534,3,0,1,PLAYFUL_STIR,0.0,-0.000737,30,1,1,29,53,35,18,52,34,18,1,0.639234,0,32,0,7,39,0.179487,0.543077,0.734819,-1.022823,5.339669,1.960168,0.807239,0.336211,-2.704727,0.03
36.828154,176,5.72696,3,0,1,PLAYFUL_STIR,0.0,-0.000737,30,1,1,29,53,35,18,52,34,18,1,0.520051,0,32,0,7,39,0.179487,0.543077,0.730526,-1.173294,5.32731,1.948279,0.687237,0.336211,-2.704727,0.03
37.038365,177,5.935647,3,0,1,PLAYFUL_STIR,0.0,-0.000737,30,2,2,28,53,35,18,51,33,18,2,0.437094,8,44,1,7,39,0.179487,0.543077,0.722513,-1.303232,5.319406,1.936849,0.580839,0.336211,-2.704727,0.03
37.242666,178,6.129701,3,0,1,PLAYFUL_STIR,0.0,-0.000737,30,2,2,28,53,35,18,51,33,18,2,0.365515,8,44,1,7,39,0.179487,0.543077,0.713779,-1.403163,5.312633,1.93147,0.485474,0.336211,-2.704727,0.03
37.444361,179,6.343081,3,0,1,PLAYFUL_STIR,0.0,-0.000737,30,2,2,28,53,35,18,51,33,18,2,0.685973,8,42,1,7,39,0.179487,0.543077,0.705399,-1.527742,5.298842,1.92529,0.996687,0.336211,-2.704727,0.03
37.653318,180,6.551867,3,0,1,PLAYFUL_STIR,0.0,-0.000737,30,2,2,28,53,35,18,51,33,18,2,0.555574,8,40,1,7,39,0.179487,0.543077,0.700774,-1.71227,5.279815,1.913957,0.800836,0.336211,-2.704727,0.03
37.863349,181,6.761988,3,0,1,PLAYFUL_STIR,0.0,-0.000737,30,3,3,27,53,35,18,50,32,18,3,0.449143,15,55,2,7,39,0.179487,0.543077,0.701051,-1.863425,5.265622,1.90177,0.673586,0.336211,-2.704727,0.03
38.072812,182,6.970036,3,0,1,OBSERVE,0.0,-0.000737,30,3,3,27,53,35,18,50,32,18,3,0.369506,15,55,2,7,39,0.179487,0.543077,0.706119,-1.983678,5.255431,1.892831,0.514344,0.336211,-2.704727,0.03
38.282078,183,7.18067,3,0,1,OBSERVE,0.0,-0.000737,30,3,3,27,53,35,18,50,32,18,3,0.301563,15,51,2,7,39,0.179487,0.543077,0.714627,-2.080315,5.248214,1.883608,0.421019,0.336211,-2.704727,0.03
38.495543,184,7.394209,3,0,1,OBSERVE,0.0,-0.000737,30,3,3,27,53,35,18,50,32,18,3,0.248176,15,49,2,7,39,0.179487,0.543077,0.724172,-2.161857,5.243241,1.872171,0.362013,0.336211,-2.704727,0.03
38.704429,185,7.603145,3,0,1,OBSERVE,0.0,-0.000737,30,3,3,27,53,35,18,50,32,18,3,0.201962,15,48,2,7,39,0.179487,0.543077,0.731665,-2.228519,5.237279,1.861894,0.296717,0.336211,-2.704727,0.03
38.921697,186,7.818931,3,0,1,OBSERVE,0.0,-0.000737,30,3,3,27,53,35,18,50,32,18,3,0.164623,15,46,2,7,39,0.179487,0.543077,0.735184,-2.290029,5.230775,1.853127,0.266098,0.336211,-2.704727,0.03
39.133323,187,8.03199,3,0,1,OBSERVE,0.0,-0.000737,30,3,3,27,53,35,18,50,32,18,3,0.13717,15,46,2,7,39,0.179487,0.543077,0.733415,-2.337978,5.224176,1.844459,0.205822,0.336211,-2.704727,0.03
39.359363,188,8.246576,3,0,1,OBSERVE,0.0,-0.000737,30,3,3,27,53,35,18,50,32,18,3,0.119767,15,43,1,7,39,0.179487,0.543077,0.726904,-2.374097,5.219629,1.835801,0.142485,0.336211,-2.704727,0.03
39.559874,189,8.458563,3,0,1,OBSERVE,0.0,-0.000737,30,3,3,27,53,35,18,50,32,18,3,0.098374,15,42,1,7,39,0.179487,0.543077,0.717737,-2.398769,5.218976,1.829042,0.107761,0.336211,-2.704727,0.03
39.764597,190,8.663277,3,0,1,OBSERVE,0.0,-0.000737,30,3,3,27,53,35,18,50,32,18,3,0.083731,15,40,1,7,39,0.179487,0.543077,0.708859,-2.419277,5.216851,1.823196,0.091959,0.336211,-2.704727,0.03
39.972295,191,8.869665,3,0,1,OBSERVE,0.0,-0.000737,30,3,3,27,53,35,18,50,32,18,3,0.071644,15,40,1,7,39,0.179487,0.543077,0.702406,-2.435331,5.216758,1.821337,0.067699,0.336211,-2.704727,0.03
40.180195,192,9.078878,3,0,1,OBSERVE,0.0,-0.000737,30,3,3,27,53,35,18,50,32,18,3,0.065611,15,36,0,7,39,0.179487,0.543077,0.700273,-2.448224,5.214756,1.821419,0.070895,0.336211,-2.704727,0.03
40.390982,193,9.288384,3,0,1,OBSERVE,0.0,-0.000737,30,3,3,27,53,35,18,50,32,18,3,0.05655,15,32,0,7,39,0.179487,0.543077,0.703194,-2.463423,5.211692,1.820254,0.077158,0.336211,-2.704727,0.03
40.601424,194,9.499754,3,0,1,OBSERVE,0.0,-0.000737,30,2,2,27,53,35,18,51,33,18,2,0.089714,14,32,0,8,39,0.205128,0.549231,0.717587,-2.479887,5.207528,1.814585,0.077169,0.336211,-2.704727,0.03
40.8196,195,9.703927,3,0,1,OBSERVE,0.0,-0.000737,30,2,2,27,53,35,18,51,33,18,2,0.076769,12,39,0,10,39,0.25641,0.561538,0.740998,-2.492191,5.203498,1.810376,0.059759,0.336211,-2.704727,0.03
41.031321,196,9.929988,3,0,1,OBSERVE,0.0,-0.000737,30,2,2,27,53,35,18,51,33,18,2,0.069839,11,42,0,11,39,0.282051,0.567692,0.757549,-2.505626,5.200942,1.806169,0.062153,0.336211,-2.704727,0.03
41.239658,197,10.138177,3,0,1,OBSERVE,0.0,-0.000737,30,2,2,27,53,35,18,51,33,18,2,0.06593,10,39,0,12,39,0.307692,0.573846,0.770127,-2.515804,5.198498,1.804059,0.048964,0.336211,-2.704727,0.03
41.451424,198,10.350058,3,0,1,OBSERVE,0.0,-0.000737,30,2,2,27,53,35,18,51,33,18,2,0.064548,9,43,0,13,39,0.333333,0.58,0.777961,-2.522112,5.19423,1.802755,0.035159,0.336211,-2.704727,0.03
41.661659,199,10.560279,3,0,1,OBSERVE,0.0,-0.000737,30,2,2,27,53,35,18,51,33,18,2,0.060347,8,45,0,14,39,0.358974,0.586154,0.780779,-2.527511,5.190076,1.801527,0.0359,0.336211,-2.704727,0.03
41.868647,200,10.763778,3,0,1,OBSERVE,0.0,-0.000737,30,2,2,27,53,35,18,51,33,18,2,0.056508,7,47,0,15,39,0.384615,0.592308,0.780171,-2.530655,5.187415,1.799591,0.009333,0.336211,-2.704727,0.03
42.072125,201,10.970737,3,0,1,OBSERVE,0.0,-0.000737,30,2,2,27,53,35,18,51,33,18,2,0.050273,6,50,0,16,39,0.410256,0.598462,0.778049,-2.530419,5.190351,1.798878,0.016886,0.336211,-2.704727,0.03
42.294709,202,11.178845,3,0,1,OBSERVE,0.0,-0.000737,30,2,2,27,53,35,18,51,33,18,2,0.048293,4,57,0,18,39,0.461538,0.610769,0.784291,-2.528756,5.189275,1.800397,0.031907,0.336211,-2.704727,0.03
42.508705,203,11.407397,3,0,1,OBSERVE,0.0,-0.000737,30,2,2,27,53,35,18,51,33,18,2,0.047195,1,66,0,21,39,0.538462,0.629231,0.801071,-2.529658,5.179983,1.801375,0.059676,0.336211,-2.704727,0.03
42.719104,204,11.617834,3,0,1,OBSERVE,0.0542,-0.000737,30,2,2,28,53,35,18,51,33,18,2,0.049361,0,66,0,22,39,0.564103,0.635385,0.809078,-2.532025,5.165683,1.799115,0.081239,0.336211,-2.704727,0.03
42.920258,205,11.818825,3,0,1,OBSERVE,0.255191,-0.000737,30,2,2,28,53,35,18,51,33,18,2,0.048272,0,65,0,22,39,0.564103,0.635385,0.81435,-2.534214,5.150245,1.798822,0.07894,0.336211,-2.704727,0.03
43.125104,206,12.023839,3,0,1,OBSERVE,0.460205,-0.000737,30,2,2,28,53,35,18,51,33,18,2,0.047001,0,62,0,22,39,0.564103,0.635385,0.822765,-2.540453,5.137166,1.800481,0.064301,0.336211,-2.704727,0.03
43.340866,207,12.230007,3,0,1,OBSERVE,0.666373,-0.000737,30,2,2,28,53,35,18,51,33,18,2,0.041557,0,62,0,22,39,0.564103,0.635385,0.831974,-2.547896,5.124023,1.802431,0.087157,0.336211,-2.704727,0.03
43.557966,208,12.455268,3,0,1,OBSERVE,0.891634,-0.000737,30,2,2,28,53,35,18,51,33,18,2,0.046031,0,59,0,22,39,0.564103,0.635385,0.839862,-2.559236,5.108375,1.803781,0.096034,0.336211,-2.704727,0.03
43.765882,209,12.664468,3,0,1,OBSERVE,1.100834,-0.000737,30,2,2,28,53,35,18,51,33,18,2,0.04472,0,59,0,22,39,0.564103,0.635385,0.842918,-2.569568,5.093695,1.806594,0.091866,0.336211,-2.704727,0.03
43.967699,210,12.866424,3,0,1,OBSERVE,1.273194,-0.000737,30,1,1,28,53,35,18,52,34,18,1,0.091264,0,59,0,22,39,0.564103,0.635385,0.841083,-2.575254,5.079144,1.809349,0.068104,0.336211,-2.704727,0.03
44.176193,211,13.07484,3,0,1,OBSERVE,1.48161,-0.000737,30,1,1,28,53,35,18,52,34,18,1,0.106864,0,57,0,22,39,0.564103,0.635385,0.834788,-2.573884,5.068004,1.81163,0.05139,0.336211,-2.704727,0.03
44.376638,212,13.265292,3,0,1,OBSERVE,1.672062,-0.000737,30,1,1,28,53,35,18,52,34,18,1,0.094292,0,54,0,22,39,0.564103,0.635385,0.826634,-2.56682,5.060166,1.812968,0.067084,0.336211,-2.704727,0.03
44.577479,213,13.476086,3,0,1,OBSERVE,1.882856,-0.000737,30,1,1,28,53,35,18,52,34,18,1,0.100207,0,51,0,22,39,0.564103,0.635385,0.817363,-2.55535,5.048677,1.813166,0.073456,0.336211,-2.704727,0.03
44.790152,214,13.687469,3,0,1,OBSERVE,2.094239,-0.000737,30,1,1,28,53,35,18,52,34,18,1,0.086147,0,48,0,22,39,0.564103,0.635385,0.810447,-2.547288,5.039637,1.813313,0.045315,0.336211,-2.704727,0.03
44.992038,215,13.890788,3,0,1,OBSERVE,2.297558,-0.000737,30,1,1,28,53,35,18,52,34,18,1,0.079651,0,42,0,22,39,0.564103,0.635385,0.80795,-2.541942,5.030195,1.816487,0.066191,0.336211,-2.704727,0.03
45.197162,216,14.095957,3,0,1,OBSERVE,2.502727,-0.000737,30,1,1,28,53,35,18,52,34,18,1,0.0728,0,36,0,22,39,0.564103,0.635385,0.810272,-2.532564,5.016435,1.818125,0.092174,0.336211,-2.704727,0.03
45.405008,217,14.303817,3,0,1,OBSERVE,2.710587,-0.000737,30,1,1,28,53,35,18,52,34,18,1,0.065317,0,34,0,22,39,0.564103,0.635385,0.816918,-2.521616,4.999083,1.816447,0.104295,0.336211,-2.704727,0.03
45.614193,218,14.51167,3,0,1,OBSERVE,2.91844,-0.000737,30,1,1,28,53,35,18,52,34,18,1,0.060002,0,31,0,22,39,0.564103,0.635385,0.825995,-2.510727,4.985472,1.813947,0.072087,0.336211,-2.704727,0.03
45.824567,219,14.723322,3,0,1,OBSERVE,3.130092,-0.000737,30,1,1,28,53,35,18,52,34,18,1,0.058015,0,28,0,22,39,0.564103,0.635385,0.835061,-2.499896,4.979582,1.810273,0.064697,0.336211,-2.704727,0.03
46.02608,220,14.924915,3,0,1,OBSERVE,3.331685,-0.000737,30,1,1,28,53,35,18,52,34,18,1,0.054056,0,25,0,22,39,0.564103,0.635385,0.84109,-2.487496,4.975086,1.809822,0.043467,0.336211,-2.704727,0.03
46.233004,221,15.131517,3,0,1,OBSERVE,3.508936,-0.000737,30,0,0,29,53,35,18,53,35,18,0,0.076128,0,25,0,22,39,0.564103,0.635385,0.842903,-2.477861,4.970609,1.807045,0.052167,0.336211,-2.704727,0.03
46.439797,222,15.337204,3,0,1,OBSERVE,3.714623,-0.000737,30,0,0,29,53,35,18,53,35,18,0,0.069591,0,23,0,22,39,0.564103,0.635385,0.839824,-2.469413,4.970482,1.805674,0.046802,0.336211,-2.704727,0.03
46.646746,223,15.545577,3,0,1,OBSERVE,3.922997,-0.000737,30,0,0,29,53,35,18,53,35,18,0,0.066183,0,23,0,22,39,0.564103,0.635385,0.83262,-2.461821,4.972709,1.800397,0.044334,0.336211,-2.704727,0.03
46.858154,224,15.757008,3,0,1,OBSERVE,4.134428,-0.000737,30,0,0,29,53,35,18,53,35,18,0,0.057276,0,20,0,22,39,0.564103,0.635385,0.823223,-2.453867,4.975157,1.796819,0.033639,0.336211,-2.704727,0.03
47.059739,225,15.958618,3,0,1,CONSTRUCTIVE_ACTIVATE,4.336038,-0.000737,30,0,0,29,53,35,18,53,35,18,0,0.112363,0,16,0,22,39,0.564103,0.635385,0.814834,-2.450245,4.976287,1.79292,0.026814,0.336211,-2.704727,0.03
47.267867,226,16.165092,3,0,1,CONSTRUCTIVE_ACTIVATE,4.542512,-0.000737,30,0,0,29,53,35,18,53,35,18,0,0.099242,0,15,0,22,39,0.564103,0.635385,0.809212,-2.444204,4.976923,1.79039,0.042679,0.336211,-2.704727,0.03
47.472821,227,16.371579,3,0,1,CONSTRUCTIVE_ACTIVATE,4.748999,-0.000737,30,0,0,29,53,35,18,53,35,18,0,0.137119,0,12,0,22,39,0.564103,0.635385,0.808157,-2.43558,4.98143,1.787151,0.040278,0.336211,-2.704727,0.03
47.682697,228,16.580215,3,0,1,CONSTRUCTIVE_ACTIVATE,4.957635,-0.000737,30,0,0,29,53,35,18,53,35,18,0,0.119579,0,8,0,22,39,0.564103,0.635385,0.812031,-2.42838,4.984956,1.781048,0.039401,0.336211,-2.704727,0.03
47.890084,229,16.78842,3,0,1,CONSTRUCTIVE_ACTIVATE,5.045744,-0.000737,30,1,1,28,53,35,18,52,34,18,1,0.145249,6,16,1,22,39,0.564103,0.635385,0.819738,-2.418616,4.988575,1.77705,0.034812,0.336211,-2.704727,0.03
48.093715,230,16.99251,3,0,1,CONSTRUCTIVE_ACTIVATE,4.892677,-0.000737,30,1,1,28,53,35,18,52,34,18,1,0.12335,6,14,1,22,39,0.564103,0.635385,0.828895,-2.413946,4.990721,1.77662,0.021991,0.336211,-2.704727,0.03
48.301162,231,17.199923,3,0,1,CONSTRUCTIVE_ACTIVATE,4.737117,-0.000737,30,2,2,28,53,35,18,51,33,18,2,0.142442,13,30,2,22,39,0.564103,0.635385,0.837216,-2.494039,4.92768,1.775017,0.822917,0.336211,-2.704727,0.03
48.512231,232,17.410861,3,0,1,CONSTRUCTIVE_ACTIVATE,4.578914,-0.000737,30,2,2,28,53,35,18,51,33,18,2,0.127856,13,29,2,22,39,0.564103,0.635385,0.842244,-2.618229,4.827539,1.771317,0.719327,0.336211,-2.704727,0.03
48.726842,233,17.624138,3,0,1,CONSTRUCTIVE_ACTIVATE,4.418956,-0.000737,30,2,2,28,53,35,18,51,33,18,2,0.156388,13,28,2,22,39,0.564103,0.635385,0.842316,-2.72545,4.742301,1.767685,0.577761,0.336211,-2.704727,0.03
48.9413,234,17.839843,3,0,1,CONSTRUCTIVE_ACTIVATE,4.257177,-0.000737,30,2,2,28,53,35,18,51,33,18,2,0.134702,13,28,2,22,39,0.564103,0.635385,0.837253,-2.8126,4.670841,1.763926,0.481088,0.336211,-2.704727,0.03
49.157124,235,18.052137,3,0,1,CONSTRUCTIVE_ACTIVATE,4.097957,-0.000737,30,2,2,28,53,35,18,51,33,18,2,0.159161,13,28,2,22,39,0.564103,0.635385,0.828725,-2.88099,4.609426,1.763056,0.390972,0.336211,-2.704727,0.03
49.366439,236,18.264871,3,0,1,CONSTRUCTIVE_ACTIVATE,3.938406,-0.000737,30,3,3,27,53,35,18,50,32,18,3,0.151251,20,46,3,22,39,0.564103,0.635385,0.819206,-2.945022,4.604291,1.782589,1.370719,0.336211,-2.704727,0.03
49.58232,237,18.479637,3,0,1,CONSTRUCTIVE_ACTIVATE,3.777332,-0.000737,30,3,3,27,53,35,18,50,32,18,3,0.172634,20,46,3,22,39,0.564103,0.635385,0.811492,-3.040509,4.827536,1.889867,1.126707,0.336211,-2.704727,0.03
49.794535,238,18.693203,3,0,1,CONSTRUCTIVE_ACTIVATE,3.617157,-0.000737,30,3,3,27,53,35,18,50,32,18,3,0.148946,20,46,3,22,39,0.564103,0.635385,0.808023,-3.118084,5.006021,1.979515,0.896478,0.336211,-2.704727,0.03
49.99628,239,18.894637,3,0,1,CONSTRUCTIVE_ACTIVATE,3.466082,-0.000737,30,3,3,27,53,35,18,50,32,18,3,0.160533,20,46,3,22,39,0.564103,0.635385,0.809552,-3.175404,5.140768,2.051818,0.748022,0.336211,-2.704727,0.03
50.21266,240,19.111057,3,0,1,CONSTRUCTIVE_ACTIVATE,3.303766,-0.000737,30,3,3,27,53,35,18,50,32,18,3,0.139822,20,46,3,22,39,0.564103,0.635385,0.815906,-3.220945,5.262285,2.117267,0.619867,0.336211,-2.704727,0.03
50.425509,241,19.32414,3,0,1,CONSTRUCTIVE_ACTIVATE,3.143954,-0.000737,30,3,3,27,53,35,18,50,32,18,3,0.165703,20,46,2,22,39,0.564103,0.635385,0.825051,-3.255384,5.366756,2.167651,0.517582,0.336211,-2.704727,0.03
50.653124,242,19.537197,3,0,1,CONSTRUCTIVE_ACTIVATE,2.984162,-0.000737,30,4,4,26,53,35,18,49,31,18,4,0.130667,28,62,2,22,39,0.564103,0.635385,0.834314,-3.280477,5.454095,2.20671,0.435074,0.336211,-2.704727,0.03
50.855306,243,19.753784,3,0,1,CONSTRUCTIVE_ACTIVATE,2.821721,-0.000737,30,5,5,25,53,35,18,48,30,18,5,0.153989,38,78,3,22,39,0.564103,0.635385,0.841,-3.29717,5.530864,2.235753,0.348634,0.336211,-2.704727,0.03
51.06261,244,19.961059,3,0,1,CONSTRUCTIVE_ACTIVATE,2.666265,-0.000737,30,5,5,25,53,35,18,48,30,18,5,0.134772,38,78,3,22,39,0.564103,0.635385,0.842915,-3.309561,5.588376,2.256762,0.270813,0.336211,-2.704727,0.03
51.276157,245,20.174628,3,0,1,CONSTRUCTIVE_ACTIVATE,2.506088,-0.000737,30,5,5,25,53,35,18,48,30,18,5,0.163551,38,74,3,22,39,0.564103,0.635385,0.839714,-3.317388,5.637449,2.274473,0.22516,0.336211,-2.704727,0.03
51.489301,246,20.387524,3,0,1,CONSTRUCTIVE_ACTIVATE,2.346416,-0.000737,30,6,6,24,53,35,18,47,29,18,6,0.159569,47,82,4,22,39,0.564103,0.635385,0.832256,-3.321144,5.675359,2.292411,0.178835,0.336211,-2.704727,0.03
51.706785,247,20.605151,3,0,1,CONSTRUCTIVE_ACTIVATE,2.183196,-0.000737,30,8,8,22,53,35,18,45,27,18,8,0.160941,58,134,5,27,39,0.692308,0.666154,0.858449,-3.31732,5.70723,2.309612,0.161993,0.336211,-2.704727,0.03
51.924553,248,20.806683,3,0,1,CONSTRUCTIVE_ACTIVATE,2.032047,-0.000737,30,8,8,22,53,35,18,45,27,18,8,0.193227,56,142,5,29,39,0.74359,0.678462,0.864562,-3.31525,5.731247,2.322347,0.133287,0.336211,-2.704727,0.03
52.138944,249,21.035626,3,0,1,CONSTRUCTIVE_ACTIVATE,1.86034,-0.000737,30,9,9,21,53,35,18,44,26,18,9,0.185173,65,152,6,30,39,0.769231,0.684615,0.866092,-3.286714,5.660459,2.294281,0.788242,0.336211,-2.704727,0.03
52.34127,250,21.238185,3,0,1,CONSTRUCTIVE_ACTIVATE,1.708421,-0.000737,30,9,9,21,53,35,18,44,26,18,9,0.162117,62,160,6,33,39,0.846154,0.703077,0.887431,-3.238187,5.532748,2.243629,0.665864,0.336211,-2.704727,0.03
52.549188,251,21.441789,3,0,1,CONSTRUCTIVE_ACTIVATE,1.555718,-0.000737,30,9,9,21,53,35,18,44,26,18,9,0.194048,61,160,6,34,39,0.871795,0.709231,0.899049,-3.194337,5.426491,2.202978,0.535623,0.336211,-2.704727,0.03
52.751659,252,21.649816,3,0,1,CONSTRUCTIVE_ACTIVATE,1.399697,-0.000737,30,9,9,21,53,35,18,44,26,18,9,0.162335,61,157,6,34,39,0.871795,0.709231,0.907118,-3.153859,5.339584,2.168036,0.455752,0.336211,-2.704727,0.03
52.95849,253,21.856278,3,0,1,CONSTRUCTIVE_ACTIVATE,1.244851,-0.000737,30,9,9,21,53,35,18,44,26,18,9,0.183734,59,162,5,36,39,0.923077,0.721538,0.930758,-3.122528,5.265832,2.14033,0.376132,0.336211,-2.704727,0.03
53.17389,254,22.071663,3,0,1,CONSTRUCTIVE_ACTIVATE,1.083312,-0.000737,30,10,10,20,53,35,18,43,25,18,10,0.16061,67,180,5,38,39,0.974359,0.733846,0.953324,-3.095353,5.201338,2.117749,0.318497,0.336211,-2.704727,0.03
53.387288,255,22.28487,3,0,1,CONSTRUCTIVE_ACTIVATE,0.923407,-0.000737,30,11,11,19,53,35,18,42,24,18,11,0.158624,73,194,6,39,39,1.0,0.74,0.964721,-3.097952,5.09981,2.084511,0.937905,-4.79699,-0.149218,0.03
53.598295,256,22.484102,3,0,1,CONSTRUCTIVE_ACTIVATE,0.773983,-0.000737,30,11,11,19,53,35,18,42,24,18,11,0.173622,73,190,6,39,39,1.0,0.74,0.964003,-3.141222,4.940729,2.035477,0.796322,-4.79699,-0.149218,0.03
53.809518,257,22.707239,3,0,1,CONSTRUCTIVE_ACTIVATE,0.60663,-0.000737,30,11,11,19,53,35,18,42,24,18,11,0.200827,72,189,5,40,39,1.025641,0.74,0.958111,-3.166817,4.763795,1.979293,1.149665,-4.79699,-0.149218,0.03
54.013958,258,22.911985,3,0,1,CONSTRUCTIVE_ACTIVATE,0.453071,-0.000737,30,11,11,19,53,35,18,42,24,18,11,0.174091,72,185,4,40,39,1.025641,0.74,0.949579,-3.159291,4.559989,1.918897,0.959526,-4.79699,-0.149218,0.03
54.221933,259,23.118557,3,0,1,CONSTRUCTIVE_ACTIVATE,0.298142,-0.000737,30,12,12,18,53,35,18,41,23,18,12,0.168095,78,203,4,42,39,1.076923,0.74,0.940396,-4.648434,0.231717,1.78237,1.108569,-4.79699,-0.149218,0.03
54.426105,260,23.323421,3,0,1,CONSTRUCTIVE_ACTIVATE,0.144494,-0.000737,30,12,12,18,53,35,18,41,23,18,12,0.14784,72,221,4,48,39,1.230769,0.74,0.933259,-4.705306,0.029099,1.776344,0.948886,-4.79699,-0.149218,0.03
54.639684,261,23.537309,3,0,1,OBSERVE,0.0,-0.000737,30,12,12,18,53,35,18,41,23,18,12,0.125744,69,226,3,51,39,1.307692,0.74,0.930036,-4.761141,-0.147942,1.768177,0.803769,-4.79699,-0.149218,0.03
54.848813,262,23.746429,3,0,1,OBSERVE,0.0,-0.000737,30,12,12,18,53,35,18,41,23,18,12,0.110728,65,236,3,55,39,1.410256,0.74,0.931975,-4.806303,-0.296115,1.760927,0.704911,-4.79699,-0.149218,0.03
55.059957,263,23.944278,3,0,1,OBSERVE,0.0,-0.000737,30,11,11,18,53,35,18,42,24,18,11,0.136516,63,235,3,57,39,1.461538,0.74,0.937958,-4.841602,-0.419292,1.753683,0.599309,-4.79699,-0.149218,0.03
55.261348,264,24.158703,3,0,1,OBSERVE,0.0,-0.000737,30,11,11,18,53,35,18,42,24,18,11,0.117349,60,238,3,60,39,1.538462,0.74,0.947164,-4.873441,-0.529335,1.744893,0.484156,-4.79699,-0.149218,0.03
55.474703,265,24.372366,3,0,1,OBSERVE,0.0,-0.000737,30,11,11,18,53,35,18,42,24,18,11,0.103907,58,240,2,62,39,1.589744,0.74,0.956442,-4.90079,-0.61508,1.734106,0.367118,-4.79699,-0.149218,0.03
55.690868,266,24.573504,3,0,1,OBSERVE,0.0,-0.000737,30,11,11,18,53,35,18,42,24,18,11,0.093495,53,251,1,67,39,1.717949,0.74,0.96276,-4.925598,-0.678372,1.721988,0.315224,-4.79699,-0.149218,0.03
55.898801,267,24.796392,3,0,1,OBSERVE,0.0,-0.000737,30,11,11,18,53,35,18,42,24,18,11,0.10264,50,255,1,70,39,1.794872,0.74,0.96496,-4.946372,-0.7344,1.71185,0.225685,-4.79699,-0.149218,0.03
56.114,268,25.010381,3,0,1,OBSERVE,0.0,-0.000737,30,12,12,17,53,35,18,41,23,18,12,0.09131,53,272,2,73,39,1.871795,0.74,0.961699,-4.960374,-0.776887,1.70364,0.205723,-4.79699,-0.149218,0.03
56.322662,269,25.219799,3,0,1,OBSERVE,0.0,-0.000737,30,12,12,17,53,35,18,41,23,18,12,0.086143,44,297,2,82,39,2.102564,0.74,0.954347,-4.970101,-0.811844,1.694451,0.156979,-4.79699,-0.149218,0.03
56.53748,270,25.434493,3,0,1,OBSERVE,0.0,-0.000737,30,11,11,17,53,35,18,42,24,18,11,0.127279,38,307,1,88,39,2.25641,0.74,0.944777,-3.496374,0.68052,1.74464,2.103999,-4.79699,-0.149218,0.03
56.739859,271,25.637457,3,0,1,OBSERVE,0.0,-0.000737,30,11,11,17,53,35,18,42,24,18,11,0.116936,35,308,1,91,39,2.333333,0.74,0.936443,-3.345027,0.516064,2.126209,2.050326,-4.79699,-0.149218,0.03
56.951715,272,25.835784,3,0,1,OBSERVE,0.0,-0.000737,30,11,11,17,53,35,18,42,24,18,11,0.105684,33,306,1,93,39,2.384615,0.74,0.931192,-3.218509,0.374765,2.44881,1.741338,-4.79699,-0.149218,0.03
57.1523,273,26.04894,3,0,1,OBSERVE,0.0,-0.000737,30,10,10,17,53,35,18,43,25,18,10,0.142299,31,305,1,95,39,2.435897,0.74,0.930292,-3.103445,0.250441,2.738569,1.439545,-4.79699,-0.149218,0.03
57.364003,274,26.260612,3,0,1,OBSERVE,0.0,-0.000737,30,11,11,17,53,35,18,42,24,18,11,0.12074,34,323,2,99,39,2.538462,0.74,0.934499,-3.006247,0.147027,2.976432,1.209661,-4.79699,-0.149218,0.03
57.567866,275,26.465284,3,0,1,OBSERVE,0.0,-0.000737,30,11,11,17,53,35,18,42,24,18,11,0.11197,33,315,2,100,39,2.564103,0.74,0.94224,-2.919386,0.06279,3.168418,1.019468,-4.79699,-0.149218,0.03
57.784793,276,26.682493,3,0,1,OBSERVE,0.0,-0.000737,30,11,11,17,53,35,18,42,24,18,11,0.099366,30,315,2,103,39,2.641026,0.74,0.951989,-2.841773,-0.011147,3.338443,0.845059,-4.79699,-0.149218,0.03
57.988398,277,26.88595,3,0,1,OBSERVE,0.0,-0.000737,30,11,11,17,53,35,18,42,24,18,11,0.088976,27,317,2,106,39,2.717949,0.74,0.959912,-2.779327,-0.064412,3.470122,0.689351,-4.79699,-0.149218,0.03
58.202928,278,27.099696,3,0,1,OBSERVE,0.0,-0.000737,30,10,10,17,53,35,18,43,25,18,10,0.109734,26,309,2,107,39,2.74359,0.74,0.964553,-2.729683,-0.105201,3.58477,0.562558,-4.79699,-0.149218,0.03
58.414772,279,27.312568,3,0,1,OBSERVE,0.0,-0.000737,30,9,9,17,53,35,18,44,26,18,9,0.146622,24,308,1,109,39,2.794872,0.74,0.964074,-2.685547,-0.139009,3.679616,0.48021,-4.79699,-0.149218,0.03
58.617193,280,27.514617,3,0,1,OBSERVE,0.0,-0.000737,30,9,9,17,53,35,18,44,26,18,9,0.1307,23,304,1,110,39,2.820513,0.74,0.959021,-2.64856,-0.170062,3.752681,0.393977,-4.79699,-0.149218,0.03
58.834254,281,27.732107,3,0,1,OBSERVE,0.0,-0.000737,30,8,8,18,53,35,18,45,27,18,8,0.148345,22,294,1,111,39,2.846154,0.74,0.95017,-2.61918,-0.196425,3.816567,0.311692,-4.79699,-0.149218,0.03
59.056881,282,27.948342,3,0,1,OBSERVE,0.0,-0.000737,30,8,8,18,53,35,18,45,27,18,8,0.130783,19,289,1,114,39,2.923077,0.74,0.940539,-2.59299,-0.220749,3.869266,0.278242,-4.79699,-0.149218,0.03
59.273871,283,28.171754,3,0,1,OBSERVE,0.0,-0.000737,30,6,6,19,53,35,18,47,29,18,6,0.195338,16,285,1,117,39,3.0,0.74,0.93287,-2.570919,-0.244158,3.917671,0.223738,-4.79699,-0.149218,0.03
59.503492,284,28.381453,3,0,1,OBSERVE,0.0,-0.000737,30,6,6,19,53,35,18,47,29,18,6,0.169763,14,283,1,119,39,3.051282,0.74,0.930011,-2.556898,-0.260628,3.954224,0.194471,-4.79699,-0.149218,0.03
59.708535,285,28.605046,3,0,1,OBSERVE,0.0,-0.000737,30,7,7,18,53,35,18,46,28,18,7,0.151755,20,281,1,119,39,3.051282,0.74,0.932542,-2.542978,-0.272867,3.985318,0.147268,1.700473,-0.234971,0.03
59.922186,286,28.818756,3,0,1,OBSERVE,0.0,-0.000737,30,5,5,18,53,35,18,48,30,18,5,0.228144,18,275,1,121,39,3.102564,0.74,0.939583,-2.533332,-0.2818,4.010459,0.137224,1.700473,-0.234971,0.03
60.029825,287,28.908027,3,0,1,OBSERVE,0.0,-0.000737,30,5,5,18,53,35,18,48,30,18,5,0.209389,17,269,1,122,39,3.128205,0.74,0.943385,-2.528534,-0.285137,4.019971,0.116779,1.700473,-0.234971,0.03
