run_id,frame,elapsed_seconds,ai_enabled,ai_mode,ai_round,paused,selected_alveolus,probe_x,probe_y,probe_z,probe_vx,probe_vy,probe_vz,breathing_phase,breathing_rate,breathing_amplitude,blood_flow_speed,membrane_permeability,avg_capillary_saturation,avg_carrier_saturation,air_o2_count,air_co2_count,blood_o2_count,blood_co2_count,o2_to_blood_transfers,co2_to_air_transfers,attach_count,detach_count,collision_count,spill_count,mark_count,reset_count,tissue_exchange_count,exhaled_count,stagnation_timer,completion_timer,alveolus_1_radius,alveolus_2_radius,alveolus_3_radius,alveolus_4_radius,alveolus_5_radius,path_1_saturation,path_2_saturation,path_3_saturation,path_4_saturation,path_5_saturation
20260527-223837-sentence-script-a-cluster-of-semi-transp-5ee96f,23,0.2508,1,careful_breath,1,0,4,2.01666,-0.5621,0.33565,11.6545,-4.31929,0.4485,1.2751,0.79064,0.105,1.0,1.04404,0.37688,0.30373,80,36,10,39,0,11,0,11,0,0,1,0,0,0,0.08077,0.0,0.94613,0.98728,1.11289,0.96263,1.03698,0.40151,0.37065,0.40254,0.38417,0.32551
20260527-223837-sentence-script-a-cluster-of-semi-transp-5ee96f,62,0.5171,1,careful_breath,1,0,4,2.4018,-0.65348,0.62623,-0.24577,0.10367,0.30253,2.56901,0.75918,0.105,1.0,1.09123,0.34628,0.30373,80,42,10,33,0,17,0,17,0,0,1,0,0,0,0.24753,0.0,0.90869,0.9482,1.06885,0.92453,0.99594,0.37206,0.32386,0.36376,0.36158,0.31016
20260527-223837-sentence-script-a-cluster-of-semi-transp-5ee96f,82,0.7779,1,careful_breath,1,0,4,2.11707,-0.57362,0.83109,-1.41738,0.30522,0.77411,3.8052,0.74896,0.105,1.0,1.10656,0.33467,0.30373,81,42,10,32,0,18,0,18,41,0,1,0,0,1,0.46802,0.0,0.80417,0.83914,0.9459,0.81819,0.88138,0.35646,0.3171,0.34913,0.35137,0.29927
20260527-223837-sentence-script-a-cluster-of-semi-transp-5ee96f,109,1.0281,1,careful_breath,1,0,4,1.78505,-0.52526,1.02126,-1.1486,0.06859,0.85263,4.97513,0.73926,0.105,1.0,1.12112,0.32518,0.30373,81,44,10,30,0,20,0,20,141,0,1,0,0,1,0.66167,0.0,0.7726,0.80619,0.90877,0.78607,0.84678,0.34268,0.30859,0.34258,0.34237,0.28966
20260527-223837-sentence-script-a-cluster-of-semi-transp-5ee96f,130,1.2813,1,careful_breath,1,0,4,1.58838,-0.53599,1.22216,-0.7556,-0.12735,0.91485,6.14625,0.73402,0.105,1.0,1.12897,0.3183,0.30373,81,44,10,30,0,20,0,20,141,0,1,0,0,1,0.91488,0.0,0.84745,0.8843,0.99682,0.86223,0.92882,0.33576,0.299,0.33407,0.33783,0.28483
20260527-223837-sentence-script-a-cluster-of-semi-transp-5ee96f,145,1.5377,1,careful_breath,1,0,4,1.33952,-0.59529,1.47479,-1.17421,-0.32147,0.90458,7.32677,0.73118,0.105,1.0,1.13324,0.31807,0.30373,81,46,10,28,0,22,0,22,141,0,1,0,0,1,1.06748,0.0,0.93779,0.97857,1.10308,0.95414,1.02784,0.34086,0.29405,0.3376,0.33549,0.28233
20260527-223837-sentence-script-a-cluster-of-semi-transp-5ee96f,160,1.7951,1,careful_breath,1,0,4,0.99003,-0.7014,1.60641,-1.43718,-0.4766,0.07611,8.50763,0.72891,0.105,1.0,1.13664,0.31902,0.30373,81,49,10,25,0,25,0,25,141,0,1,0,0,1,1.1711,0.0,0.93144,0.97195,1.09561,0.94768,1.02088,0.34357,0.29793,0.33237,0.3337,0.28753
20260527-223837-sentence-script-a-cluster-of-semi-transp-5ee96f,175,2.0557,1,careful_breath,1,0,4,0.63023,-0.83999,1.4976,-1.27125,-0.56638,-0.77071,9.69953,0.7271,0.105,1.0,1.13935,0.32077,0.29979,81,48,11,25,1,25,1,25,141,0,1,0,0,2,1.27519,0.0,0.83528,0.87161,0.9825,0.84985,0.91548,0.37036,0.29324,0.32838,0.32748,0.28438
20260527-223837-sentence-script-a-cluster-of-semi-transp-5ee96f,190,2.3146,1,careful_breath,1,0,4,0.63023,-0.83999,1.4976,0.0,0.0,0.0,10.88241,0.7271,0.105,1.0,1.13935,0.31569,0.29979,82,47,11,25,1,25,1,25,251,0,1,0,0,3,1.27519,0.0,0.77008,0.80356,0.9058,0.7835,0.84402,0.35975,0.28966,0.32534,0.32169,0.28198
20260527-223837-sentence-script-a-cluster-of-semi-transp-5ee96f,207,2.5773,1,careful_breath,1,0,4,0.63023,-0.83999,1.4976,0.0,0.0,0.0,12.08242,0.7271,0.105,1.0,1.13935,0.31318,0.29979,82,48,11,24,1,26,1,26,269,0,1,0,0,3,1.27519,0.0,0.81777,0.85333,0.96191,0.83203,0.89629,0.35075,0.28664,0.32278,0.31679,0.28896
20260527-223837-sentence-script-a-cluster-of-semi-transp-5ee96f,224,2.8343,1,careful_breath,1,0,4,0.63023,-0.83999,1.4976,0.0,0.0,0.0,13.25644,0.7271,0.105,1.0,1.13935,0.31712,0.29675,82,53,11,19,1,31,1,31,269,0,1,0,0,3,1.27519,0.0,0.91724,0.95713,1.07891,0.93324,1.00531,0.34414,0.29013,0.32942,0.33683,0.28509
20260527-223837-sentence-script-a-cluster-of-semi-transp-5ee96f,241,3.0886,1,careful_breath,1,0,4,0.63023,-0.83999,1.4976,0.0,0.0,0.0,14.41811,0.7271,0.105,1.0,1.13935,0.31791,0.29675,82,57,11,15,1,35,1,35,269,0,1,0,0,3,1.27519,0.0,0.94651,0.98767,1.11334,0.96301,1.03739,0.34615,0.28294,0.33384,0.34439,0.28224
20260527-223837-sentence-script-a-cluster-of-semi-transp-5ee96f,257,3.3533,1,careful_breath,1,0,4,0.63023,-0.83999,1.4976,0.0,0.0,0.0,15.62737,0.7271,0.105,1.0,1.13935,0.31613,0.29381,82,60,11,12,1,38,1,38,270,0,1,0,0,3,1.27519,0.0,0.86704,0.90475,1.01986,0.88216,0.95029,0.34103,0.28491,0.32926,0.34098,0.28447
20260527-223837-sentence-script-a-cluster-of-semi-transp-5ee96f,274,3.6142,1,careful_breath,1,0,4,0.63023,-0.83999,1.4976,0.0,0.0,0.0,16.81934,0.7271,0.105,1.0,1.13935,0.30894,0.28913,89,53,11,12,1,38,1,38,367,0,1,0,0,10,1.27519,0.0,0.77886,0.81273,0.91614,0.79244,0.85364,0.33701,0.27911,0.31975,0.33096,0.27788
20260527-223837-sentence-script-a-cluster-of-semi-transp-5ee96f,291,3.8741,1,careful_breath,1,0,4,0.63023,-0.83999,1.4976,0.0,0.0,0.0,18.00692,0.7271,0.105,1.0,1.13935,0.3036,0.28913,89,53,11,12,1,38,1,38,446,0,1,0,0,10,1.27519,0.0,0.79239,0.82685,0.93205,0.80621,0.86847,0.33405,0.27485,0.31245,0.32359,0.27305
20260527-223837-sentence-script-a-cluster-of-semi-transp-5ee96f,307,4.1306,1,careful_breath,1,0,4,0.63023,-0.83999,1.4976,0.0,0.0,0.0,19.17891,0.7271,0.105,1.0,1.13935,0.30124,0.28913,89,54,11,11,1,39,1,39,446,0,1,0,0,10,1.27519,0.0,0.88897,0.92763,1.04566,0.90447,0.97433,0.33199,0.27188,0.30736,0.31845,0.27653
20260527-223837-sentence-script-a-cluster-of-semi-transp-5ee96f,322,4.3873,1,careful_breath,1,0,4,0.63023,-0.83999,1.4976,0.0,0.0,0.0,20.35145,0.7271,0.105,1.0,1.13935,0.29953,0.28677,89,55,11,10,1,40,1,40,446,0,1,0,0,10,1.27519,0.0,0.94984,0.99114,1.11725,0.9664,1.04104,0.33803,0.26978,0.30375,0.31482,0.27128
20260527-223837-sentence-script-a-cluster-of-semi-transp-5ee96f,337,4.6449,1,careful_breath,1,0,4,0.63023,-0.83999,1.4976,0.0,0.0,0.0,21.52836,0.7271,0.105,1.0,1.13935,0.301,0.28677,89,58,11,7,1,43,1,43,446,0,1,0,0,10,1.27519,0.0,0.90008,0.93922,1.05872,0.91577,0.9865,0.33512,0.27528,0.30865,0.31205,0.27392
20260527-223837-sentence-script-a-cluster-of-semi-transp-5ee96f,352,4.9045,1,careful_breath,1,0,4,0.63023,-0.83999,1.4976,0.0,0.0,0.0,22.71415,0.7271,0.105,1.0,1.13935,0.29695,0.28191,93,54,11,7,1,43,1,43,508,0,1,0,0,14,1.27519,0.0,0.80004,0.83484,0.94105,0.81399,0.87686,0.33291,0.27236,0.30474,0.30703,0.2677
20260527-223837-sentence-script-a-cluster-of-semi-transp-5ee96f,367,5.1668,1,careful_breath,1,0,4,0.63023,-0.83999,1.4976,0.0,0.0,0.0,23.91281,0.7271,0.105,1.0,1.13935,0.29328,0.28191,93,54,11,7,1,43,1,43,720,0,1,0,0,14,1.27519,0.0,0.775,0.8087,0.91159,0.78851,0.84941,0.33122,0.27014,0.30176,0.30031,0.26297
20260527-223837-sentence-script-a-cluster-of-semi-transp-5ee96f,383,5.4174,1,careful_breath,1,0,4,0.63023,-0.83999,1.4976,0.0,0.0,0.0,25.05761,0.7271,0.105,1.0,1.13935,0.29214,0.28191,93,55,11,6,1,44,1,44,720,0,1,0,0,14,1.27519,0.0,0.853,0.89009,1.00334,0.86787,0.9349,0.32988,0.26836,0.30836,0.29491,0.25917
20260527-223837-sentence-script-a-cluster-of-semi-transp-5ee96f,400,5.6737,1,careful_breath,1,0,4,0.63023,-0.83999,1.4976,0.0,0.0,0.0,26.22846,0.7271,0.105,1.0,1.13935,0.2909,0.28191,93,56,11,5,1,45,1,45,720,0,1,0,0,14,1.27519,0.0,0.94005,0.98093,1.10574,0.95644,1.03031,0.32882,0.27474,0.30409,0.29066,0.25618
20260527-223837-sentence-script-a-cluster-of-semi-transp-5ee96f,417,5.9259,1,careful_breath,1,0,4,0.63023,-0.83999,1.4976,0.0,0.0,0.0,27.38044,0.7271,0.105,1.0,1.13935,0.28993,0.28191,93,57,11,4,1,46,1,46,720,0,1,0,0,14,1.27519,0.0,0.93015,0.9706,1.09409,0.94636,1.01946,0.32804,0.27165,0.30096,0.29504,0.25398
20260527-223837-sentence-script-a-cluster-of-semi-transp-5ee96f,433,6.1931,1,careful_breath,1,0,4,0.63023,-0.83999,1.4976,0.0,0.0,0.0,28.60135,0.7271,0.105,1.0,1.13935,0.2876,0.2777,100,50,11,4,1,46,1,46,724,0,1,0,0,21,1.27519,0.0,0.83078,0.8669,0.9772,0.84526,0.91054,0.32637,0.26948,0.29876,0.29097,0.25244
20260527-223837-sentence-script-a-cluster-of-semi-transp-5ee96f,448,6.4548,1,careful_breath,1,0,4,0.63023,-0.83999,1.4976,0.0,0.0,0.0,29.79699,0.7271,0.105,1.0,1.13935,0.28516,0.2777,101,49,11,4,1,46,1,46,1031,0,1,0,0,22,1.27519,0.0,0.7696,0.80307,0.90525,0.78302,0.8435,0.32122,0.26795,0.2972,0.28808,0.25135
20260527-223837-sentence-script-a-cluster-of-semi-transp-5ee96f,463,6.7195,1,careful_breath,1,0,4,0.63023,-0.83999,1.4976,0.0,0.0,0.0,31.00608,0.7271,0.105,1.0,1.13935,0.2833,0.2777,101,49,11,4,1,46,1,46,1051,0,1,0,0,22,1.27519,0.0,0.8238,0.85963,0.969,0.83817,0.9029,0.3173,0.26678,0.29602,0.28588,0.25052
20260527-223837-sentence-script-a-cluster-of-semi-transp-5ee96f,478,6.9869,1,careful_breath,1,0,4,0.63023,-0.83999,1.4976,0.0,0.0,0.0,32.22787,0.7271,0.105,1.0,1.13935,0.28313,0.27387,101,50,11,3,1,47,1,47,1051,0,1,0,0,22,1.27519,0.0,0.92528,0.96552,1.08837,0.94141,1.01412,0.31432,0.26588,0.30135,0.28421,0.24988
20260527-223837-sentence-script-a-cluster-of-semi-transp-5ee96f,493,7.2467,1,careful_breath,1,0,4,0.30594,-0.95925,1.48905,-1.46173,-0.57356,-0.39308,33.41414,0.72592,0.105,1.0,1.14111,0.28169,0.26421,101,51,10,3,1,48,1,48,1051,0,1,0,1,22,1.3177,0.0,0.94193,0.98289,1.10795,0.95835,1.03237,0.31926,0.26521,0.29166,0.28293,0.2494
20260527-223837-sentence-script-a-cluster-of-semi-transp-5ee96f,508,7.5079,1,careful_breath,1,0,4,0.00335,-1.09744,1.26638,-0.8864,-0.48514,-1.17751,34.60429,0.72472,0.105,1.0,1.14292,0.27712,0.25315,103,49,10,3,1,48,1,48,1059,0,1,0,1,24,1.47511,0.0,0.85555,0.89276,1.00635,0.87047,0.9377,0.31019,0.2643,0.28133,0.28115,0.24864
20260527-223837-sentence-script-a-cluster-of-semi-transp-5ee96f,522,7.7587,1,careful_breath,1,0,4,-0.15999,-1.19965,0.94456,-0.53295,-0.33707,-1.30003,35.74574,0.72382,0.105,1.0,1.14427,0.27166,0.25315,106,46,10,3,1,48,1,48,1343,0,1,0,1,27,1.67336,0.0,0.77602,0.80977,0.9128,0.78956,0.85054,0.30368,0.26158,0.27392,0.2755,0.24362
20260527-223837-sentence-script-a-cluster-of-semi-transp-5ee96f,537,8.0264,1,careful_breath,1,0,4,-0.32003,-1.26012,0.62486,-0.7266,-0.12158,-1.11209,36.96273,0.72305,0.105,1.0,1.14543,0.26716,0.25315,106,46,10,3,1,48,1,48,1505,0,1,0,1,27,1.94109,0.0,0.79914,0.8339,0.94,0.81308,0.87587,0.29832,0.25934,0.26782,0.27085,0.23949
20260527-223837-sentence-script-a-cluster-of-semi-transp-5ee96f,552,8.2882,1,careful_breath,1,0,4,-0.54826,-1.25901,0.32295,-0.92094,0.11642,-1.25362,38.15125,0.72243,0.105,1.0,1.14636,0.26374,0.25315,106,46,10,3,1,48,1,48,1505,0,1,0,1,27,2.20281,0.0,0.89922,0.93832,1.05771,0.91489,0.98555,0.29424,0.25763,0.26318,0.26731,0.23634
20260527-223837-sentence-script-a-cluster-of-semi-transp-5ee96f,567,8.5446,1,careful_breath,1,0,4,-0.71947,-1.19972,-0.02857,-0.33179,0.32309,-1.44555,39.31483,0.72194,0.105,1.0,1.1471,0.26113,0.25315,106,46,10,3,1,48,1,48,1505,0,1,0,1,27,2.45924,0.0,0.94996,0.99127,1.11739,0.96652,1.04117,0.29114,0.25634,0.25964,0.26462,0.23394
20260527-223837-sentence-script-a-cluster-of-semi-transp-5ee96f,582,8.8051,1,careful_breath,1,0,4,-0.67065,-1.09105,-0.39991,0.62303,0.47915,-1.30339,40.49612,0.72154,0.105,1.0,1.14769,0.25915,0.25315,110,42,10,3,1,48,1,48,1505,0,1,0,1,31,2.71973,0.0,0.89027,0.92899,1.04718,0.90579,0.97575,0.28877,0.25535,0.25695,0.26256,0.23212
20260527-223837-sentence-script-a-cluster-of-semi-transp-5ee96f,597,9.0672,1,careful_breath,1,0,3,-0.44111,-0.96012,-0.67589,0.0,0.0,0.0,41.68409,0.72125,0.105,1.0,1.14813,0.25764,0.25315,115,37,10,3,1,48,1,48,1701,0,1,0,1,36,2.96458,0.0,0.79235,0.8268,0.932,0.80616,0.86843,0.28697,0.25459,0.2549,0.261,0.23073
20260527-223837-sentence-script-a-cluster-of-semi-transp-5ee96f,612,9.3267,1,careful_breath,1,0,3,-0.44111,-0.96012,-0.67589,0.0,0.0,0.0,42.86019,0.72125,0.105,1.0,1.14813,0.25649,0.25315,115,37,10,3,1,48,1,48,2056,0,1,0,1,36,2.96458,0.0,0.77843,0.81229,0.91564,0.79201,0.85318,0.2856,0.25402,0.25334,0.25981,0.22967
20260527-223837-sentence-script-a-cluster-of-semi-transp-5ee96f,626,9.5935,1,careful_breath,1,0,3,-0.44111,-0.96012,-0.67589,0.0,0.0,0.0,44.06917,0.72125,0.105,1.0,1.14813,0.25486,0.24835,115,37,10,3,1,48,1,48,2056,0,1,0,1,36,2.96458,0.0,0.86761,0.90534,1.02053,0.88273,0.95091,0.28062,0.2536,0.25221,0.25895,0.2289
20260527-223837-sentence-script-a-cluster-of-semi-transp-5ee96f,638,9.8449,1,careful_breath,1,0,3,-0.44111,-0.96012,-0.67589,0.0,0.0,0.0,45.20853,0.72125,0.105,1.0,1.14813,0.2535,0.24835,115,37,10,3,1,48,1,48,2056,0,1,0,1,36,2.96458,0.0,0.94474,0.98583,1.11126,0.96122,1.03546,0.27602,0.25331,0.25144,0.25836,0.22838
20260527-223837-sentence-script-a-cluster-of-semi-transp-5ee96f,650,10.121,1,careful_breath,1,0,3,-0.44111,-0.96012,-0.67589,0.0,0.0,0.0,46.45979,0.72125,0.105,1.0,1.14813,0.25399,0.24835,115,38,10,2,1,49,1,49,2056,0,1,0,1,36,2.96458,0.0,0.91542,0.95522,1.07676,0.93138,1.00331,0.27231,0.26099,0.25081,0.25788,0.22795
20260527-223837-sentence-script-a-cluster-of-semi-transp-5ee96f,660,10.387,1,careful_breath,1,0,3,-0.44111,-0.96012,-0.67589,0.0,0.0,0.0,47.66539,0.72125,0.105,1.0,1.14813,0.25296,0.24835,115,38,10,2,1,49,1,49,2115,0,1,0,1,36,2.96458,0.0,0.81324,0.84861,0.95658,0.82742,0.89133,0.26977,0.2595,0.25037,0.25754,0.22764
20260527-223837-sentence-script-a-cluster-of-semi-transp-5ee96f,674,10.6458,1,careful_breath,1,0,3,-0.44111,-0.96012,-0.67589,0.0,0.0,0.0,48.8379,0.72125,0.105,1.0,1.14813,0.25185,0.24835,117,36,10,2,1,49,1,49,2581,0,1,0,1,38,2.96458,0.0,0.77042,0.80393,0.90621,0.78386,0.8444,0.26694,0.25785,0.24992,0.25719,0.22733
20260527-223837-sentence-script-a-cluster-of-semi-transp-5ee96f,688,10.8974,1,careful_breath,1,0,3,-0.44111,-0.96012,-0.67589,0.0,0.0,0.0,49.97831,0.72125,0.105,1.0,1.14813,0.25098,0.24835,117,36,10,2,1,49,1,49,2581,0,1,0,1,38,2.96458,0.0,0.8342,0.87048,0.98124,0.84875,0.9143,0.26475,0.25658,0.24956,0.25692,0.2271
20260527-223837-sentence-script-a-cluster-of-semi-transp-5ee96f,703,11.1605,1,careful_breath,1,0,3,-0.44111,-0.96012,-0.67589,0.0,0.0,0.0,51.17058,0.72125,0.105,1.0,1.14813,0.25027,0.24835,117,36,10,2,1,49,1,49,2581,0,1,0,1,38,2.96458,0.0,0.93078,0.97125,1.09483,0.947,1.02014,0.26295,0.25553,0.24927,0.2567,0.2269
20260527-223837-sentence-script-a-cluster-of-semi-transp-5ee96f,718,11.4212,1,careful_breath,1,0,3,-0.44111,-0.96012,-0.67589,0.0,0.0,0.0,52.35208,0.72125,0.105,1.0,1.14813,0.25141,0.24835,117,37,10,1,1,50,1,50,2581,0,1,0,1,38,2.96458,0.0,0.93831,0.97911,1.10369,0.95467,1.0284,0.26158,0.2631,0.24905,0.25654,0.22676
20260527-223837-sentence-script-a-cluster-of-semi-transp-5ee96f,733,11.6808,1,careful_breath,1,0,3,-0.44111,-0.96012,-0.67589,0.0,0.0,0.0,53.52849,0.72125,0.105,1.0,1.14813,0.2506,0.24835,118,36,10,1,1,50,1,50,2581,0,1,0,1,39,2.96458,0.0,0.84884,0.88575,0.99845,0.86364,0.93034,0.26054,0.2605,0.24889,0.25641,0.22665
20260527-223837-sentence-script-a-cluster-of-semi-transp-5ee96f,748,11.9417,1,careful_breath,1,0,3,-0.44111,-0.96012,-0.67589,0.0,0.0,0.0,54.71055,0.72125,0.105,1.0,1.14813,0.25623,0.25177,123,30,11,1,2,50,2,50,2932,0,1,0,1,45,2.96458,0.0,0.7727,0.80631,0.9089,0.78618,0.8469,0.25974,0.25852,0.24876,0.25632,0.2578
20260527-223837-sentence-script-a-cluster-of-semi-transp-5ee96f,763,12.2067,1,careful_breath,1,0,3,-0.44111,-0.96012,-0.67589,0.0,0.0,0.0,55.91136,0.72125,0.105,1.0,1.14813,0.25508,0.25177,123,30,11,1,2,50,2,50,3045,0,1,0,1,45,2.96458,0.0,0.80606,0.84111,0.94813,0.82011,0.88345,0.25913,0.25701,0.24866,0.25624,0.25438
20260527-223837-sentence-script-a-cluster-of-semi-transp-5ee96f,778,12.4702,1,careful_breath,1,0,3,-0.44111,-0.96012,-0.67589,0.0,0.0,0.0,57.10565,0.72125,0.105,1.0,1.14813,0.25325,0.24722,123,30,11,1,2,50,2,50,3045,0,1,0,1,45,2.96458,0.0,0.9075,0.94696,1.06745,0.92332,0.99463,0.25867,0.25107,0.24858,0.25618,0.25176
20260527-223837-sentence-script-a-cluster-of-semi-transp-5ee96f,793,12.7318,1,careful_breath,1,0,3,-0.44111,-0.96012,-0.67589,0.0,0.0,0.0,58.29141,0.72125,0.105,1.0,1.14813,0.252,0.24036,123,31,11,0,2,51,2,51,3045,0,1,0,1,45,2.96458,0.0,0.94872,0.98998,1.11594,0.96526,1.03981,0.25832,0.24318,0.25577,0.25297,0.24978
20260527-223837-sentence-script-a-cluster-of-semi-transp-5ee96f,808,12.9907,1,careful_breath,1,0,3,-0.44111,-0.96012,-0.67589,0.0,0.0,0.0,59.46439,0.72125,0.105,1.0,1.14813,0.24915,0.24036,127,27,11,0,2,51,2,51,3045,0,1,0,1,49,2.96458,0.0,0.87999,0.91826,1.03509,0.89534,0.96449,0.25805,0.23508,0.254,0.25033,0.24826
20260527-223837-sentence-script-a-cluster-of-semi-transp-5ee96f,823,13.2585,1,careful_breath,1,0,3,-0.44111,-0.96012,-0.67589,0.0,0.0,0.0,60.67797,0.72125,0.105,1.0,1.14813,0.24697,0.24036,127,27,11,0,2,51,2,51,3242,0,1,0,1,49,2.96458,0.0,0.78441,0.81853,0.92267,0.79809,0.85973,0.25785,0.22892,0.25265,0.24831,0.24711
20260527-223837-sentence-script-a-cluster-of-semi-transp-5ee96f,837,13.5104,1,careful_breath,1,0,3,-0.44111,-0.96012,-0.67589,0.0,0.0,0.0,61.81965,0.72125,0.105,1.0,1.14813,0.24501,0.23577,127,27,11,0,2,51,2,51,3478,0,1,0,1,49,2.96458,0.0,0.78322,0.81728,0.92127,0.79688,0.85842,0.2577,0.2245,0.24969,0.24687,0.24628
20260527-223837-sentence-script-a-cluster-of-semi-transp-5ee96f,851,13.7642,1,careful_breath,1,0,3,-0.44111,-0.96012,-0.67589,0.0,0.0,0.0,62.96983,0.72125,0.105,1.0,1.14813,0.24285,0.23577,127,27,11,0,2,51,2,51,3478,0,1,0,1,49,2.96458,0.0,0.87219,0.91012,1.02592,0.8874,0.95594,0.25758,0.22107,0.24423,0.24574,0.24564
20260527-223837-sentence-script-a-cluster-of-semi-transp-5ee96f,864,14.0156,1,careful_breath,1,0,3,-0.44111,-0.96012,-0.67589,0.0,0.0,0.0,64.10902,0.72125,0.105,1.0,1.14813,0.24128,0.23577,127,27,11,0,2,51,2,51,3478,0,1,0,1,49,2.96458,0.0,0.94619,0.98733,1.11296,0.96268,1.03704,0.2575,0.21857,0.24026,0.24492,0.24517
20260527-223837-sentence-script-a-cluster-of-semi-transp-5ee96f,878,14.2657,1,careful_breath,1,0,1,-0.98527,0.46141,-1.0985,-0.52638,3.31697,-1.31933,65.24207,0.72103,0.105,1.0,1.14846,0.23967,0.23329,127,27,11,0,2,51,2,51,3478,0,2,0,1,49,3.09003,0.0,0.92007,0.96008,1.08224,0.93611,1.00841,0.25743,0.215,0.23692,0.24424,0.24477
20260527-223837-sentence-script-a-cluster-of-semi-transp-5ee96f,893,14.523,1,careful_breath,1,0,1,-0.85349,0.94869,-1.3134,1.05427,1.07443,-0.46469,66.40776,0.72082,0.105,1.0,1.14877,0.23807,0.23329,130,24,11,0,2,51,2,51,3501,0,2,0,1,52,3.34738,0.0,0.82179,0.85752,0.96663,0.83612,0.90069,0.25737,0.21068,0.23417,0.24368,0.24446
20260527-223837-sentence-script-a-cluster-of-semi-transp-5ee96f,908,14.7794,1,careful_breath,1,0,1,-0.5503,1.12258,-1.38835,1.21994,0.44522,-0.26422,67.56874,0.72065,0.105,1.0,1.14902,0.23624,0.23018,133,21,11,0,2,51,2,51,3921,0,2,0,1,55,3.55342,0.0,0.76953,0.80299,0.90516,0.78294,0.84341,0.25733,0.20738,0.22903,0.24325,0.24421
20260527-223837-sentence-script-a-cluster-of-semi-transp-5ee96f,923,15.038,1,careful_breath,1,0,1,-0.24943,1.18962,-1.49167,1.16983,0.12331,-0.53839,68.73951,0.72052,0.105,1.0,1.14922,0.23439,0.22543,133,21,10,1,2,51,2,51,3921,0,2,0,2,55,3.76022,0.0,0.82666,0.86261,0.97237,0.84108,0.90604,0.2573,0.20321,0.22446,0.24293,0.24403
20260527-223837-sentence-script-a-cluster-of-semi-transp-5ee96f,938,15.3028,1,careful_breath,1,0,1,0.08611,1.18579,-1.64035,1.37942,-0.12968,-0.47288,69.93836,0.72041,0.105,1.0,1.14938,0.23217,0.22543,133,21,10,1,2,51,2,51,3921,0,2,0,2,55,4.02505,0.0,0.92598,0.96625,1.08919,0.94213,1.01489,0.25728,0.19603,0.22097,0.24268,0.24388
20260527-223837-sentence-script-a-cluster-of-semi-transp-5ee96f,953,15.5699,1,careful_breath,1,0,1,0.46136,1.1194,-1.66636,1.36425,-0.34726,0.30583,71.14742,0.72033,0.105,1.0,1.1495,0.2304,0.22324,133,21,10,1,2,51,2,51,3921,0,2,0,2,55,4.2388,0.0,0.9406,0.98151,1.10639,0.957,1.03092,0.25726,0.19057,0.21832,0.2421,0.24377
20260527-223837-sentence-script-a-cluster-of-semi-transp-5ee96f,968,15.8343,1,careful_breath,1,0,1,0.76662,1.00287,-1.46417,0.95419,-0.5226,1.11538,72.34379,0.72026,0.105,1.0,1.14961,0.22749,0.21853,135,19,10,1,2,51,2,51,3921,0,2,0,2,57,4.45001,0.0,0.85192,0.88896,1.00207,0.86677,0.93371,0.25724,0.1864,0.21629,0.23381,0.24369
20260527-223837-sentence-script-a-cluster-of-semi-transp-5ee96f,983,16.0882,1,careful_breath,1,0,1,0.94923,0.86201,-1.15806,0.59664,-0.57512,1.19859,73.49321,0.72021,0.105,1.0,1.14969,0.2252,0.21443,137,17,10,1,2,51,2,51,4208,0,2,0,2,59,4.70401,0.0,0.77449,0.80817,0.911,0.788,0.84886,0.25723,0.18324,0.21476,0.22751,0.24326
20260527-223837-sentence-script-a-cluster-of-semi-transp-5ee96f,998,16.3441,1,careful_breath,1,0,1,1.11616,0.71667,-0.88028,0.76067,-0.54596,0.9923,74.65086,0.72017,0.105,1.0,1.14975,0.22255,0.21443,137,17,10,1,2,51,2,51,4331,0,2,0,2,59,4.90887,0.0,0.79841,0.83313,0.93914,0.81233,0.87507,0.25723,0.18082,0.21359,0.22271,0.23841
20260527-223837-sentence-script-a-cluster-of-semi-transp-5ee96f,1013,16.6033,1,careful_breath,1,0,1,1.34672,0.58834,-0.61846,0.92391,-0.4327,1.07539,75.82402,0.72013,0.105,1.0,1.1498,0.22026,0.21125,137,17,10,1,2,51,2,51,4331,0,2,0,2,59,5.11661,0.0,0.89706,0.93607,1.05517,0.9127,0.9832,0.25722,0.17899,0.21269,0.21905,0.23334
20260527-223837-sentence-script-a-cluster-of-semi-transp-5ee96f,1028,16.865,1,careful_breath,1,0,1,1.53638,0.49806,-0.29238,0.44068,-0.2647,1.41172,77.008,0.72011,0.105,1.0,1.14984,0.21803,0.21125,137,17,10,1,2,51,2,51,4331,0,2,0,2,59,5.37829,0.0,0.94998,0.99129,1.11742,0.96655,1.0412,0.25722,0.17759,0.21201,0.21626,0.22707
20260527-223837-sentence-script-a-cluster-of-semi-transp-5ee96f,1043,17.1246,1,careful_breath,1,0,1,1.51736,0.46226,0.06393,-0.50489,-0.03109,1.30783,78.18251,0.72008,0.105,1.0,1.14987,0.21615,0.2086,137,17,10,1,2,51,2,51,4331,0,2,0,2,59,5.58609,0.0,0.89135,0.93011,1.04845,0.90689,0.97693,0.25721,0.17652,0.2115,0.21414,0.22137
20260527-223837-sentence-script-a-cluster-of-semi-transp-5ee96f,1058,17.3878,1,careful_breath,1,0,1,1.30208,0.48684,0.35897,-0.97739,0.19978,0.97356,79.37334,0.72007,0.105,1.0,1.1499,0.21427,0.2086,138,16,10,1,2,51,2,51,4438,0,2,0,2,60,5.84929,0.0,0.79294,0.82742,0.9327,0.80677,0.86908,0.25721,0.17571,0.2111,0.21253,0.21478
20260527-223837-sentence-script-a-cluster-of-semi-transp-5ee96f,1073,17.6547,1,careful_breath,1,0,1,1.05805,0.56939,0.60319,-0.81215,0.40045,0.9483,80.58084,0.72005,0.105,1.0,1.14992,0.21227,0.20572,138,16,10,1,2,51,2,51,4684,0,2,0,2,60,6.06217,0.0,0.7793,0.81319,0.91665,0.79288,0.85412,0.2572,0.17509,0.20798,0.2113,0.20977
20260527-223837-sentence-script-a-cluster-of-semi-transp-5ee96f,1088,17.9198,1,careful_breath,1,0,1,0.86471,0.6973,0.89334,-0.75985,0.56669,1.26963,81.78018,0.72004,0.105,1.0,1.14994,0.21063,0.20572,138,16,10,1,2,51,2,51,4684,0,2,0,2,60,6.32727,0.0,0.86868,0.90645,1.02178,0.88382,0.95208,0.2572,0.17462,0.205,0.21036,0.20595
20260527-223837-sentence-script-a-cluster-of-semi-transp-5ee96f,1104,18.1847,1,careful_breath,1,0,1,0.62661,0.85009,1.20394,-1.09567,0.58536,0.99509,82.97865,0.72003,0.105,1.0,1.14995,0.20931,0.20572,138,16,10,1,2,51,2,51,4684,0,2,0,2,60,6.59217,0.0,0.94669,0.98786,1.11355,0.9632,1.03759,0.25721,0.17424,0.2026,0.20961,0.20288
20260527-223837-sentence-script-a-cluster-of-semi-transp-5ee96f,1120,18.4488,1,careful_breath,1,0,1,0.28719,0.99705,1.34856,-1.39895,0.51951,0.10166,84.17346,0.72003,0.105,1.0,1.14996,0.20832,0.20572,138,16,10,1,2,51,2,51,4684,0,2,0,2,60,6.85627,0.0,0.91438,0.95414,1.07554,0.93032,1.00217,0.25721,0.17396,0.20081,0.20905,0.20059
20260527-223837-sentence-script-a-cluster-of-semi-transp-5ee96f,1136,18.7141,1,careful_breath,1,0,1,-0.07284,1.11537,1.2603,-1.27012,0.37048,-0.61504,85.37348,0.72002,0.105,1.0,1.14997,0.20759,0.20572,141,13,10,1,2,51,2,51,4724,0,2,0,2,63,7.12153,0.0,0.81255,0.84789,0.95577,0.82672,0.89057,0.25721,0.17375,0.19946,0.20863,0.19887
20260527-223837-sentence-script-a-cluster-of-semi-transp-5ee96f,1151,18.9718,1,constructive_oxygenation,1,0,1,-0.37131,1.18326,1.0938,-1.16846,0.1711,-0.60889,86.53968,0.73442,0.1072,1.0088,1.16998,0.20706,0.20572,141,13,10,1,2,51,2,51,5030,0,2,0,2,63,7.37931,0.0,0.77046,0.80396,0.90625,0.78389,0.84443,0.25721,0.1736,0.19851,0.20833,0.19766
20260527-223837-sentence-script-a-cluster-of-semi-transp-5ee96f,1166,19.2288,1,constructive_oxygenation,1,0,1,-0.74544,1.183,0.92947,-1.6313,-0.17493,-0.57964,87.85811,0.89266,0.13138,1.10551,1.38979,0.20636,0.20322,141,13,9,2,2,51,2,51,5033,0,2,0,3,63,7.58564,0.0,0.84788,0.88475,0.99732,0.86266,0.92929,0.25721,0.17349,0.19629,0.2081,0.19673
20260527-223837-sentence-script-a-cluster-of-semi-transp-5ee96f,1181,19.4881,1,constructive_oxygenation,1,0,1,-1.22999,1.07843,0.71243,-1.78172,-0.58903,-1.23697,89.38453,0.97845,0.14448,1.15794,1.50894,0.20543,0.20034,144,13,9,2,2,51,2,51,5033,3,2,0,3,63,7.79353,0.0,0.98204,1.02474,1.15513,0.99916,1.07633,0.25721,0.1734,0.19311,0.20742,0.19603
20260527-223837-sentence-script-a-cluster-of-semi-transp-5ee96f,1196,19.7504,1,constructive_oxygenation,1,0,1,-1.46573,0.8901,0.25787,0.0134,-0.80878,-2.03612,91.03687,1.02495,0.15159,1.18636,1.57353,0.20414,0.20034,144,13,9,2,2,51,2,51,5033,3,2,0,3,63,8.05586,0.0,0.86878,0.90656,1.02191,0.88393,0.9522,0.2572,0.17333,0.19068,0.20398,0.19549
20260527-223837-sentence-script-a-cluster-of-semi-transp-5ee96f,1211,20.0138,1,constructive_oxygenation,1,0,1,-1.29863,0.67985,-0.24078,0.75207,-0.75843,-1.75883,92.75469,1.05016,0.15544,1.20176,1.60855,0.20315,0.20034,147,13,9,2,2,51,2,51,5310,6,2,0,3,63,8.3193,0.0,0.7267,0.7583,0.85478,0.73937,0.79647,0.2572,0.17328,0.18883,0.20136,0.19508
20260527-223837-sentence-script-a-cluster-of-semi-transp-5ee96f,1226,20.274,1,constructive_oxygenation,1,0,1,-1.22227,0.52471,-0.72703,-0.00071,-0.43093,-2.13176,94.48314,1.06382,0.15753,1.21011,1.62753,0.2024,0.20034,150,13,9,2,2,51,2,51,5310,9,2,0,3,63,8.57949,0.0,0.89134,0.9301,1.04844,0.90688,0.97692,0.2572,0.17324,0.18742,0.19936,0.19477
20260527-223837-sentence-script-a-cluster-of-semi-transp-5ee96f,1241,20.5376,1,constructive_oxygenation,1,0,1,-1.10502,0.47556,-1.28453,1.11767,0.03683,-1.72471,96.25107,1.07123,0.15866,1.21464,1.63782,0.20338,0.20034,150,14,9,1,2,52,2,52,5310,9,2,0,3,63,8.78956,0.0,0.98358,1.02636,1.15694,1.00073,1.07802,0.2572,0.18099,0.18635,0.19784,0.19453
20260527-223837-sentence-script-a-cluster-of-semi-transp-5ee96f,1256,20.8004,1,constructive_oxygenation,1,0,1,-0.6341,0.55109,-1.47506,2.05616,0.4895,0.0957,98.02372,1.07525,0.15927,1.21709,1.6434,0.20198,0.19785,154,13,9,1,2,52,2,52,5315,12,2,0,3,64,8.99998,0.0,0.77863,0.81249,0.91587,0.79221,0.85339,0.25423,0.17911,0.18554,0.19669,0.19435
20260527-223837-sentence-script-a-cluster-of-semi-transp-5ee96f,1271,21.0643,1,constructive_oxygenation,1,0,1,-0.12874,0.72657,-1.43798,1.82615,0.77906,-0.20886,99.80848,1.07742,0.15961,1.21843,1.64642,0.20092,0.19785,154,13,9,1,2,52,2,52,5524,12,2,0,3,64,9.26388,0.0,0.76904,0.80249,0.90459,0.78245,0.84288,0.25197,0.17768,0.18491,0.1958,0.19421
20260527-223837-sentence-script-a-cluster-of-semi-transp-5ee96f,1286,21.3256,1,constructive_oxygenation,1,0,1,0.40203,0.93629,-1.58176,2.21432,0.77303,-0.44553,101.57833,1.0786,0.15979,1.21915,1.64806,0.20003,0.19645,157,13,9,1,2,52,2,52,5524,15,2,0,3,64,9.52517,0.0,0.97875,1.02132,1.15126,0.99582,1.07273,0.24988,0.17659,0.18444,0.19513,0.1941
20260527-223837-sentence-script-a-cluster-of-semi-transp-5ee96f,1301,21.5893,1,constructive_oxygenation,1,0,1,0.91036,1.10971,-1.4411,1.33805,0.50981,1.45725,103.36616,1.07924,0.15988,1.21954,1.64895,0.1991,0.19645,160,13,9,1,2,52,2,52,5524,18,2,0,3,64,9.7889,0.0,0.90124,0.94043,1.06008,0.91695,0.98777,0.24699,0.17576,0.18408,0.19462,0.19402
20260527-223837-sentence-script-a-cluster-of-semi-transp-5ee96f,1316,21.8547,1,ritual_reset,1,0,0,0.95917,1.15586,-0.93044,-6.36532,-1.52842,2.33519,105.16586,1.088,0.16554,1.22895,1.66444,0.19731,0.19169,161,12,9,1,2,52,2,52,5694,18,3,0,3,65,10.0013,0.0,0.72268,0.75411,0.85005,0.73528,0.79207,0.23944,0.17513,0.18381,0.19423,0.19396
20260527-223837-sentence-script-a-cluster-of-semi-transp-5ee96f,1331,22.1175,1,ritual_reset,1,0,1,0.88626,0.91034,-0.10018,8.56042,0.23757,3.40534,107.03318,1.16782,0.21493,1.33017,1.8177,0.19589,0.19169,161,12,9,1,2,52,2,52,5737,18,3,0,3,65,10.26415,0.0,0.94121,0.96299,1.02642,0.87428,0.98765,0.23337,0.17465,0.1836,0.19394,0.19391
20260527-223837-sentence-script-a-cluster-of-semi-transp-5ee96f,1346,22.3753,1,ritual_reset,1,0,2,2.3136,0.59792,1.23144,6.43364,-2.77854,6.47082,108.95198,1.19937,0.23156,1.38504,1.88871,0.19433,0.1875,161,12,9,1,2,52,2,52,5737,18,4,0,3,65,10.47034,0.0,1.04918,1.04252,1.1616,1.04834,1.17155,0.22874,0.17429,0.18344,0.1918,0.1934
20260527-223837-sentence-script-a-cluster-of-semi-transp-5ee96f,1361,22.6391,1,ritual_reset,1,0,3,1.21863,-0.30843,1.97229,-12.37044,-5.21122,0.14784,110.95137,1.21185,0.23716,1.41479,1.9216,0.19236,0.18574,162,11,9,1,2,52,2,52,5852,18,5,0,3,66,10.73417,0.0,0.65855,0.67861,0.81731,0.74387,0.77762,0.22521,0.17268,0.18332,0.18872,0.19186
20260527-223837-sentence-script-a-cluster-of-semi-transp-5ee96f,1376,22.9065,1,ritual_reset,1,0,4,-0.04665,-0.84935,1.79807,-1.30211,-0.23772,-0.63678,112.9921,1.21678,0.23904,1.43091,1.93684,0.1907,0.18574,162,11,9,1,2,52,2,52,6034,18,5,0,3,66,11.00159,0.0,0.80149,0.88473,1.03627,0.87044,0.88374,0.22253,0.17068,0.18322,0.18637,0.19068
20260527-223837-sentence-script-a-cluster-of-semi-transp-5ee96f,1391,23.1692,1,ritual_reset,1,0,0,-2.37979,0.1157,1.40343,-10.67998,4.92158,-3.22598,115.00186,1.21873,0.23968,1.43965,1.9439,0.18943,0.18574,162,11,9,1,2,52,2,52,6034,18,5,0,3,66,11.26425,0.0,1.06691,1.14515,1.25753,1.03851,1.11633,0.22048,0.16915,0.18315,0.18459,0.18979
20260527-223837-sentence-script-a-cluster-of-semi-transp-5ee96f,1406,23.4296,1,ritual_reset,1,0,1,-2.43442,0.95052,0.11995,4.47893,1.69935,-4.95226,116.99656,1.2195,0.23989,1.44439,1.94718,0.18821,0.18352,162,11,9,1,2,52,2,52,6053,18,5,0,3,66,11.47212,0.0,0.76102,0.76249,0.80344,0.69522,0.80133,0.21893,0.168,0.18178,0.18323,0.18911
20260527-223837-sentence-script-a-cluster-of-semi-transp-5ee96f,1421,23.6954,1,ritual_reset,1,0,2,-0.51319,0.71594,-0.84819,5.06848,-1.54868,-4.28459,119.03395,1.2198,0.23996,1.44696,1.94869,0.18618,0.17855,162,11,9,1,2,52,2,52,6218,18,5,0,3,66,11.68407,0.0,0.79911,0.7856,0.89048,0.82,0.91253,0.21774,0.16711,0.17941,0.18219,0.18446
20260527-223837-sentence-script-a-cluster-of-semi-transp-5ee96f,1436,23.9634,1,ritual_reset,1,0,3,-1.0225,-0.56317,-1.91135,0.92677,-3.3989,-2.9898,121.08762,1.21992,0.23999,1.44835,1.94939,0.18531,0.17317,162,12,9,0,2,53,2,53,6218,18,5,0,3,66,11.84505,0.0,1.02554,1.07913,1.27495,1.12596,1.17413,0.21659,0.16644,0.18538,0.179,0.17912
20260527-223837-sentence-script-a-cluster-of-semi-transp-5ee96f,1451,24.2298,1,ritual_reset,1,0,4,1.10587,-1.07087,-1.97975,5.46823,-0.61215,3.09376,123.12991,1.21997,0.24,1.44911,1.94972,0.18199,0.17066,165,9,9,0,2,53,2,53,6223,18,5,0,3,69,12.00624,0.0,0.71465,0.79811,0.92181,0.75835,0.76979,0.2127,0.16593,0.18215,0.17581,0.17336
20260527-223837-sentence-script-a-cluster-of-semi-transp-5ee96f,1466,24.4918,1,ritual_reset,1,0,1,0.21054,0.17006,-1.04117,10.39641,4.69122,1.57111,125.13821,1.21999,0.24,1.44952,1.94987,0.17885,0.16829,165,9,9,0,2,53,2,53,6352,18,5,0,3,69,12.21605,0.0,0.78126,0.83201,0.89063,0.72824,0.79989,0.20974,0.16375,0.17969,0.17338,0.16769
20260527-223837-sentence-script-a-cluster-of-semi-transp-5ee96f,1481,24.7579,1,ritual_reset,1,0,2,2.44635,0.82784,-0.04095,11.29394,-0.109,6.52411,127.17822,1.22,0.24,1.44974,1.94994,0.17625,0.16829,165,9,9,0,2,53,2,53,6352,18,5,0,3,69,12.48218,0.0,1.10574,1.10954,1.20481,1.06027,1.19725,0.20749,0.16104,0.17782,0.17153,0.16337
20260527-223837-sentence-script-a-cluster-of-semi-transp-5ee96f,1495,25.0095,1,ritual_reset,1,0,3,2.52255,0.47933,1.28267,-13.32446,-5.86306,3.33862,129.10672,1.22,0.24,1.44985,1.94997,0.17438,0.16829,165,9,9,0,2,53,2,53,6352,18,5,0,3,69,12.73377,0.0,0.79571,0.78984,0.9117,0.83972,0.9194,0.20587,0.15911,0.17647,0.1702,0.16026
20260527-223837-sentence-script-a-cluster-of-semi-transp-5ee96f,1510,25.2745,1,ritual_reset,1,0,4,0.86909,-0.48695,1.68131,0.32783,-2.69193,0.6882,131.13811,1.22,0.24,1.44992,1.94999,0.17238,0.1655,165,9,9,0,2,53,2,53,6508,18,5,0,3,69,12.92973,0.0,0.66817,0.72001,0.8703,0.7626,0.77347,0.20222,0.15751,0.17537,0.16911,0.15771
20260527-223837-sentence-script-a-cluster-of-semi-transp-5ee96f,1525,25.5327,1,ritual_reset,1,0,0,-0.99997,-0.33404,1.97254,-13.14767,3.42935,0.41769,133.11743,1.22,0.24,1.44996,1.94999,0.17066,0.1655,165,9,9,0,2,53,2,53,6508,18,5,0,3,69,13.18794,0.0,1.03088,1.12745,1.27986,1.06148,1.10416,0.19844,0.1563,0.17453,0.16828,0.15577
20260527-223837-sentence-script-a-cluster-of-semi-transp-5ee96f,1540,25.795,1,ritual_reset,1,0,1,-2.24866,0.26642,1.30901,1.19793,2.03668,-4.93591,135.12754,1.22,0.24,1.44998,1.95,0.16935,0.1655,166,8,9,0,2,53,2,53,6508,18,5,0,3,70,13.45017,0.0,0.88412,0.9274,0.9912,0.82309,0.91387,0.19556,0.15537,0.17389,0.16765,0.15429
20260527-223837-sentence-script-a-cluster-of-semi-transp-5ee96f,1555,26.0602,1,ritual_reset,1,0,2,-0.87908,0.44923,0.19956,4.93492,0.55011,-3.82078,137.16037,1.22,0.24,1.44999,1.95,0.16835,0.1655,167,7,9,0,2,53,2,53,6599,18,5,0,3,71,13.71536,0.0,0.71408,0.6956,0.7479,0.67546,0.78076,0.19336,0.15467,0.1734,0.16716,0.15316
20260527-223837-sentence-script-a-cluster-of-semi-transp-5ee96f,1570,26.3244,1,ritual_reset,1,0,3,-1.79774,-0.11908,-0.97834,-3.52899,-1.95291,-5.41378,139.18594,1.22,0.24,1.44999,1.95,0.16707,0.16048,167,7,8,1,2,53,2,53,6599,18,5,0,4,71,13.92929,0.0,1.01309,1.02822,1.19562,1.08234,1.16457,0.1891,0.15413,0.17302,0.1668,0.15231
20260527-223837-sentence-script-a-cluster-of-semi-transp-5ee96f,1585,26.5846,1,ritual_reset,1,0,4,-0.29895,-0.42646,-2.13404,7.46603,-0.95577,-1.08048,141.18023,1.22,0.24,1.45,1.95,0.16435,0.15458,167,7,8,1,2,53,2,53,6599,18,5,0,4,71,14.08593,0.0,0.85622,0.92782,1.10053,0.94824,0.96804,0.181,0.15373,0.17274,0.16264,0.15165
20260527-223837-sentence-script-a-cluster-of-semi-transp-5ee96f,1600,26.8512,1,ritual_reset,1,0,0,-0.76344,0.30477,-1.55521,0.13955,0.85602,2.26231,143.22394,1.22,0.24,1.45,1.95,0.16158,0.15288,167,7,8,1,2,53,2,53,6675,18,5,0,4,71,14.35254,0.0,0.65512,0.73029,0.81413,0.65373,0.67848,0.17337,0.15341,0.17253,0.15923,0.14936
20260527-223837-sentence-script-a-cluster-of-semi-transp-5ee96f,1615,27.1183,1,careful_breath,2,0,4,1.33737,0.03017,-1.18742,6.40097,-8.07685,3.62472,0.27541,0.81557,0.105,1.0,1.00665,0.35051,0.28522,80,26,10,49,0,1,0,1,0,0,1,1,0,0,0.0,0.0,0.88432,0.92278,1.04019,0.89974,0.96923,0.33996,0.37833,0.39594,0.32192,0.31638
20260527-223837-sentence-script-a-cluster-of-semi-transp-5ee96f,1630,27.3713,1,careful_breath,2,0,4,2.27877,-1.00805,-0.55218,2.33766,-2.18155,2.24596,1.55732,0.79618,0.105,1.0,1.03573,0.3411,0.28522,80,30,10,45,0,5,0,5,0,0,1,1,0,0,0.10522,0.0,0.95004,0.99136,1.11749,0.96661,1.04126,0.32934,0.37807,0.37799,0.31155,0.30853
20260527-223837-sentence-script-a-cluster-of-semi-transp-5ee96f,1652,27.6267,1,careful_breath,2,0,3,1.49148,-1.19208,0.10312,-9.54501,0.25322,3.08564,2.81844,0.77463,0.105,1.0,1.06805,0.33088,0.28522,81,35,10,39,0,11,0,11,0,0,2,1,0,1,0.2149,0.0,0.88844,0.92708,1.04503,0.90393,0.97375,0.3131,0.38155,0.34778,0.30483,0.30716
20260527-223837-sentence-script-a-cluster-of-semi-transp-5ee96f,1679,27.8803,1,careful_breath,2,0,0,0.17671,-0.56461,0.48136,-7.79147,10.37131,-0.31364,4.03788,0.75633,0.105,1.0,1.09551,0.32902,0.2893,81,36,12,36,2,14,2,14,57,0,3,1,0,3,0.3008,0.0,0.78927,0.82359,0.92838,0.80303,0.86505,0.29294,0.36817,0.33593,0.31084,0.33722
20260527-223837-sentence-script-a-cluster-of-semi-transp-5ee96f,1695,28.1388,1,careful_breath,2,0,0,-0.40508,0.17077,0.59997,-1.13612,1.43092,0.82846,5.25996,0.74852,0.105,1.0,1.10721,0.32592,0.29273,80,36,13,36,3,14,3,14,116,0,3,1,0,3,0.55933,0.0,0.7827,0.81673,0.92065,0.79634,0.85785,0.28488,0.36281,0.35839,0.29556,0.32799
20260527-223837-sentence-script-a-cluster-of-semi-transp-5ee96f,1710,28.3896,1,careful_breath,2,0,3,-0.03505,-0.44707,1.0107,1.44564,-2.33332,1.76746,6.43497,0.74274,0.105,1.0,1.11589,0.32527,0.29335,79,37,14,35,4,15,4,15,116,0,3,1,0,3,0.60949,0.0,0.87342,0.91141,1.02737,0.88865,0.95729,0.28654,0.35734,0.34526,0.28475,0.35245
20260527-223837-sentence-script-a-cluster-of-semi-transp-5ee96f,1726,28.6546,1,careful_breath,2,0,3,0.03699,-0.64904,1.40915,-0.46516,0.01847,1.23047,7.66809,0.73785,0.105,1.0,1.12322,0.32514,0.29335,79,42,14,30,4,20,4,20,116,0,3,1,0,3,0.72501,0.0,0.9485,0.98974,1.11567,0.96503,1.03957,0.28909,0.35116,0.35004,0.27604,0.35936
20260527-223837-sentence-script-a-cluster-of-semi-transp-5ee96f,1742,28.9243,1,careful_breath,2,0,3,-0.21688,-0.57952,1.62343,-1.02573,0.28496,0.29659,8.91519,0.73402,0.105,1.0,1.12897,0.31776,0.28676,79,43,13,30,4,21,4,21,116,0,3,1,1,3,0.82941,0.0,0.90381,0.94312,1.06311,0.91957,0.99059,0.28199,0.35037,0.33805,0.26953,0.34886
20260527-223837-sentence-script-a-cluster-of-semi-transp-5ee96f,1757,29.1825,1,careful_breath,2,0,3,-0.55953,-0.49971,1.61569,-1.33484,0.25181,-0.28313,10.10372,0.73118,0.105,1.0,1.13324,0.31209,0.28676,80,43,13,29,4,22,4,22,153,0,3,1,1,4,1.03762,0.0,0.80308,0.83801,0.94463,0.81709,0.88019,0.27697,0.34117,0.32693,0.27393,0.34144
20260527-223837-sentence-script-a-cluster-of-semi-transp-5ee96f,1772,29.4416,1,careful_breath,2,0,3,-0.88266,-0.46217,1.53709,-1.20182,0.0451,-0.22498,11.29212,0.72891,0.105,1.0,1.13664,0.30597,0.28676,80,43,13,29,4,22,4,22,290,0,3,1,1,4,1.24545,0.0,0.77344,0.80707,0.90976,0.78692,0.8477,0.27315,0.33417,0.31846,0.26827,0.33578
20260527-223837-sentence-script-a-cluster-of-semi-transp-5ee96f,1787,29.7015,1,careful_breath,2,0,3,-1.20621,-0.48189,1.52111,-1.32607,-0.18189,0.04102,12.48083,0.7271,0.105,1.0,1.13935,0.30131,0.28676,80,43,13,29,4,22,4,22,290,0,3,1,1,4,1.50532,0.0,0.85206,0.88912,1.00224,0.86692,0.93387,0.27024,0.32884,0.31202,0.26397,0.33148
20260527-223837-sentence-script-a-cluster-of-semi-transp-5ee96f,1802,29.9752,1,careful_breath,2,0,3,-1.57188,-0.55866,1.50541,-0.83944,-0.23464,-0.16923,13.7302,0.72566,0.105,1.0,1.14151,0.3043,0.28676,80,47,13,25,4,26,4,26,290,0,3,1,1,4,1.6228,0.0,0.94268,0.98367,1.10883,0.95911,1.03319,0.26802,0.32477,0.3071,0.26968,0.35193
20260527-223837-sentence-script-a-cluster-of-semi-transp-5ee96f,1822,30.2328,1,careful_breath,2,0,3,-2.06691,-0.48983,1.26407,0.19869,-2.05316,-0.64805,14.90368,0.72418,0.105,1.0,1.14372,0.30455,0.28676,80,51,13,21,4,30,4,30,290,0,3,1,1,4,1.71372,0.0,0.9248,0.96502,1.0878,0.94093,1.0136,0.27353,0.3277,0.30934,0.26378,0.34839
20260527-223837-sentence-script-a-cluster-of-semi-transp-5ee96f,1850,30.4838,1,careful_breath,2,0,3,-2.07642,-0.85709,0.92139,-0.01662,-0.81545,-1.56884,16.04433,0.72274,0.105,1.0,1.14589,0.29917,0.28223,88,45,13,19,4,32,4,32,299,0,3,1,1,12,1.88377,0.0,0.82998,0.86607,0.97626,0.84445,0.90967,0.28089,0.32143,0.29884,0.25844,0.33624
20260527-223837-sentence-script-a-cluster-of-semi-transp-5ee96f,1872,30.7468,1,careful_breath,2,0,3,-2.07283,-0.99215,0.62469,-0.03915,-0.50031,-1.15881,17.23812,0.72197,0.105,1.0,1.14705,0.29453,0.27985,89,45,13,18,4,33,4,33,581,0,3,1,1,13,2.07982,0.0,0.76957,0.80304,0.90521,0.78299,0.84346,0.27435,0.32444,0.28793,0.25576,0.33017
20260527-223837-sentence-script-a-cluster-of-semi-transp-5ee96f,1892,30.9994,1,careful_breath,2,0,3,-2.13351,-1.11239,0.31469,-0.43104,-0.41665,-1.28918,18.38345,0.72145,0.105,1.0,1.14782,0.29138,0.27985,89,46,13,17,4,34,4,34,597,0,3,1,1,13,2.29409,0.0,0.8192,0.85483,0.96359,0.83349,0.89786,0.27029,0.32062,0.2785,0.26108,0.32641
20260527-223837-sentence-script-a-cluster-of-semi-transp-5ee96f,1915,31.254,1,careful_breath,2,0,3,-2.24848,-1.18841,-0.0363,-0.33444,-0.18703,-1.47528,19.5374,0.72103,0.105,1.0,1.14846,0.29027,0.27985,89,48,13,15,4,36,4,36,597,0,3,1,1,13,2.48226,0.0,0.91709,0.95697,1.07873,0.93308,1.00514,0.26714,0.32476,0.27853,0.25741,0.32349
20260527-223837-sentence-script-a-cluster-of-semi-transp-5ee96f,1932,31.5075,1,careful_breath,2,0,3,-2.24041,-1.20247,-0.34177,0.36498,0.03088,-1.20478,20.68543,0.72079,0.105,1.0,1.14881,0.29233,0.27985,89,51,13,12,4,39,4,39,597,0,3,1,1,13,2.58471,0.0,0.9469,0.98808,1.11379,0.96341,1.03782,0.27315,0.33017,0.28086,0.25551,0.32197
20260527-223837-sentence-script-a-cluster-of-semi-transp-5ee96f,1947,31.7634,1,careful_breath,2,0,3,-2.04429,-1.16742,-0.60717,1.07078,0.23182,-0.82842,21.84448,0.72063,0.105,1.0,1.14905,0.28876,0.27549,89,51,13,12,4,39,4,39,597,0,3,1,1,13,2.78883,0.0,0.87297,0.91093,1.02683,0.88819,0.95679,0.27024,0.32579,0.27253,0.25425,0.32096
20260527-223837-sentence-script-a-cluster-of-semi-transp-5ee96f,1962,32.0228,1,careful_breath,2,0,2,-1.29249,-0.8453,-0.81743,13.01658,6.76373,-1.97136,23.0187,0.7205,0.105,1.0,1.14924,0.29232,0.27514,89,50,13,13,5,39,5,39,692,0,4,1,2,14,2.99534,0.0,0.78249,0.81652,0.92041,0.79614,0.85763,0.26802,0.32246,0.26326,0.28765,0.32019
20260527-223837-sentence-script-a-cluster-of-semi-transp-5ee96f,1977,32.2878,1,careful_breath,2,0,2,0.51423,0.08113,-1.14583,3.63412,1.85218,-0.97133,24.21843,0.7204,0.105,1.0,1.1494,0.28814,0.27514,89,50,13,13,5,39,5,39,845,0,4,1,2,14,3.2074,0.0,0.78826,0.82254,0.9272,0.80201,0.86395,0.26633,0.31992,0.25202,0.28281,0.31961
20260527-223837-sentence-script-a-cluster-of-semi-transp-5ee96f,1992,32.5481,1,careful_breath,2,0,2,1.14073,0.39448,-1.40359,1.83896,0.86313,-0.99634,25.39632,0.72032,0.105,1.0,1.14952,0.28496,0.27514,89,50,13,13,5,39,5,39,845,0,4,1,2,14,3.46764,0.0,0.88329,0.92171,1.03898,0.8987,0.96811,0.26505,0.31798,0.24347,0.27913,0.31916
20260527-223837-sentence-script-a-cluster-of-semi-transp-5ee96f,2007,32.8074,1,careful_breath,2,0,2,1.57916,0.57054,-1.60065,1.68145,0.57382,-0.4475,26.56985,0.72026,0.105,1.0,1.14962,0.28421,0.27514,89,51,13,12,5,40,5,40,845,0,4,1,2,14,3.67496,0.0,0.94925,0.99052,1.11655,0.9658,1.04039,0.26407,0.31651,0.23696,0.28469,0.31882
20260527-223837-sentence-script-a-cluster-of-semi-transp-5ee96f,2022,33.0681,1,careful_breath,2,0,2,1.99522,0.69289,-1.57297,1.46689,0.38006,0.59768,27.74959,0.7202,0.105,1.0,1.14969,0.28478,0.27514,90,52,13,10,5,42,5,42,845,0,4,1,2,15,3.83189,0.0,0.905,0.94436,1.06451,0.92078,0.9919,0.2703,0.31539,0.232,0.28766,0.31856
20260527-223837-sentence-script-a-cluster-of-semi-transp-5ee96f,2037,33.3312,1,careful_breath,2,0,2,2.31687,0.7635,-1.3127,1.00285,0.16369,1.19213,28.94044,0.72016,0.105,1.0,1.14976,0.28714,0.27514,96,49,13,7,5,45,5,45,922,0,4,1,2,21,3.93684,0.0,0.80399,0.83895,0.9457,0.81801,0.88119,0.26807,0.31454,0.23629,0.29134,0.32547
20260527-223837-sentence-script-a-cluster-of-semi-transp-5ee96f,2052,33.5918,1,careful_breath,2,0,2,2.55903,0.77435,-1.00156,0.94504,-0.06884,1.10781,30.11941,0.72013,0.105,1.0,1.14981,0.2842,0.27514,97,48,13,7,5,45,5,45,1226,0,4,1,2,22,4.1974,0.0,0.77287,0.80648,0.90909,0.78635,0.84708,0.26637,0.31389,0.23149,0.28562,0.32362
20260527-223837-sentence-script-a-cluster-of-semi-transp-5ee96f,2067,33.8507,1,careful_breath,2,0,2,2.83572,0.72575,-0.75186,1.21178,-0.28905,0.92901,31.29094,0.7201,0.105,1.0,1.14985,0.28196,0.27514,97,48,13,7,5,45,5,45,1226,0,4,1,2,22,4.45632,0.0,0.84852,0.88542,0.99808,0.86332,0.92999,0.26507,0.31339,0.22783,0.28127,0.32222
20260527-223837-sentence-script-a-cluster-of-semi-transp-5ee96f,2082,34.1129,1,careful_breath,2,0,2,3.15218,0.62478,-0.47444,1.09616,-0.46547,1.24641,32.47701,0.72008,0.105,1.0,1.14988,0.28344,0.27514,97,50,13,5,5,47,5,47,1226,0,4,1,2,22,4.61465,0.0,0.93858,0.97939,1.104,0.95494,1.02869,0.26409,0.31301,0.22505,0.28679,0.32826
20260527-223837-sentence-script-a-cluster-of-semi-transp-5ee96f,2097,34.374,1,careful_breath,2,0,2,3.32339,0.4885,-0.09877,0.18741,-0.56072,1.56008,33.65838,0.72007,0.105,1.0,1.1499,0.28138,0.27514,97,50,13,5,5,47,5,47,1226,0,4,1,2,22,4.87577,0.0,0.93044,0.9709,1.09444,0.94667,1.01978,0.26334,0.31273,0.22293,0.28216,0.32575
20260527-223837-sentence-script-a-cluster-of-semi-transp-5ee96f,2112,34.6335,1,careful_breath,2,0,2,3.2333,0.3392,0.29845,-0.72558,-0.56667,1.42224,34.83273,0.72005,0.105,1.0,1.14992,0.27981,0.27514,102,45,13,5,5,47,5,47,1240,0,4,1,2,27,5.13533,0.0,0.83524,0.87156,0.98246,0.84981,0.91544,0.26277,0.31251,0.22132,0.27863,0.32384
20260527-223837-sentence-script-a-cluster-of-semi-transp-5ee96f,2127,34.8927,1,careful_breath,2,0,2,3.00826,0.20262,0.62867,-0.86177,-0.47759,1.18064,36.00546,0.72004,0.105,1.0,1.14994,0.27798,0.27247,103,44,13,5,5,47,5,47,1660,0,4,1,2,28,5.34266,0.0,0.77018,0.80367,0.90593,0.78361,0.84413,0.26233,0.31234,0.22009,0.27594,0.3192
20260527-223837-sentence-script-a-cluster-of-semi-transp-5ee96f,2142,35.158,1,careful_breath,2,0,2,2.8238,0.09863,0.95357,-0.56952,-0.31277,1.33991,37.2057,0.72003,0.105,1.0,1.14995,0.27658,0.27247,103,44,13,5,5,47,5,47,1718,0,4,1,2,28,5.60795,0.0,0.81702,0.85255,0.96102,0.83126,0.89546,0.262,0.31221,0.21915,0.27389,0.31567
20260527-223837-sentence-script-a-cluster-of-semi-transp-5ee96f,2157,35.425,1,constructive_oxygenation,2,0,2,2.6579,0.04677,1.34713,-0.91623,-0.0791,1.66803,38.42264,0.77426,0.11329,1.03314,1.22529,0.28233,0.2759,102,44,14,5,6,47,6,47,1718,0,4,1,2,28,5.82177,0.0,0.92315,0.96329,1.08586,0.93924,1.01179,0.2958,0.31212,0.21843,0.27233,0.31298
20260527-223837-sentence-script-a-cluster-of-semi-transp-5ee96f,2172,35.6869,1,constructive_oxygenation,2,0,2,2.26178,0.08122,1.74565,-2.02555,0.33295,1.05673,39.81472,0.91426,0.13468,1.11871,1.41977,0.28222,0.2759,102,45,14,4,6,48,6,48,1718,0,4,1,2,28,6.03375,0.0,0.95803,0.99969,1.12688,0.97473,1.05001,0.29157,0.31955,0.21789,0.27115,0.31093
20260527-223837-sentence-script-a-cluster-of-semi-transp-5ee96f,2187,35.9457,1,constructive_oxygenation,2,0,2,1.69616,0.21809,1.74983,-2.1122,0.6741,-0.80178,41.36577,0.99016,0.14627,1.16509,1.5252,0.28208,0.2759,112,39,14,3,6,49,6,49,1798,3,4,1,2,35,6.2412,0.0,0.79698,0.83164,0.93745,0.81088,0.8735,0.28836,0.32494,0.21748,0.27024,0.30938
20260527-223837-sentence-script-a-cluster-of-semi-transp-5ee96f,2202,36.2106,1,constructive_oxygenation,2,0,2,1.18903,0.42233,1.49605,-1.89145,0.81315,-0.72615,43.04896,1.0313,0.15256,1.19023,1.58235,0.27997,0.27127,112,39,14,3,6,49,6,49,2273,3,4,1,2,35,6.45318,0.0,0.75458,0.7874,0.88758,0.76774,0.82703,0.2859,0.32181,0.21716,0.26956,0.30543
20260527-223837-sentence-script-a-cluster-of-semi-transp-5ee96f,2216,36.4621,1,constructive_oxygenation,2,0,2,0.63371,0.61219,1.39244,-2.4719,0.67369,-0.42841,44.69563,1.0525,0.1558,1.20319,1.6118,0.27657,0.26049,115,39,14,3,6,49,6,49,2273,6,4,1,2,35,6.54301,0.0,0.94733,0.98852,1.1143,0.96385,1.03829,0.28415,0.31763,0.21694,0.267,0.29716
20260527-223837-sentence-script-a-cluster-of-semi-transp-5ee96f,2231,36.724,1,constructive_oxygenation,2,0,2,0.09262,0.74295,1.0783,-1.24613,0.31074,-1.96102,46.43842,1.06509,0.15772,1.21089,1.62929,0.27408,0.26049,119,39,14,2,6,50,6,50,2273,9,4,1,2,36,6.75143,0.0,0.94557,0.98669,1.11223,0.96205,1.03636,0.2827,0.31177,0.22386,0.26437,0.28769
20260527-223837-sentence-script-a-cluster-of-semi-transp-5ee96f,2246,36.981,1,constructive_oxygenation,2,0,2,0.07413,0.75556,0.5045,0.59109,-0.17586,-2.19802,48.1636,1.07192,0.15877,1.21506,1.63877,0.27221,0.26049,121,38,14,1,6,51,6,51,2385,9,4,1,2,38,6.95779,0.0,0.74211,0.77438,0.87291,0.75505,0.81337,0.2816,0.31455,0.22202,0.26237,0.28048
20260527-223837-sentence-script-a-cluster-of-semi-transp-5ee96f,2261,37.2421,1,constructive_oxygenation,2,0,2,0.14666,0.64867,-0.03611,-0.23861,-0.5933,-2.14314,49.92565,1.07562,0.15933,1.21732,1.64391,0.26933,0.26049,124,38,14,1,6,51,6,51,2635,12,4,1,2,38,7.21894,0.0,0.81412,0.84952,0.95761,0.82832,0.89229,0.28076,0.30943,0.22062,0.26085,0.27499
20260527-223837-sentence-script-a-cluster-of-semi-transp-5ee96f,2276,37.5052,1,constructive_oxygenation,2,0,2,0.07267,0.4582,-0.67355,0.17612,-0.74444,-2.31496,51.70565,1.07763,0.15964,1.21855,1.6467,0.26714,0.26049,127,38,14,1,6,51,6,51,2635,15,4,1,2,38,7.48207,0.0,0.99584,1.03915,1.17137,1.01321,1.09146,0.28012,0.30553,0.21956,0.25969,0.27081
20260527-223837-sentence-script-a-cluster-of-semi-transp-5ee96f,2291,37.7655,1,constructive_oxygenation,2,0,2,0.42001,0.24849,-1.13645,2.21052,-0.77117,-0.91354,53.46881,1.07871,0.1598,1.21921,1.64821,0.26468,0.25673,129,36,13,2,6,51,6,51,2635,15,4,1,3,40,7.68937,0.0,0.8513,0.88832,1.00134,0.86614,0.93304,0.27568,0.30256,0.21875,0.2588,0.26762
20260527-223837-sentence-script-a-cluster-of-semi-transp-5ee96f,2307,38.0188,1,constructive_oxygenation,2,0,2,1.00792,0.09533,-1.20577,2.13066,-0.42117,-0.20676,55.186,1.07933,0.1599,1.21959,1.64907,0.2626,0.25673,134,34,13,2,6,51,6,51,2937,18,4,1,3,42,7.94265,0.0,0.72527,0.75681,0.8531,0.73791,0.79491,0.27156,0.30018,0.2181,0.2581,0.26507
20260527-223837-sentence-script-a-cluster-of-semi-transp-5ee96f,2324,38.2833,1,constructive_oxygenation,2,0,2,1.54919,0.05313,-1.43149,2.21708,0.07855,-1.26342,56.97985,1.07967,0.15995,1.2198,1.64954,0.26096,0.25673,134,34,13,2,6,51,6,51,2937,18,4,1,3,42,8.20712,0.0,0.91725,0.95714,1.07892,0.93324,1.00532,0.26831,0.2983,0.2176,0.25755,0.26306
20260527-223837-sentence-script-a-cluster-of-semi-transp-5ee96f,2341,38.5441,1,constructive_oxygenation,2,0,2,2.17358,0.13932,-1.57183,2.27374,0.53761,0.56861,58.74974,1.07983,0.15997,1.2199,1.64977,0.25976,0.25673,137,34,13,2,6,51,6,51,2937,21,4,1,3,42,8.468,0.0,0.97089,1.01311,1.14201,0.98782,1.06411,0.26592,0.29692,0.21723,0.25714,0.26158
20260527-223837-sentence-script-a-cluster-of-semi-transp-5ee96f,2356,38.8067,1,constructive_oxygenation,2,0,2,2.54351,0.31127,-1.15081,0.86696,0.77422,2.15546,60.53128,1.07991,0.15999,1.21994,1.64987,0.25817,0.25093,145,29,12,3,6,51,6,51,2943,24,4,1,4,47,8.67889,0.0,0.75725,0.79018,0.89072,0.77046,0.82996,0.26434,0.29601,0.21697,0.25294,0.2606
20260527-223837-sentence-script-a-cluster-of-semi-transp-5ee96f,2371,39.0706,1,constructive_oxygenation,2,0,2,2.78708,0.52086,-0.652,1.35445,0.78479,1.62716,62.32206,1.07995,0.15999,1.21997,1.64993,0.25636,0.25093,145,29,12,3,6,51,6,51,3193,24,4,1,4,47,8.94281,0.0,0.79265,0.82712,0.93235,0.80647,0.86875,0.26314,0.29531,0.21678,0.24675,0.25985
20260527-223837-sentence-script-a-cluster-of-semi-transp-5ee96f,2386,39.3356,1,constructive_oxygenation,2,0,2,3.23152,0.69295,-0.19162,1.50778,0.50604,2.06676,64.11983,1.07997,0.16,1.21998,1.64996,0.25367,0.24541,148,29,12,3,6,51,6,51,3193,27,4,1,4,47,9.15577,0.0,0.99187,1.035,1.16669,1.00916,1.08711,0.26222,0.29477,0.21663,0.23545,0.25928
20260527-223837-sentence-script-a-cluster-of-semi-transp-5ee96f,2401,39.6023,1,constructive_oxygenation,2,0,2,3.28526,0.76428,0.39065,-1.03656,0.04616,2.01618,65.93007,1.07999,0.16,1.21999,1.64998,0.25162,0.24541,152,25,12,3,6,51,6,51,3193,27,4,1,4,51,9.42254,0.0,0.86574,0.90339,1.01833,0.88083,0.94886,0.26152,0.29437,0.21652,0.22684,0.25884
20260527-223837-sentence-script-a-cluster-of-semi-transp-5ee96f,2416,39.861,1,constructive_oxygenation,2,0,2,2.86261,0.70931,0.80944,-1.60731,-0.4268,1.43141,67.68501,1.07999,0.16,1.22,1.64999,0.25006,0.24541,159,21,12,3,6,51,6,51,3455,30,4,1,4,55,9.68116,0.0,0.72357,0.75504,0.8511,0.73619,0.79305,0.26099,0.29406,0.21643,0.22029,0.25851
20260527-223837-sentence-script-a-cluster-of-semi-transp-5ee96f,2431,40.1132,1,constructive_oxygenation,2,0,3,1.38411,-0.02589,1.24331,-9.84545,-5.10383,1.96106,69.39665,1.08,0.16,1.22,1.64999,0.24817,0.24007,162,21,12,3,6,51,6,51,3455,33,4,1,4,55,9.83258,0.0,0.898,0.93706,1.05628,0.91366,0.98423,0.26059,0.29383,0.21637,0.2118,0.25826
20260527-223837-sentence-script-a-cluster-of-semi-transp-5ee96f,2446,40.3677,1,ritual_reset,2,0,1,0.22966,-0.29431,1.79784,0.38284,6.2673,3.30901,71.12643,1.10372,0.17565,1.24651,1.69278,0.24769,0.24007,162,22,12,2,6,52,6,52,3455,33,5,1,4,55,10.037,0.0,1.03232,1.06514,1.14172,0.96719,1.08296,0.26792,0.29365,0.21632,0.20246,0.25807
20260527-223837-sentence-script-a-cluster-of-semi-transp-5ee96f,2461,40.6251,1,ritual_reset,2,0,3,0.59741,-0.09735,2.13218,-14.66247,-6.84982,-2.21221,72.97286,1.17403,0.21833,1.33969,1.83083,0.24547,0.23544,165,19,12,2,6,52,6,52,3540,33,5,1,4,58,10.24277,0.0,0.7644,0.74522,0.81846,0.74729,0.85184,0.26587,0.29352,0.21628,0.19535,0.25631
20260527-223837-sentence-script-a-cluster-of-semi-transp-5ee96f,2476,40.8859,1,ritual_reset,2,0,4,-1.19801,-0.86471,1.40213,1.60522,-0.94329,-3.57449,74.92049,1.20183,0.2327,1.3902,1.89479,0.24299,0.23544,165,19,12,2,6,52,6,52,3919,33,5,1,4,58,10.50353,0.0,0.74281,0.75862,0.90258,0.82268,0.87053,0.2643,0.29341,0.21626,0.18994,0.25107
20260527-223837-sentence-script-a-cluster-of-semi-transp-5ee96f,2491,41.1442,1,ritual_reset,2,0,0,-2.29328,-0.2976,0.34927,-11.08116,6.86547,-4.65303,76.88117,1.21282,0.23754,1.41758,1.92442,0.23969,0.22868,165,19,12,2,6,52,6,52,3919,33,5,1,4,58,10.71014,0.0,1.02264,1.11047,1.29882,1.10684,1.1372,0.26311,0.28877,0.21369,0.18581,0.24708
20260527-223837-sentence-script-a-cluster-of-semi-transp-5ee96f,2506,41.4073,1,ritual_reset,2,0,1,-2.54866,0.79131,-0.942,7.2658,2.96607,-4.53394,78.89,1.21716,0.23917,1.43243,1.93815,0.23841,0.22868,166,19,12,1,6,53,6,53,3928,33,5,1,4,59,10.92025,0.0,0.79315,0.86724,0.95481,0.77485,0.82124,0.2622,0.28462,0.21139,0.18978,0.24404
20260527-223837-sentence-script-a-cluster-of-semi-transp-5ee96f,2521,41.6727,1,ritual_reset,2,0,2,-0.25657,0.8589,-1.52922,10.1047,-1.65269,-1.49618,80.92133,1.21888,0.23972,1.44047,1.94451,0.24906,0.23101,164,19,14,1,8,53,8,53,4133,33,5,1,4,59,11.02629,0.0,0.76027,0.76949,0.80889,0.69101,0.793,0.2615,0.28066,0.27573,0.18569,0.24172
20260527-223837-sentence-script-a-cluster-of-semi-transp-5ee96f,2536,41.9323,1,ritual_reset,2,0,3,0.37646,-0.26109,-1.90013,0.04196,-5.06121,-0.53777,82.9098,1.21956,0.23991,1.44484,1.94746,0.24462,0.22772,164,19,14,1,8,53,8,53,4133,33,5,1,4,59,11.28586,0.0,1.07167,1.06686,1.19564,1.08054,1.20196,0.26068,0.27305,0.26682,0.18258,0.23996
20260527-223837-sentence-script-a-cluster-of-semi-transp-5ee96f,2551,42.185,1,ritual_reset,2,0,4,2.00405,-1.00036,-1.59857,6.00457,-1.4953,3.69648,84.84649,1.21982,0.23997,1.4472,1.94882,0.23992,0.22446,165,18,14,1,8,53,8,53,4133,33,5,1,4,60,11.43607,0.0,0.82288,0.85319,1.01565,0.91325,0.95716,0.25643,0.26726,0.26003,0.18021,0.23566
20260527-223837-sentence-script-a-cluster-of-semi-transp-5ee96f,2566,42.4362,1,ritual_reset,2,0,0,0.80112,-0.22003,-0.41384,-6.52064,4.13723,4.41727,86.77175,1.21993,0.23999,1.44848,1.94945,0.23587,0.22239,165,18,14,1,8,53,8,53,4305,33,5,1,4,60,11.63655,0.0,0.63083,0.70621,0.83597,0.69812,0.69788,0.2518,0.26285,0.25486,0.17841,0.23145
20260527-223837-sentence-script-a-cluster-of-semi-transp-5ee96f,2581,42.6862,1,ritual_reset,2,0,1,1.39337,0.68557,0.71199,3.26416,2.74973,5.41202,88.68811,1.21997,0.24,1.44918,1.94975,0.23258,0.22239,165,18,14,1,8,53,8,53,4305,33,5,1,4,60,11.88656,0.0,1.00514,1.08427,1.19336,0.98196,1.05054,0.24721,0.25949,0.25093,0.17704,0.22825
20260527-223837-sentence-script-a-cluster-of-semi-transp-5ee96f,2596,42.9512,1,ritual_reset,2,0,2,2.23467,0.8337,2.1591,-1.02585,0.01831,2.60717,90.7192,1.21999,0.24,1.44955,1.94988,0.23083,0.21816,165,19,14,0,8,54,8,54,4305,33,5,1,4,60,12.05026,0.0,0.98059,0.99444,1.06378,0.91704,1.03903,0.25068,0.25692,0.24793,0.17599,0.22261
20260527-223837-sentence-script-a-cluster-of-semi-transp-5ee96f,2611,43.2157,1,ritual_reset,2,0,3,-0.28137,-0.16072,1.95432,-7.15373,-2.8449,-1.51558,92.74652,1.22,0.24,1.44976,1.94995,0.22772,0.21816,166,18,14,0,8,54,8,54,4561,33,5,1,4,61,12.31474,0.0,0.66663,0.64596,0.72831,0.67861,0.76383,0.24635,0.25497,0.24564,0.17519,0.21646
20260527-223837-sentence-script-a-cluster-of-semi-transp-5ee96f,2626,43.4822,1,ritual_reset,2,0,4,-0.71497,-0.80856,1.49279,-3.70683,-1.82426,-2.03323,94.78994,1.22,0.24,1.44987,1.94997,0.22536,0.21816,166,18,14,0,8,54,8,54,4562,33,5,1,4,61,12.58131,0.0,0.92921,0.97446,1.15608,1.02671,1.07045,0.24305,0.25349,0.2439,0.17458,0.21178
20260527-223837-sentence-script-a-cluster-of-semi-transp-5ee96f,2641,43.7493,1,ritual_reset,2,0,1,-2.99747,0.04617,0.43123,3.77915,2.92944,-6.06879,96.83709,1.22,0.24,1.44993,1.94999,0.22356,0.21816,166,18,14,0,8,54,8,54,4562,33,5,1,4,61,12.84837,0.0,0.93821,1.03097,1.18855,0.9918,1.01916,0.24054,0.25236,0.24258,0.17412,0.20821
20260527-223837-sentence-script-a-cluster-of-semi-transp-5ee96f,2658,44.0009,1,ritual_reset,2,0,2,-1.56466,0.47903,-0.83525,6.6539,-0.48938,-1.10434,98.75513,1.22,0.24,1.44996,1.95,0.22157,0.21366,167,17,13,1,8,54,8,54,4650,33,5,1,5,62,13.09859,0.0,0.6754,0.73098,0.78464,0.63169,0.6852,0.23817,0.25141,0.24147,0.1716,0.2052
20260527-223837-sentence-script-a-cluster-of-semi-transp-5ee96f,2685,44.251,1,ritual_reset,2,0,3,-0.39093,0.03999,-1.61528,-15.55157,-9.89696,-2.42172,100.67252,1.22,0.24,1.44999,1.95,0.21657,0.208,167,17,12,2,8,54,8,54,4668,33,5,1,6,62,13.28536,0.0,0.93083,0.93203,0.99941,0.87484,0.99716,0.23043,0.25044,0.23101,0.16895,0.20202
20260527-223837-sentence-script-a-cluster-of-semi-transp-5ee96f,2706,44.5106,1,ritual_reset,2,0,4,0.227,-0.39619,-2.27151,12.2664,-0.57417,-2.19508,102.66268,1.22,0.24,1.44999,1.95,0.21377,0.208,167,17,12,2,8,54,8,54,4668,33,5,1,6,62,13.54499,0.0,1.03877,1.03853,1.1827,1.07385,1.18012,0.22653,0.24993,0.2244,0.1676,0.2004
20260527-223837-sentence-script-a-cluster-of-semi-transp-5ee96f,2722,44.7609,1,ritual_reset,2,0,0,0.84788,-0.00581,-1.56286,-8.75664,4.99687,5.69025,104.58129,1.22,0.24,1.45,1.95,0.21224,0.208,169,15,12,2,8,54,8,54,4696,33,5,1,6,64,13.79528,0.0,0.65769,0.69722,0.84473,0.7521,0.76995,0.2244,0.24964,0.22079,0.16686,0.19951
20260527-223837-sentence-script-a-cluster-of-semi-transp-5ee96f,2739,45.0214,1,ritual_reset,2,0,1,1.04279,0.5181,-0.52403,7.30983,0.81137,3.3274,106.57795,1.22,0.24,1.45,1.95,0.20963,0.20061,169,15,12,2,8,54,8,54,4819,33,5,1,6,64,13.96471,0.0,0.78433,0.87084,1.00357,0.82893,0.84594,0.22272,0.24309,0.21726,0.16627,0.19881
20260527-223837-sentence-script-a-cluster-of-semi-transp-5ee96f,2756,45.2789,1,ritual_reset,2,0,2,3.09401,0.27901,0.99918,5.9182,-1.43643,7.16233,108.55175,1.22,0.24,1.45,1.95,0.20716,0.20061,169,15,12,2,8,54,8,54,4819,33,5,1,6,64,14.2222,0.0,1.08773,1.15255,1.25248,1.04081,1.13581,0.22149,0.23828,0.21187,0.16584,0.1983
20260527-223837-sentence-script-a-cluster-of-semi-transp-5ee96f,2771,45.5307,1,ritual_reset,2,0,3,1.34748,-0.46534,1.82395,-11.88387,-3.14352,0.67553,110.48205,1.22,0.24,1.45,1.95,0.20691,0.20061,172,13,12,1,8,55,8,55,4830,33,5,1,6,67,14.39635,0.0,0.79731,0.79039,0.84192,0.74205,0.85443,0.22067,0.23511,0.2083,0.17253,0.19795
20260527-223837-sentence-script-a-cluster-of-semi-transp-5ee96f,2788,45.7861,1,careful_breath,3,0,2,1.65455,0.23278,1.86047,-0.08011,1.72786,0.47109,1.22015,0.79852,0.105,1.0,1.03222,0.34484,0.30084,80,36,10,39,0,11,0,11,0,0,1,2,0,0,0.01488,0.0,0.94456,0.98563,1.11104,0.96103,1.03525,0.33047,0.30799,0.2902,0.34617,0.44937
20260527-223837-sentence-script-a-cluster-of-semi-transp-5ee96f,2807,46.0376,1,careful_breath,3,0,2,1.40226,0.50324,1.88076,-1.39709,0.7393,-0.41764,2.46701,0.77892,0.105,1.0,1.06162,0.33485,0.30084,80,38,10,37,0,13,0,13,0,0,1,2,0,0,0.15844,0.0,0.91616,0.956,1.07764,0.93213,1.00412,0.30875,0.30249,0.298,0.3436,0.42142
20260527-223837-sentence-script-a-cluster-of-semi-transp-5ee96f,2825,46.304,1,careful_breath,3,0,0,-0.7048,0.69588,1.50374,-9.9079,0.6802,-1.78216,3.75802,0.76489,0.105,1.0,1.08267,0.33301,0.29672,79,39,11,36,1,14,1,14,0,0,2,2,0,0,0.27402,0.0,0.80758,0.8427,0.94992,0.82166,0.88512,0.28749,0.33183,0.30419,0.34185,0.39968
20260527-223837-sentence-script-a-cluster-of-semi-transp-5ee96f,2840,46.5556,1,careful_breath,3,0,0,-2.01107,0.81602,1.17512,-2.72443,0.32662,-0.95271,4.96045,0.75578,0.105,1.0,1.09633,0.32605,0.29672,79,40,11,35,1,15,1,15,7,0,2,2,0,0,0.47456,0.0,0.77226,0.80584,0.90838,0.78573,0.84641,0.27437,0.32234,0.30085,0.3496,0.38306
20260527-223837-sentence-script-a-cluster-of-semi-transp-5ee96f,2855,46.8095,1,careful_breath,3,0,0,-2.49672,0.86507,0.99089,-1.55187,0.07871,-0.60929,6.16045,0.74852,0.105,1.0,1.10721,0.31863,0.29339,79,40,11,35,1,15,1,15,7,0,2,2,0,0,0.67765,0.0,0.84872,0.88563,0.99831,0.86352,0.93021,0.26438,0.31511,0.2983,0.34667,0.36868
20260527-223837-sentence-script-a-cluster-of-semi-transp-5ee96f,2870,47.0649,1,careful_breath,3,0,0,-2.84808,0.85271,0.81449,-1.21026,-0.15688,-0.85169,7.35698,0.74274,0.105,1.0,1.11589,0.31573,0.29339,79,42,11,33,1,17,1,17,7,0,2,2,0,0,0.83055,0.0,0.93913,0.97997,1.10465,0.9555,1.0293,0.25677,0.30961,0.30429,0.3525,0.35548
20260527-223837-sentence-script-a-cluster-of-semi-transp-5ee96f,2885,47.3241,1,careful_breath,3,0,0,-3.06038,0.78309,0.53347,-0.42785,-0.36462,-1.27919,8.56336,0.73813,0.105,1.0,1.12281,0.31517,0.29339,79,45,11,30,1,20,1,20,7,0,2,2,0,0,0.92598,0.0,0.92827,0.96864,1.09188,0.94446,1.0174,0.25098,0.32157,0.30899,0.34887,0.34542
20260527-223837-sentence-script-a-cluster-of-semi-transp-5ee96f,2900,47.5819,1,careful_breath,3,0,0,-3.05148,0.66814,0.19164,0.36525,-0.50098,-1.28645,9.75579,0.73445,0.105,1.0,1.12833,0.31142,0.29339,80,45,11,29,1,21,1,21,7,0,2,2,0,1,1.13256,0.0,0.83043,0.86655,0.9768,0.84491,0.91017,0.24657,0.31453,0.31214,0.34611,0.33776
20260527-223837-sentence-script-a-cluster-of-semi-transp-5ee96f,2915,47.8436,1,careful_breath,3,0,0,-2.92216,0.52455,-0.12361,0.48915,-0.57596,-1.14472,10.96096,0.73152,0.105,1.0,1.13272,0.30704,0.29339,80,45,11,29,1,21,1,21,55,0,2,2,0,1,1.39423,0.0,0.76955,0.80302,0.90519,0.78297,0.84344,0.24321,0.30916,0.3069,0.344,0.33192
20260527-223837-sentence-script-a-cluster-of-semi-transp-5ee96f,2930,48.1073,1,careful_breath,3,0,0,-2.83565,0.37624,-0.429,0.20162,-0.54771,-1.24348,12.17133,0.72918,0.105,1.0,1.13623,0.30523,0.29339,80,46,11,28,1,22,1,22,57,0,2,2,0,1,1.60499,0.0,0.82503,0.86091,0.97045,0.83942,0.90425,0.24829,0.30508,0.3029,0.3424,0.32748
20260527-223837-sentence-script-a-cluster-of-semi-transp-5ee96f,2945,48.3699,1,careful_breath,3,0,0,-2.77816,0.24793,-0.77914,0.33963,-0.42902,-1.37759,13.37289,0.72732,0.105,1.0,1.13902,0.30721,0.29339,80,49,11,25,1,25,1,25,57,0,2,2,0,1,1.71232,0.0,0.92494,0.96517,1.08797,0.94107,1.01375,0.25202,0.30197,0.29986,0.34939,0.33278
20260527-223837-sentence-script-a-cluster-of-semi-transp-5ee96f,2960,48.6288,1,careful_breath,3,0,0,-2.61004,0.16225,-1.09215,0.94655,-0.23766,-0.96617,14.55511,0.72583,0.105,1.0,1.14125,0.30836,0.2886,80,52,10,23,1,28,1,28,57,0,2,2,1,1,1.81628,0.0,0.94228,0.98326,1.10836,0.95871,1.03275,0.25436,0.2996,0.30607,0.35361,0.32813
20260527-223837-sentence-script-a-cluster-of-semi-transp-5ee96f,2975,48.8928,1,careful_breath,3,0,0,-2.29661,0.13215,-1.23518,1.34532,-0.00653,-0.19258,15.75804,0.72465,0.105,1.0,1.14302,0.31196,0.29202,79,53,11,22,2,29,2,29,60,0,2,2,1,1,1.9752,0.0,0.85526,0.89245,1.006,0.87017,0.93737,0.25195,0.29779,0.33573,0.34972,0.32459
20260527-223837-sentence-script-a-cluster-of-semi-transp-5ee96f,2990,49.1561,1,careful_breath,3,0,0,-1.94757,0.16308,-1.223,1.26459,0.22287,0.14211,16.95623,0.72371,0.105,1.0,1.14444,0.30677,0.28704,80,52,11,22,2,29,2,29,189,0,2,2,1,2,2.1857,0.0,0.77415,0.80782,0.9106,0.78765,0.84848,0.24159,0.29642,0.32895,0.34675,0.32015
20260527-223837-sentence-script-a-cluster-of-semi-transp-5ee96f,3005,49.4179,1,careful_breath,3,0,0,-1.62719,0.25045,-1.21425,1.22205,0.42092,-0.10736,18.14602,0.72296,0.105,1.0,1.14557,0.30363,0.28704,80,53,11,21,2,30,2,30,250,0,2,2,1,2,2.39746,0.0,0.80137,0.83622,0.94262,0.81535,0.87832,0.2337,0.29537,0.32378,0.35271,0.31258
20260527-223837-sentence-script-a-cluster-of-semi-transp-5ee96f,3020,49.6744,1,careful_breath,3,0,0,-1.29398,0.37673,-1.26468,1.38327,0.54404,-0.18501,19.31042,0.72236,0.105,1.0,1.14647,0.30316,0.28704,80,55,11,19,2,32,2,32,250,0,2,2,1,2,2.60298,0.0,0.89992,0.93906,1.05854,0.91561,0.98633,0.22769,0.30358,0.32869,0.34903,0.30681
20260527-223837-sentence-script-a-cluster-of-semi-transp-5ee96f,3035,49.9319,1,careful_breath,3,0,0,-0.93874,0.52223,-1.24618,1.31171,0.57306,0.37901,20.47895,0.72188,0.105,1.0,1.14718,0.30247,0.28704,80,57,11,17,2,34,2,34,250,0,2,2,1,2,2.70624,0.0,0.9499,0.9912,1.11732,0.96646,1.0411,0.22312,0.30935,0.32359,0.35387,0.30242
20260527-223837-sentence-script-a-cluster-of-semi-transp-5ee96f,3050,50.1914,1,careful_breath,3,0,0,-0.66515,0.66487,-1.04383,0.76866,0.51063,1.07894,21.65561,0.7215,0.105,1.0,1.14775,0.30021,0.28704,83,55,11,16,2,35,2,35,250,0,2,2,1,5,2.91414,0.0,0.8895,0.92818,1.04628,0.90501,0.97491,0.21964,0.31273,0.31971,0.34991,0.29908
20260527-223837-sentence-script-a-cluster-of-semi-transp-5ee96f,3065,50.4507,1,careful_breath,3,0,0,-0.54081,0.78215,-0.71555,0.30197,0.4059,1.39542,22.83072,0.72119,0.105,1.0,1.14821,0.29699,0.28704,89,49,11,16,2,35,2,35,340,0,2,2,1,11,3.17341,0.0,0.79258,0.82704,0.93227,0.8064,0.86868,0.21698,0.30779,0.31675,0.3469,0.29653
20260527-223837-sentence-script-a-cluster-of-semi-transp-5ee96f,3082,50.7149,1,careful_breath,3,0,0,-0.46645,0.85652,-0.37856,0.36681,0.16923,1.1819,24.0279,0.72092,0.105,1.0,1.14862,0.29489,0.28242,89,50,11,15,2,36,2,36,530,0,2,2,1,11,3.29694,0.0,0.77912,0.813,0.91645,0.79271,0.85393,0.21354,0.30362,0.31132,0.34435,0.30162
20260527-223837-sentence-script-a-cluster-of-semi-transp-5ee96f,3099,50.9717,1,careful_breath,3,0,0,-0.33231,0.86661,-0.08092,0.62261,-0.07451,1.21397,25.19112,0.72071,0.105,1.0,1.14893,0.2915,0.28242,89,50,11,15,2,36,2,36,530,0,2,2,1,11,3.55378,0.0,0.86504,0.90266,1.01751,0.88012,0.9481,0.20954,0.30055,0.30679,0.34249,0.29811
20260527-223837-sentence-script-a-cluster-of-semi-transp-5ee96f,3117,51.2363,1,careful_breath,3,0,0,-0.20305,0.81388,0.26908,0.23756,-0.30581,1.40042,26.3889,0.72054,0.105,1.0,1.14918,0.2937,0.28242,89,53,11,12,2,39,2,39,530,0,2,2,1,11,3.68595,0.0,0.94562,0.98674,1.11229,0.96211,1.03641,0.20646,0.29819,0.31095,0.34897,0.30394
20260527-223837-sentence-script-a-cluster-of-semi-transp-5ee96f,3132,51.4975,1,careful_breath,3,0,0,-0.2568,0.71724,0.59011,-0.59409,-0.45432,1.16463,27.57145,0.72043,0.105,1.0,1.14935,0.29249,0.28242,89,54,11,11,2,40,2,40,530,0,2,2,1,11,3.89667,0.0,0.91813,0.95806,1.07996,0.93414,1.00629,0.21233,0.29672,0.30697,0.34619,0.30023
20260527-223837-sentence-script-a-cluster-of-semi-transp-5ee96f,3147,51.7569,1,careful_breath,3,0,0,-0.49849,0.58324,0.83409,-1.11415,-0.54906,0.72712,28.74534,0.72035,0.105,1.0,1.14948,0.29127,0.27587,96,48,11,10,2,41,2,41,561,0,2,2,1,18,4.10423,0.0,0.81881,0.85442,0.96313,0.83309,0.89743,0.20902,0.30461,0.30371,0.34161,0.29741
20260527-223837-sentence-script-a-cluster-of-semi-transp-5ee96f,3162,52.0191,1,careful_breath,3,0,0,-0.79439,0.43415,0.99595,-1.06546,-0.56697,0.59891,29.93237,0.72028,0.105,1.0,1.14959,0.2868,0.27017,96,48,11,10,2,41,2,41,847,0,2,2,1,18,4.26154,0.0,0.76984,0.80332,0.90553,0.78326,0.84376,0.20627,0.29826,0.29855,0.33568,0.29526
20260527-223837-sentence-script-a-cluster-of-semi-transp-5ee96f,3177,52.2848,1,careful_breath,3,0,0,-1.0502,0.29486,1.18778,-0.93541,-0.48262,0.86251,31.13449,0.72022,0.105,1.0,1.14967,0.28276,0.27017,96,48,11,10,2,41,2,41,847,0,2,2,1,18,4.47492,0.0,0.8347,0.871,0.98182,0.84926,0.91485,0.20139,0.29299,0.29461,0.33117,0.29362
20260527-223837-sentence-script-a-cluster-of-semi-transp-5ee96f,3192,52.5412,1,careful_breath,3,0,0,-1.31709,0.19021,1.42106,-1.14866,-0.32064,0.82338,32.29503,0.72018,0.105,1.0,1.14974,0.28138,0.27017,96,49,11,9,2,42,2,42,847,0,2,2,1,18,4.68016,0.0,0.9293,0.96971,1.0931,0.94551,1.01853,0.20621,0.28897,0.29162,0.32773,0.29238
20260527-223837-sentence-script-a-cluster-of-semi-transp-5ee96f,3207,52.797,1,careful_breath,3,0,0,-1.6426,0.13699,1.54458,-1.32773,-0.10413,0.10239,33.45218,0.72014,0.105,1.0,1.14979,0.28166,0.27017,96,51,11,7,2,44,2,44,847,0,2,2,1,18,4.83412,0.0,0.94045,0.98134,1.1062,0.95684,1.03074,0.20135,0.28591,0.29644,0.33319,0.29143
20260527-223837-sentence-script-a-cluster-of-semi-transp-5ee96f,3222,53.0554,1,careful_breath,3,0,0,-1.96972,0.14168,1.45114,-1.15321,0.12553,-0.71327,34.62155,0.72011,0.105,1.0,1.14983,0.28712,0.2736,98,49,12,6,3,45,3,45,859,0,2,2,1,21,4.9891,0.0,0.854,0.89114,1.00452,0.86889,0.936,0.2311,0.29151,0.29301,0.32927,0.29071
20260527-223837-sentence-script-a-cluster-of-semi-transp-5ee96f,3237,53.3183,1,careful_breath,3,0,0,-2.22858,0.20483,1.22148,-0.88766,0.33722,-0.91189,35.81089,0.72009,0.105,1.0,1.14987,0.29225,0.27263,104,43,13,5,4,46,4,46,1127,0,2,2,1,28,5.19925,0.0,0.77401,0.80767,0.91043,0.7875,0.84833,0.22439,0.28784,0.2904,0.33441,0.32421
20260527-223837-sentence-script-a-cluster-of-semi-transp-5ee96f,3253,53.5824,1,careful_breath,3,0,0,-2.48129,0.32295,1.00382,-1.06484,0.52675,-0.71761,37.00592,0.72007,0.105,1.0,1.1499,0.28722,0.27263,104,43,13,5,4,46,4,46,1226,0,2,2,1,28,5.3896,0.0,0.80209,0.83697,0.94346,0.81607,0.8791,0.219,0.28489,0.28829,0.32442,0.3195
20260527-223837-sentence-script-a-cluster-of-semi-transp-5ee96f,3270,53.8369,1,careful_breath,3,0,0,-2.77957,0.46758,0.82748,-1.20887,0.58776,-0.75301,38.15723,0.72005,0.105,1.0,1.14992,0.28662,0.27263,104,45,13,3,4,48,4,48,1226,0,2,2,1,28,5.5539,0.0,0.8997,0.93883,1.05828,0.91539,0.98609,0.22328,0.28258,0.28665,0.31655,0.32402
20260527-223837-sentence-script-a-cluster-of-semi-transp-5ee96f,3288,54.0993,1,careful_breath,3,0,0,-3.04832,0.61991,0.57243,-0.72695,0.55268,-1.17167,39.34453,0.72004,0.105,1.0,1.14994,0.28264,0.27263,104,45,13,3,4,48,4,48,1226,0,2,2,1,28,5.81633,0.0,0.9498,0.9911,1.11721,0.96636,1.041,0.21763,0.2808,0.28538,0.31049,0.31888
20260527-223837-sentence-script-a-cluster-of-semi-transp-5ee96f,3304,54.3502,1,careful_breath,3,0,0,-3.1141,0.73991,0.25987,0.13014,0.41824,-1.28213,40.4798,0.72003,0.105,1.0,1.14995,0.27959,0.26305,105,45,12,3,4,49,4,49,1226,0,2,2,2,29,5.938,0.0,0.89165,0.93043,1.04881,0.9072,0.97727,0.21394,0.27742,0.28455,0.30653,0.31553
20260527-223837-sentence-script-a-cluster-of-semi-transp-5ee96f,3319,54.609,1,careful_breath,3,0,0,-3.00004,0.82792,-0.05866,0.61623,0.26274,-1.16123,41.65026,0.72003,0.105,1.0,1.14996,0.2754,0.2583,108,42,12,3,4,49,4,49,1352,0,2,2,2,32,6.14471,0.0,0.79442,0.82896,0.93443,0.80827,0.87069,0.21133,0.26569,0.28311,0.30372,0.31314
20260527-223837-sentence-script-a-cluster-of-semi-transp-5ee96f,3334,54.8747,1,careful_breath,3,0,0,-2.84802,0.8672,-0.34821,0.46878,0.04429,-1.08989,42.85256,0.72002,0.105,1.0,1.14997,0.27071,0.25481,108,42,12,3,4,49,4,49,1632,0,2,2,2,32,6.35703,0.0,0.77814,0.81198,0.91529,0.79171,0.85285,0.20933,0.25412,0.27719,0.30158,0.31133
20260527-223837-sentence-script-a-cluster-of-semi-transp-5ee96f,3349,55.1415,1,careful_breath,3,0,0,-2.7561,0.84575,-0.66601,0.30011,-0.18929,-1.29819,44.05954,0.72002,0.105,1.0,1.14998,0.26587,0.25049,108,42,12,3,4,49,4,49,1632,0,2,2,2,32,6.57076,0.0,0.86674,0.90443,1.01951,0.88185,0.94996,0.20782,0.24378,0.27269,0.2951,0.30995
20260527-223837-sentence-script-a-cluster-of-semi-transp-5ee96f,3364,55.4051,1,careful_breath,3,0,0,-2.63508,0.76583,-1.01256,0.67966,-0.39543,-1.23806,45.25211,0.72001,0.105,1.0,1.14998,0.26212,0.25049,108,42,12,3,4,49,4,49,1632,0,2,2,2,32,6.83437,0.0,0.94599,0.98713,1.11273,0.96249,1.03682,0.20666,0.23591,0.26926,0.28986,0.30889
20260527-223837-sentence-script-a-cluster-of-semi-transp-5ee96f,3379,55.665,1,careful_breath,3,0,0,-2.38015,0.64332,-1.24844,1.21255,-0.52602,-0.55259,46.42784,0.72001,0.105,1.0,1.14998,0.25926,0.25049,109,41,12,3,4,49,4,49,1632,0,2,2,2,33,7.09426,0.0,0.91766,0.95757,1.0794,0.93366,1.00577,0.20578,0.22991,0.26665,0.28588,0.30809
20260527-223837-sentence-script-a-cluster-of-semi-transp-5ee96f,3393,55.9152,1,careful_breath,3,0,0,-2.05416,0.50548,-1.28766,1.32939,-0.56719,0.1228,47.55972,0.72001,0.105,1.0,1.14999,0.25721,0.25049,118,32,12,3,4,49,4,49,1653,0,2,2,2,42,7.34445,0.0,0.82166,0.85739,0.96648,0.83599,0.90056,0.20515,0.22561,0.26478,0.28302,0.30752
20260527-223837-sentence-script-a-cluster-of-semi-transp-5ee96f,3407,56.1691,1,careful_breath,3,0,0,-1.73321,0.36435,-1.22861,1.20452,-0.53306,0.22735,48.70835,0.72001,0.105,1.0,1.14999,0.25563,0.25049,118,32,12,3,4,49,4,49,2007,0,2,2,2,42,7.59835,0.0,0.76951,0.80297,0.90514,0.78292,0.84339,0.20466,0.22228,0.26332,0.2808,0.30707
20260527-223837-sentence-script-a-cluster-of-semi-transp-5ee96f,3421,56.4226,1,careful_breath,3,0,0,-1.42639,0.24301,-1.20759,1.30333,-0.4348,-0.04557,49.85511,0.72001,0.105,1.0,1.14999,0.25616,0.25049,118,33,12,2,4,50,4,50,2007,0,2,2,2,42,7.80008,0.0,0.82376,0.85958,0.96895,0.83812,0.90285,0.20428,0.22853,0.2622,0.27908,0.30672
20260527-223837-sentence-script-a-cluster-of-semi-transp-5ee96f,3436,56.6823,1,careful_breath,3,0,0,-1.28845,0.20281,-1.2157,0.0,0.0,0.0,51.0298,0.72001,0.105,1.0,1.14999,0.25447,0.24801,118,33,12,2,4,50,4,50,2007,0,2,2,2,42,7.90414,0.0,0.92225,0.96236,1.0848,0.93833,1.0108,0.20397,0.22429,0.26127,0.27638,0.30644
20260527-223837-sentence-script-a-cluster-of-semi-transp-5ee96f,3451,56.9471,1,careful_breath,3,0,0,-1.28845,0.20281,-1.2157,0.0,0.0,0.0,52.22771,0.72001,0.105,1.0,1.14999,0.25285,0.24801,118,33,12,2,4,50,4,50,2007,0,2,2,2,42,7.90414,0.0,0.94322,0.98424,1.10947,0.95967,1.03379,0.20373,0.22107,0.26057,0.27265,0.30622
20260527-223837-sentence-script-a-cluster-of-semi-transp-5ee96f,3466,57.2131,1,careful_breath,3,0,0,-1.28845,0.20281,-1.2157,0.0,0.0,0.0,53.43133,0.72001,0.105,1.0,1.14999,0.25092,0.24341,120,31,12,2,4,50,4,50,2007,0,2,2,2,44,7.90414,0.0,0.85759,0.89488,1.00874,0.87254,0.93993,0.20355,0.21861,0.26003,0.26634,0.30606
20260527-223837-sentence-script-a-cluster-of-semi-transp-5ee96f,3480,57.4649,1,careful_breath,3,0,0,-1.28845,0.20281,-1.2157,0.0,0.0,0.0,54.57033,0.72001,0.105,1.0,1.14999,0.25533,0.24287,124,26,13,2,5,50,5,50,2247,0,2,2,2,49,7.90414,0.0,0.77689,0.81068,0.91382,0.79044,0.85149,0.20342,0.21685,0.25928,0.29116,0.30594
20260527-223837-sentence-script-a-cluster-of-semi-transp-5ee96f,3495,57.7216,1,careful_breath,3,0,0,-1.28845,0.20281,-1.2157,0.0,0.0,0.0,55.7319,0.72001,0.105,1.0,1.14999,0.25228,0.24287,124,26,13,2,5,50,5,50,2384,0,2,2,2,49,7.90414,0.0,0.79397,0.8285,0.93391,0.80781,0.8702,0.20331,0.2154,0.25432,0.28251,0.30584
20260527-223837-sentence-script-a-cluster-of-semi-transp-5ee96f,3509,57.9719,1,careful_breath,3,0,0,-1.28845,0.20281,-1.2157,0.0,0.0,0.0,56.86383,0.72001,0.105,1.0,1.14999,0.25009,0.24287,124,26,13,2,5,50,5,50,2384,0,2,2,2,49,7.90414,0.0,0.88776,0.92636,1.04423,0.90324,0.973,0.20324,0.21436,0.25076,0.27631,0.30577
20260527-223837-sentence-script-a-cluster-of-semi-transp-5ee96f,3523,58.2231,1,careful_breath,3,0,0,-1.28845,0.20281,-1.2157,0.0,0.0,0.0,58.0003,0.72001,0.105,1.0,1.14999,0.24839,0.24287,124,26,13,2,5,50,5,50,2384,0,2,2,2,49,7.90414,0.0,0.94941,0.9907,1.11675,0.96596,1.04057,0.20318,0.21355,0.248,0.2715,0.30572
20260527-223837-sentence-script-a-cluster-of-semi-transp-5ee96f,3537,58.4746,1,careful_breath,3,0,0,-1.28845,0.20281,-1.2157,0.0,0.0,0.0,59.13813,0.72001,0.105,1.0,1.14999,0.24865,0.24287,124,27,13,1,5,51,5,51,2384,0,2,2,2,49,7.90414,0.0,0.90712,0.94657,1.06701,0.92294,0.99422,0.21105,0.21292,0.24585,0.26777,0.30567
20260527-223837-sentence-script-a-cluster-of-semi-transp-5ee96f,3552,58.739,1,careful_breath,3,0,0,-1.28845,0.20281,-1.2157,0.0,0.0,0.0,60.33423,0.72001,0.105,1.0,1.14999,0.24685,0.23893,128,23,12,2,5,51,5,51,2457,0,2,2,3,53,7.90414,0.0,0.80557,0.84061,0.94756,0.81962,0.88292,0.20913,0.21241,0.24409,0.26469,0.30393
20260527-223837-sentence-script-a-cluster-of-semi-transp-5ee96f,3567,59.0007,1,careful_breath,3,0,0,-1.28845,0.20281,-1.2157,0.0,0.0,0.0,61.51817,0.72001,0.105,1.0,1.14999,0.24488,0.23893,128,23,12,2,5,51,5,51,2789,0,2,2,3,53,7.90414,0.0,0.77247,0.80606,0.90862,0.78593,0.84663,0.20766,0.21202,0.24275,0.26236,0.29963
20260527-223837-sentence-script-a-cluster-of-semi-transp-5ee96f,3582,59.2618,1,careful_breath,3,0,0,-1.28845,0.20281,-1.2157,0.0,0.0,0.0,62.69933,0.72001,0.105,1.0,1.14999,0.24338,0.23893,128,23,12,2,5,51,5,51,2789,0,2,2,3,53,7.90414,0.0,0.84785,0.88472,0.99728,0.86263,0.92925,0.20654,0.21172,0.24173,0.26058,0.29635
20260527-223837-sentence-script-a-cluster-of-semi-transp-5ee96f,3597,59.5268,1,careful_breath,3,0,0,-1.28845,0.20281,-1.2157,0.0,0.0,0.0,63.89841,0.72001,0.105,1.0,1.14999,0.24216,0.23466,128,23,12,2,5,51,5,51,2789,0,2,2,3,53,7.90414,0.0,0.93882,0.97964,1.10429,0.95518,1.02896,0.20569,0.21149,0.24056,0.25922,0.29385
20260527-223837-sentence-script-a-cluster-of-semi-transp-5ee96f,3612,59.7848,1,careful_breath,3,0,0,-1.28845,0.20281,-1.2157,0.0,0.0,0.0,65.06548,0.72001,0.105,1.0,1.14999,0.24029,0.23466,128,23,12,2,5,51,5,51,2789,0,2,2,3,53,7.90414,0.0,0.93093,0.97142,1.09502,0.94717,1.02032,0.20505,0.21132,0.23497,0.25819,0.29194
