run_id,frame,elapsed_seconds,round,paused,ai_enabled,ai_mode,simulation_mode_note,unfold_progress,fork_distance,left_fork_x,left_fork_y,left_fork_z,right_fork_x,right_fork_y,right_fork_z,replication_speed,unfold_speed,target_replication_speed,target_unfold_speed,chaos_level,attached_enzyme_count,active_particle_count,attachment_count,detachment_count,collision_count,transfer_count,mark_count,spill_count,enzyme0_x,enzyme0_y,enzyme0_z,enzyme0_attached,enzyme1_x,enzyme1_y,enzyme1_z,enzyme1_attached,completion_hold,ai_stagnation_seconds,left_fork_paused,right_fork_paused
20260527-233239-sentence-script-a-coiled-chromosome-fibe-a410db,22,0.254,1,0,1,careful,careful,0.05209,0.07679,-0.07679,0.00000,0.00000,0.07679,0.00000,0.00000,0.56008,0.09045,0.47440,0.07500,0.00000,10,0,10,0,0,0,0,0,0.18527,-0.21735,0.29794,1,0.17774,0.33355,0.28584,1,0.00000,0.00000,0,0
20260527-233239-sentence-script-a-coiled-chromosome-fibe-a410db,42,0.506,1,0,1,careful,careful,0.08037,0.25402,-0.25402,0.00000,0.00000,0.25402,0.00000,0.00000,0.51510,0.08115,0.49251,0.07500,0.00000,10,0,10,0,0,0,0,0,-0.26103,-0.52845,0.08546,1,0.28177,0.00978,0.53668,1,0.00000,0.00000,0,0
20260527-233239-sentence-script-a-coiled-chromosome-fibe-a410db,62,0.769,1,0,1,careful,careful,0.10668,0.42385,-0.42385,0.00000,0.00000,0.42385,0.00000,0.00000,0.50806,0.07745,0.51114,0.07500,0.00000,10,0,10,0,0,0,0,0,-0.44775,-0.46326,-0.28298,1,0.44894,-0.34959,0.41511,1,0.00000,0.00000,0,0
20260527-233239-sentence-script-a-coiled-chromosome-fibe-a410db,77,1.023,1,0,1,careful,careful,0.12587,0.55161,-0.55161,0.00000,0.00000,0.55161,0.00000,0.00000,0.51477,0.07623,0.52833,0.07500,0.00000,10,0,10,0,0,0,0,0,-0.57605,-0.24627,-0.48323,1,0.57618,-0.51490,0.17036,1,0.00000,0.00000,0,0
20260527-233239-sentence-script-a-coiled-chromosome-fibe-a410db,94,1.285,1,0,1,careful,careful,0.14735,0.69932,-0.69932,0.00000,0.00000,0.69932,0.00000,0.00000,0.52759,0.07556,0.54494,0.07500,0.00000,10,2,10,0,0,0,0,2,-0.72268,0.08957,-0.53421,1,0.72269,-0.51434,-0.16964,1,0.00000,0.00000,0,0
20260527-233239-sentence-script-a-coiled-chromosome-fibe-a410db,111,1.535,1,0,1,careful,careful,0.16871,0.85093,-0.85093,0.00000,0.00000,0.85093,0.00000,0.00000,0.54177,0.07526,0.55930,0.07500,0.00000,10,2,10,0,0,0,0,2,-0.87282,0.39369,-0.37113,1,0.87282,-0.30536,-0.44641,1,0.00000,0.00000,0,0
20260527-233239-sentence-script-a-coiled-chromosome-fibe-a410db,127,1.799,1,0,1,careful,careful,0.18876,0.99726,-0.99726,0.00000,0.00000,0.99726,0.00000,0.00000,0.55491,0.07512,0.57249,0.07500,0.00000,10,1,10,0,0,1,0,2,-1.01773,0.53555,-0.07189,1,1.01773,0.01283,-0.54014,1,0.00000,0.00000,0,0
20260527-233239-sentence-script-a-coiled-chromosome-fibe-a410db,142,2.067,1,0,1,careful,careful,0.20753,1.13762,-1.13762,0.00000,0.00000,1.13762,0.00000,0.00000,0.56702,0.07506,0.58354,0.07500,0.00000,10,1,10,0,0,1,0,2,-1.15676,0.48372,0.23951,1,1.15676,0.31262,-0.43995,1,0.00000,0.00000,0,0
20260527-233239-sentence-script-a-coiled-chromosome-fibe-a410db,156,2.324,1,0,1,careful,careful,0.22504,1.27122,-1.27122,0.00000,0.00000,1.27122,0.00000,0.00000,0.57720,0.07503,0.59165,0.07500,0.00000,10,1,10,0,0,1,0,2,-1.28920,0.28221,0.45961,1,1.28920,0.49861,-0.20508,1,0.00000,0.00000,0,0
20260527-233239-sentence-script-a-coiled-chromosome-fibe-a410db,170,2.585,1,0,1,careful,careful,0.24254,1.40701,-1.40701,0.00000,0.00000,1.40701,0.00000,0.00000,0.58571,0.07502,0.59714,0.07500,0.00000,10,0,10,0,0,1,0,2,-1.42398,-0.00863,0.53881,1,1.42398,0.52985,0.09671,1,0.00000,0.00000,0,0
20260527-233239-sentence-script-a-coiled-chromosome-fibe-a410db,184,2.842,1,0,1,careful,human override,0.26005,1.54449,-1.54449,0.00000,0.00000,1.54449,0.00000,0.00000,0.59175,0.07501,0.59863,0.07500,0.00000,10,1,10,0,0,1,0,3,-1.56068,-0.29901,0.44780,1,1.56068,0.39168,0.36923,1,0.00000,0.00000,0,0
20260527-233239-sentence-script-a-coiled-chromosome-fibe-a410db,197,3.115,1,0,1,careful,human override,0.27630,1.67310,-1.67310,0.00000,0.00000,1.67310,0.00000,0.00000,0.59485,0.07500,0.59863,0.07500,0.00000,10,1,10,0,1,1,0,3,-1.68883,-0.48575,0.23134,1,1.68883,0.14725,0.51747,1,0.00000,0.00000,0,0
20260527-233239-sentence-script-a-coiled-chromosome-fibe-a410db,207,3.377,1,0,1,careful,human override,0.28606,1.68301,-1.68301,0.00000,0.00000,1.68301,0.00000,0.00000,0.18831,0.04681,0.59863,0.07500,0.00000,10,2,10,0,1,1,0,4,-1.74528,-0.53752,0.01472,1,1.74528,-0.07431,0.53267,1,0.00000,0.00000,0,1
20260527-233239-sentence-script-a-coiled-chromosome-fibe-a410db,217,3.635,1,0,1,careful,human override,0.29283,1.68301,-1.68301,0.00000,0.00000,1.68301,0.00000,0.00000,0.05244,0.03739,0.59863,0.07500,0.00000,10,2,10,0,1,1,0,4,-1.75877,-0.49672,-0.20533,1,1.75877,-0.28398,0.45648,1,0.00000,0.10000,0,1
20260527-233239-sentence-script-a-coiled-chromosome-fibe-a410db,226,3.895,1,0,1,careful,human override,0.29820,1.68301,-1.68301,0.00000,0.00000,1.68301,0.00000,0.00000,0.01660,0.03490,0.59863,0.07500,0.00000,10,2,10,0,1,1,0,4,-1.76184,-0.38540,-0.37439,1,1.76184,-0.43232,0.31921,1,0.00000,0.25000,0,1
20260527-233239-sentence-script-a-coiled-chromosome-fibe-a410db,235,4.154,1,0,1,careful,human override,0.30336,1.68301,-1.68301,0.00000,0.00000,1.68301,0.00000,0.00000,0.00525,0.03411,0.59863,0.07500,0.00000,10,2,10,0,1,2,0,5,-1.76269,-0.21892,-0.49054,1,1.76269,-0.51970,0.13583,1,0.00000,0.40000,0,1
20260527-233239-sentence-script-a-coiled-chromosome-fibe-a410db,246,4.409,1,0,1,careful,human override,0.30958,1.68301,-1.68301,0.00000,0.00000,1.68301,0.00000,0.00000,0.00129,0.03384,0.59863,0.07500,0.00000,10,2,10,0,1,2,0,5,-1.76295,0.02468,-0.53647,1,1.76295,-0.52494,-0.11279,1,0.00000,0.58333,0,1
20260527-233239-sentence-script-a-coiled-chromosome-fibe-a410db,259,4.674,1,0,1,careful,human override,0.31690,1.68301,-1.68301,0.00000,0.00000,1.68301,0.00000,0.00000,0.00024,0.03377,0.59863,0.07500,0.00000,10,2,10,0,1,2,0,5,-1.76300,0.30241,-0.44360,1,1.76300,-0.38676,-0.37211,1,0.00000,0.80000,0,1
20260527-233239-sentence-script-a-coiled-chromosome-fibe-a410db,269,4.930,1,0,1,careful,human override,0.32253,1.68301,-1.68301,0.00000,0.00000,1.68301,0.00000,0.00000,0.00007,0.03375,0.59863,0.07500,0.00000,10,2,10,0,1,2,0,5,-1.76301,0.45880,-0.27846,1,1.76301,-0.19699,-0.49904,1,0.00000,0.96667,0,1
20260527-233239-sentence-script-a-coiled-chromosome-fibe-a410db,281,5.188,1,0,1,careful,human override,0.32928,1.68301,-1.68301,0.00000,0.00000,1.68301,0.00000,0.00000,0.00001,0.03375,0.59863,0.07500,0.00000,10,0,10,0,1,4,0,5,-1.76301,0.53624,-0.01669,1,1.76301,0.07540,-0.53094,1,0.00000,1.16667,0,1
20260527-233239-sentence-script-a-coiled-chromosome-fibe-a410db,294,5.444,1,0,1,careful,human override,0.33659,1.68301,-1.68301,0.00000,0.00000,1.68301,0.00000,0.00000,0.00000,0.03375,0.59863,0.07500,0.00000,10,0,10,0,1,4,0,5,-1.76301,0.46320,0.27034,1,1.76301,0.34714,-0.40840,1,0.00000,1.38333,0,1
20260527-233239-sentence-script-a-coiled-chromosome-fibe-a410db,308,5.699,1,0,1,careful,human override,0.34450,1.68346,-1.68346,0.00000,0.00000,1.68346,0.00000,0.00000,0.02694,0.03561,0.59863,0.07500,0.00000,10,0,10,0,1,4,0,5,-1.76307,0.22708,0.48565,1,1.76307,0.51821,-0.13626,1,0.00000,1.61667,0,0
20260527-233239-sentence-script-a-coiled-chromosome-fibe-a410db,325,5.949,1,0,1,careful,human override,0.35818,1.74330,-1.74330,0.00000,0.00000,1.74330,0.00000,0.00000,0.33728,0.05699,0.59863,0.07500,0.00000,10,0,10,0,1,4,0,5,-1.79709,-0.15895,0.51173,1,1.79709,0.47373,0.24990,1,0.00000,1.46250,0,0
20260527-233239-sentence-script-a-coiled-chromosome-fibe-a410db,343,6.208,1,0,1,careful,human override,0.37709,1.87081,-1.87081,0.00000,0.00000,1.87081,0.00000,0.00000,0.48453,0.06714,0.59863,0.07500,0.00000,10,1,10,0,1,4,0,6,-1.90361,-0.47464,0.24791,1,1.90361,0.15454,0.51243,1,0.00000,1.23750,0,0
20260527-233239-sentence-script-a-coiled-chromosome-fibe-a410db,362,6.471,1,0,1,careful,human override,0.39922,2.03684,-2.03684,0.00000,0.00000,2.03684,0.00000,0.00000,0.55106,0.07172,0.59863,0.07500,0.00000,10,1,10,0,1,4,0,6,-2.05941,-0.50158,-0.18662,1,2.05941,-0.27886,0.45658,1,0.00000,1.00000,0,0
20260527-233239-sentence-script-a-coiled-chromosome-fibe-a410db,377,6.736,1,0,1,careful,human override,0.41739,2.17811,-2.17811,0.00000,0.00000,2.17811,0.00000,0.00000,0.57478,0.07336,0.59863,0.07500,0.00000,10,1,10,0,1,4,0,6,-2.19698,-0.27935,-0.45621,1,2.19698,-0.50131,0.18637,1,0.00000,0.81250,0,0
20260527-233239-sentence-script-a-coiled-chromosome-fibe-a410db,391,6.997,1,0,1,careful,human override,0.43462,2.31378,-2.31378,0.00000,0.00000,2.31378,0.00000,0.00000,0.58611,0.07414,0.59863,0.07500,0.00000,10,1,10,0,1,4,0,6,-2.33089,0.03919,-0.53335,1,2.33089,-0.51542,-0.14207,1,0.00000,0.63750,0,0
20260527-233239-sentence-script-a-coiled-chromosome-fibe-a410db,405,7.266,1,0,1,careful,human override,0.45197,2.45136,-2.45136,0.00000,0.00000,2.45136,0.00000,0.00000,0.59206,0.07455,0.59863,0.07500,0.00000,10,1,10,0,1,4,0,6,-2.46753,0.34380,-0.40941,1,2.46753,-0.33430,-0.41711,1,0.00000,0.46250,0,0
20260527-233239-sentence-script-a-coiled-chromosome-fibe-a410db,416,7.541,1,0,1,careful,human override,0.46566,2.56018,-2.56018,0.00000,0.00000,2.56018,0.00000,0.00000,0.59467,0.07473,0.59863,0.07500,0.00000,10,2,10,0,1,4,0,7,-2.57595,0.49640,-0.19825,1,2.57595,-0.09699,-0.52557,1,0.00000,0.32500,0,0
20260527-233239-sentence-script-a-coiled-chromosome-fibe-a410db,430,7.794,1,0,1,careful,careful,0.48311,2.69217,-2.69217,0.00000,0.00000,2.69217,0.00000,0.00000,0.51699,0.07486,0.36331,0.07500,0.00000,10,1,10,0,1,5,0,7,-2.71194,0.51800,0.13131,1,2.71194,0.23054,-0.48209,1,0.00000,0.15000,0,0
20260527-233239-sentence-script-a-coiled-chromosome-fibe-a410db,453,8.069,1,0,1,careful,careful,0.51183,2.86672,-2.86672,0.00000,0.00000,2.86672,0.00000,0.00000,0.41527,0.07495,0.36029,0.07500,0.00000,10,1,10,0,1,6,0,8,-2.89926,0.15194,0.51221,1,2.89926,0.53208,-0.04813,1,0.00000,0.00000,0,0
20260527-233239-sentence-script-a-coiled-chromosome-fibe-a410db,481,8.329,1,0,1,careful,careful,0.54682,3.04891,-3.04891,0.00000,0.00000,3.04891,0.00000,0.00000,0.37531,0.07499,0.36044,0.07500,0.00000,10,1,10,0,1,6,0,8,-3.08753,-0.44257,0.29879,1,3.08753,0.20826,0.49189,1,0.00000,0.00000,0,0
20260527-233239-sentence-script-a-coiled-chromosome-fibe-a410db,495,8.582,1,0,1,careful,careful,0.56432,3.13557,-3.13557,0.00000,0.00000,3.13557,0.00000,0.00000,0.36896,0.07499,0.36338,0.07500,0.00000,10,1,10,0,1,6,0,8,-3.17527,-0.53350,-0.02153,1,3.17527,-0.12324,0.51958,1,0.00000,0.00000,0,0
20260527-233239-sentence-script-a-coiled-chromosome-fibe-a410db,509,8.846,1,0,1,careful,careful,0.58181,3.22144,-3.22144,0.00000,0.00000,3.22144,0.00000,0.00000,0.36788,0.07500,0.36928,0.07500,0.00000,10,0,10,0,1,7,0,8,-3.26152,-0.41657,-0.33386,1,3.26152,-0.40732,0.34510,1,0.00000,0.00000,0,0
20260527-233239-sentence-script-a-coiled-chromosome-fibe-a410db,523,9.113,1,0,1,careful,careful,0.59931,3.30759,-3.30759,0.00000,0.00000,3.30759,0.00000,0.00000,0.37095,0.07500,0.37810,0.07500,0.00000,10,0,10,0,1,7,0,8,-3.34755,-0.13695,-0.51595,1,3.34755,-0.53252,0.03471,1,0.00000,0.00000,0,0
20260527-233239-sentence-script-a-coiled-chromosome-fibe-a410db,537,9.383,1,0,1,careful,careful,0.61681,3.39490,-3.39490,0.00000,0.00000,3.39490,0.00000,0.00000,0.37747,0.07500,0.38963,0.07500,0.00000,10,0,10,0,1,7,0,8,-3.43433,0.19620,-0.49645,1,3.43433,-0.44769,-0.29011,1,0.00000,0.00000,0,0
20260527-233239-sentence-script-a-coiled-chromosome-fibe-a410db,551,9.636,1,0,1,careful,careful,0.63431,3.48409,-3.48409,0.00000,0.00000,3.48409,0.00000,0.00000,0.38676,0.07500,0.40262,0.07500,0.00000,10,0,10,0,1,7,0,8,-3.52265,0.45272,-0.28280,1,3.52265,-0.18515,-0.50022,1,0.00000,0.00000,0,0
20260527-233239-sentence-script-a-coiled-chromosome-fibe-a410db,565,9.890,1,0,1,careful,careful,0.65181,3.57574,-3.57574,0.00000,0.00000,3.57574,0.00000,0.00000,0.39835,0.07500,0.41747,0.07500,0.00000,10,0,10,0,1,7,0,8,-3.61316,0.53219,0.04138,1,3.61316,0.15136,-0.51138,1,0.00000,0.00000,0,0
20260527-233239-sentence-script-a-coiled-chromosome-fibe-a410db,579,10.155,1,0,1,careful,careful,0.66931,3.67037,-3.67037,0.00000,0.00000,3.67037,0.00000,0.00000,0.41215,0.07500,0.43444,0.07500,0.00000,10,0,10,0,1,7,0,8,-3.70641,0.40279,0.35004,1,3.70641,0.42787,-0.31814,1,0.00000,0.00000,0,0
20260527-233239-sentence-script-a-coiled-chromosome-fibe-a410db,592,10.407,1,0,1,careful,careful,0.68556,3.76134,-3.76134,0.00000,0.00000,3.76134,0.00000,0.00000,0.42668,0.07500,0.45168,0.07500,0.00000,10,0,10,0,1,7,0,8,-3.79590,0.13750,0.51543,1,3.79590,0.53264,-0.02126,1,0.00000,0.00000,0,0
20260527-233239-sentence-script-a-coiled-chromosome-fibe-a410db,606,10.661,1,0,1,careful,careful,0.70306,3.86301,-3.86301,0.00000,0.00000,3.86301,0.00000,0.00000,0.44367,0.07500,0.46971,0.07500,0.00000,10,0,10,0,1,7,0,8,-3.89580,-0.19854,0.49499,1,3.89580,0.43787,0.30386,1,0.00000,0.00000,0,0
20260527-233239-sentence-script-a-coiled-chromosome-fibe-a410db,620,10.914,1,0,1,careful,careful,0.72056,3.96871,-3.96871,0.00000,0.00000,3.96871,0.00000,0.00000,0.46113,0.07500,0.48795,0.07500,0.00000,10,0,10,0,1,7,0,8,-3.99963,-0.45576,0.27676,1,3.99963,0.16606,0.50640,1,0.00000,0.00000,0,0
20260527-233239-sentence-script-a-coiled-chromosome-fibe-a410db,634,11.180,1,0,1,careful,careful,0.73733,4.04673,-4.04673,0.00000,0.00000,4.04673,0.00000,0.00000,0.28422,0.05849,0.50688,0.07500,0.00000,10,2,10,0,4,7,0,10,-4.09827,-0.53045,-0.05295,1,4.09827,-0.17302,0.50403,1,0.00000,0.00000,1,0
20260527-233239-sentence-script-a-coiled-chromosome-fibe-a410db,647,11.431,1,0,1,careful,careful,0.74709,4.04673,-4.04673,0.00000,0.00000,4.04673,0.00000,0.00000,0.05394,0.03844,0.52409,0.07500,0.00000,10,2,10,0,5,7,0,10,-4.12230,-0.40799,-0.34306,1,4.12230,-0.42792,0.31754,1,0.00000,0.06667,1,0
20260527-233239-sentence-script-a-coiled-chromosome-fibe-a410db,660,11.686,1,0,1,careful,careful,0.75487,4.04673,-4.04673,0.00000,0.00000,4.04673,0.00000,0.00000,0.01024,0.03464,0.54056,0.07500,0.00000,10,2,10,0,5,7,0,10,-4.12604,-0.14327,-0.51343,1,4.12604,-0.53247,0.01916,1,0.00000,0.28333,1,0
20260527-233239-sentence-script-a-coiled-chromosome-fibe-a410db,674,11.942,1,0,1,chaotic,chaotic,0.76553,4.04673,-4.04673,0.00000,0.00000,4.04673,0.00000,0.00000,0.00171,0.06319,0.91898,0.17883,1.00000,9,7,10,1,6,7,0,15,-4.02375,0.15907,-0.42480,1,4.20429,-0.41394,-0.32052,1,0.00000,0.31250,1,0
20260527-233239-sentence-script-a-coiled-chromosome-fibe-a410db,687,12.193,1,0,1,chaotic,chaotic,0.78195,4.04673,-4.04673,0.00000,0.00000,4.04673,0.00000,0.00000,0.00032,0.08431,1.20761,0.20594,1.00000,9,17,10,1,8,7,0,25,-4.07980,0.49424,-0.15612,1,4.05761,0.10138,-0.57809,1,0.00000,0.15000,1,0
20260527-233239-sentence-script-a-coiled-chromosome-fibe-a410db,700,12.450,1,0,1,chaotic,chaotic,0.80135,4.04673,-4.04673,0.00000,0.00000,4.04673,0.00000,0.00000,0.00006,0.09199,1.38412,0.20620,1.00000,10,29,11,1,10,7,0,37,-4.23926,0.46039,0.24284,1,4.04776,0.47168,-0.34953,1,0.00000,0.00000,1,0
20260527-233239-sentence-script-a-coiled-chromosome-fibe-a410db,713,12.712,1,0,1,chaotic,chaotic,0.82086,4.04673,-4.04673,0.00000,0.00000,4.04673,0.00000,0.00000,0.00001,0.08638,1.35703,0.17793,1.00000,10,36,11,1,22,9,0,47,-4.11815,-0.07095,0.49952,1,4.22692,0.37485,0.23941,1,0.00000,0.00000,1,0
20260527-233239-sentence-script-a-coiled-chromosome-fibe-a410db,727,12.970,1,0,1,chaotic,chaotic,0.83916,4.04673,-4.04673,0.00000,0.00000,4.04673,0.00000,0.00000,0.00000,0.07106,1.13937,0.13906,1.00000,9,44,11,2,24,12,0,58,-4.01641,-0.55766,0.26495,1,4.14890,-0.01755,0.58643,1,0.00000,0.00000,1,0
20260527-233239-sentence-script-a-coiled-chromosome-fibe-a410db,741,13.236,1,0,1,chaotic,chaotic,0.85399,4.04859,-4.04859,0.00000,0.00000,4.04859,0.00000,0.00000,0.07341,0.06300,0.82360,0.11243,1.00000,9,48,11,2,30,15,0,68,-4.19705,-0.34462,-0.31698,1,4.00982,-0.34358,0.23370,1,0.00000,0.00000,0,0
20260527-233239-sentence-script-a-coiled-chromosome-fibe-a410db,754,13.490,1,0,1,chaotic,chaotic,0.87039,4.10122,-4.10122,0.00000,0.00000,4.10122,0.00000,0.00000,0.34172,0.08498,0.57897,0.11549,1.00000,10,49,12,2,40,25,0,79,-4.23375,0.21560,-0.55768,1,4.18545,-0.36881,-0.34922,1,0.00000,0.00000,0,0
20260527-233239-sentence-script-a-coiled-chromosome-fibe-a410db,767,13.755,1,0,1,chaotic,chaotic,0.89116,4.18598,-4.18598,0.00000,0.00000,4.18598,0.00000,0.00000,0.42031,0.10623,0.50293,0.14637,1.00000,10,50,12,2,51,33,0,89,-4.12397,0.46395,-0.17290,1,4.32304,-0.05108,-0.51623,1,0.00000,0.00000,0,0
20260527-233239-sentence-script-a-coiled-chromosome-fibe-a410db,781,14.021,1,0,1,chaotic,chaotic,0.91966,4.29214,-4.29214,0.00000,0.00000,4.29214,0.00000,0.00000,0.49331,0.13688,0.64729,0.18610,1.00000,10,52,12,2,73,43,0,101,-4.30889,0.19095,0.46086,1,4.23271,0.42142,-0.06234,1,0.00000,0.00000,0,0
20260527-233239-sentence-script-a-coiled-chromosome-fibe-a410db,795,14.283,1,0,1,chaotic,chaotic,0.95556,4.42434,-4.42434,0.00000,0.00000,4.42434,0.00000,0.00000,0.64421,0.16767,0.93628,0.20891,1.00000,10,48,12,2,81,52,0,106,-4.56028,-0.24744,0.48008,1,4.39008,0.38382,0.43652,1,0.00000,0.00000,0,0
20260527-233239-sentence-script-a-coiled-chromosome-fibe-a410db,809,14.545,1,0,1,chaotic,chaotic,0.99737,4.60168,-4.60168,0.00000,0.00000,4.60168,0.00000,0.00000,0.86751,0.18635,1.23180,0.20120,1.00000,10,40,12,2,88,64,0,111,-4.55645,-0.36770,-0.16158,1,4.71435,-0.22246,0.33713,1,0.00000,0.00000,0,0
20260527-233239-sentence-script-a-coiled-chromosome-fibe-a410db,822,14.802,1,0,1,chaotic,chaotic,1.00000,4.81517,-4.81517,0.00000,0.00000,4.81517,0.00000,0.00000,1.08069,0.18493,1.39097,0.16857,1.00000,10,44,12,2,93,69,0,122,-4.69342,-0.07994,-0.56413,1,4.78736,-0.55386,-0.16178,1,0.00000,0.00000,0,0
20260527-233239-sentence-script-a-coiled-chromosome-fibe-a410db,835,15.066,1,0,1,chaotic,chaotic,1.00000,5.06714,-5.06714,0.00000,0.00000,5.06714,0.00000,0.00000,1.21557,0.16711,1.34248,0.12994,1.00000,10,37,12,2,96,79,0,127,-5.10699,0.32311,-0.22796,1,4.91346,-0.13925,-0.43200,1,0.00000,0.00000,0,0
20260527-233239-sentence-script-a-coiled-chromosome-fibe-a410db,849,15.324,1,0,1,chaotic,chaotic,1.00000,5.35393,-5.35393,0.00000,0.00000,5.35393,0.00000,0.00000,1.21711,0.14299,1.10992,0.11040,1.00000,10,45,12,2,103,82,0,139,-5.35458,0.35026,0.43360,1,5.36323,0.49963,-0.13388,1,0.00000,0.00000,0,0
20260527-233239-sentence-script-a-coiled-chromosome-fibe-a410db,863,15.587,1,0,1,chaotic,chaotic,1.00000,5.62294,-5.62294,0.00000,0.00000,5.62294,0.00000,0.00000,1.07922,0.12938,0.79662,0.12145,1.00000,10,39,12,2,114,96,0,149,-5.46401,-0.15287,0.43347,1,5.66034,0.36091,0.33582,1,0.00000,0.00000,0,0
20260527-233239-sentence-script-a-coiled-chromosome-fibe-a410db,876,15.839,1,0,1,chaotic,chaotic,1.00000,5.83448,-5.83448,0.00000,0.00000,5.83448,0.00000,0.00000,0.88526,0.13426,0.56472,0.15502,1.00000,10,42,12,2,123,99,0,157,-5.80854,-0.47860,-0.17793,1,5.71052,-0.28172,0.33281,1,0.00000,0.00000,0,0
20260527-233239-sentence-script-a-coiled-chromosome-fibe-a410db,888,16.090,1,0,1,chaotic,chaotic,1.00000,5.99345,-5.99345,0.00000,0.00000,5.99345,0.00000,0.00000,0.72731,0.15236,0.50410,0.19139,1.00000,10,48,12,2,133,103,0,167,-6.09741,-0.18733,-0.52832,1,5.93757,-0.50416,-0.04807,1,0.00000,0.00000,0,0
20260527-233239-sentence-script-a-coiled-chromosome-fibe-a410db,901,16.345,1,0,1,chaotic,chaotic,1.00000,6.14055,-6.14055,0.00000,0.00000,6.14055,0.00000,0.00000,0.65778,0.17583,0.64411,0.20974,1.00000,9,53,12,3,145,111,0,180,-6.09955,0.41887,-0.18424,1,6.25867,-0.06771,-0.36856,1,0.00000,0.00000,0,0
20260527-233239-sentence-script-a-coiled-chromosome-fibe-a410db,918,16.609,1,0,1,chaotic,chaotic,1.00000,6.33552,-6.33552,0.00000,0.00000,6.33552,0.00000,0.00000,0.74093,0.19170,0.93526,0.19763,1.00000,9,53,12,3,160,114,0,185,-6.24930,0.28812,0.51252,1,6.31211,0.47232,-0.03950,1,0.00000,0.00000,0,0
20260527-233239-sentence-script-a-coiled-chromosome-fibe-a410db,934,16.865,1,0,1,chaotic,chaotic,1.00000,6.55935,-6.55935,0.00000,0.00000,6.55935,0.00000,0.00000,0.93654,0.18440,1.22480,0.16301,1.00000,10,59,13,3,176,123,0,202,-6.65318,-0.45034,0.16783,1,6.43123,0.01898,0.39455,1,0.00000,0.00000,0,0
20260527-233239-sentence-script-a-coiled-chromosome-fibe-a410db,952,17.122,1,0,1,chaotic,chaotic,1.00000,6.72773,-6.72773,0.00000,0.00000,6.72773,0.00000,0.00000,0.38453,0.09964,1.38929,0.12636,1.00000,10,57,13,3,190,137,0,217,-6.81398,-0.19475,-0.55551,1,6.85700,-0.48309,-0.08122,1,0.00000,0.11667,0,1
20260527-233239-sentence-script-a-coiled-chromosome-fibe-a410db,967,17.378,1,0,1,chaotic,chaotic,1.00000,6.72773,-6.72773,0.00000,0.00000,6.72773,0.00000,0.00000,0.05652,0.05817,1.35118,0.11004,1.00000,10,47,13,3,195,148,0,222,-6.68308,0.46201,-0.15893,1,6.89050,0.04434,-0.45146,1,0.00000,0.36667,0,1
20260527-233239-sentence-script-a-coiled-chromosome-fibe-a410db,981,17.634,1,0,1,chaotic,chaotic,1.00000,6.72773,-6.72773,0.00000,0.00000,6.72773,0.00000,0.00000,0.00944,0.05355,1.12832,0.12355,1.00000,9,45,13,4,196,154,0,232,-6.80768,0.29645,0.49880,1,6.70671,0.47622,-0.01834,1,0.00000,0.60000,0,1
20260527-233239-sentence-script-a-coiled-chromosome-fibe-a410db,995,17.905,1,0,1,chaotic,chaotic,1.00000,6.72773,-6.72773,0.00000,0.00000,6.72773,0.00000,0.00000,0.00158,0.06442,0.80652,0.16118,1.00000,9,42,13,4,204,160,0,237,-6.91913,-0.39729,0.32559,1,6.77810,0.08770,0.45291,1,0.00000,0.83333,0,1
20260527-233239-sentence-script-a-coiled-chromosome-fibe-a410db,1009,18.173,1,0,1,chaotic,chaotic,1.00000,6.72773,-6.72773,0.00000,0.00000,6.72773,0.00000,0.00000,0.00026,0.08088,0.56030,0.19767,1.00000,10,46,14,4,221,171,0,252,-6.73829,-0.41076,-0.39424,1,6.92422,-0.41219,0.14654,1,0.00000,1.06667,0,1
20260527-233239-sentence-script-a-coiled-chromosome-fibe-a410db,1023,18.426,1,0,1,chaotic,chaotic,1.00000,6.72773,-6.72773,0.00000,0.00000,6.72773,0.00000,0.00000,0.00004,0.09156,0.50566,0.20989,1.00000,10,40,14,4,231,180,0,257,-6.73315,0.30590,-0.44866,1,6.76950,-0.19153,-0.41650,1,0.00000,1.30000,0,1
20260527-233239-sentence-script-a-coiled-chromosome-fibe-a410db,1040,18.677,1,0,1,repair,repair,1.00000,6.72773,-6.72773,0.00000,0.00000,6.72773,0.00000,0.00000,0.00001,0.08675,0.72000,0.13000,0.85570,10,37,14,4,239,190,0,264,-6.92329,0.40886,0.37061,1,6.70088,0.41790,-0.14693,1,0.00000,1.58333,0,1
20260527-233239-sentence-script-a-coiled-chromosome-fibe-a410db,1059,18.936,1,0,1,repair,repair,1.00000,6.73826,-6.73826,0.00000,0.00000,6.73826,0.00000,0.00000,0.17380,0.07983,0.72000,0.13000,0.04430,10,26,14,4,239,197,0,264,-6.82734,-0.35669,0.35264,1,6.81201,0.20864,0.45833,1,0.00000,1.90000,0,0
20260527-233239-sentence-script-a-coiled-chromosome-fibe-a410db,1077,19.198,1,0,1,repair,repair,1.00000,6.84541,-6.84541,0.00000,0.00000,6.84541,0.00000,0.00000,0.48154,0.10810,0.72000,0.13000,0.00268,10,21,14,4,243,205,0,270,-6.88383,-0.45487,-0.22464,1,6.88439,-0.34900,0.37018,1,0.00000,2.20000,0,0
20260527-233239-sentence-script-a-coiled-chromosome-fibe-a410db,1093,19.454,1,0,1,repair,repair,1.00000,6.99344,-6.99344,0.00000,0.00000,6.99344,0.00000,0.00000,0.60585,0.11951,0.72000,0.13000,0.00022,10,14,14,4,244,211,0,270,-7.01318,-0.03691,-0.50896,1,7.01318,-0.49677,-0.11515,1,0.00000,2.08750,0,0
20260527-233239-sentence-script-a-coiled-chromosome-fibe-a410db,1111,19.715,1,0,1,repair,repair,1.00000,7.18669,-7.18669,0.00000,0.00000,7.18669,0.00000,0.00000,0.67017,0.12542,0.72000,0.13000,0.00001,10,13,14,4,244,215,0,275,-7.19648,0.44953,-0.24554,1,7.19647,-0.09842,-0.50227,1,0.00000,1.86250,0,0
20260527-233239-sentence-script-a-coiled-chromosome-fibe-a410db,1129,19.969,1,0,1,repair,repair,1.00000,7.39276,-7.39276,0.00000,0.00000,7.39276,0.00000,0.00000,0.69824,0.12800,0.72000,0.13000,0.00000,10,9,14,4,249,219,0,275,-7.39816,0.41820,0.29871,1,7.39816,0.41169,-0.30725,1,0.00000,1.63750,0,0
20260527-233239-sentence-script-a-coiled-chromosome-fibe-a410db,1145,20.225,1,0,1,repair,repair,1.00000,7.58075,-7.58075,0.00000,0.00000,7.58075,0.00000,0.00000,0.70959,0.12904,0.72000,0.13000,0.00000,10,9,14,4,251,219,0,275,-7.58438,-0.01404,0.51502,1,7.58438,0.48560,0.17151,1,0.00000,1.43750,0,0
20260527-233239-sentence-script-a-coiled-chromosome-fibe-a410db,1159,20.493,1,0,1,repair,repair,1.00000,7.74700,-7.74700,0.00000,0.00000,7.74700,0.00000,0.00000,0.71453,0.12950,0.72000,0.13000,0.00000,10,11,14,4,255,222,0,281,-7.74986,-0.39519,0.33204,1,7.74986,0.19428,0.47813,1,0.00000,1.26250,0,0
20260527-233239-sentence-script-a-coiled-chromosome-fibe-a410db,1173,20.762,1,0,1,repair,repair,1.00000,7.91408,-7.91408,0.00000,0.00000,7.91408,0.00000,0.00000,0.71713,0.12974,0.72000,0.13000,0.00000,10,9,14,4,259,224,0,281,-7.91653,-0.51240,-0.06974,1,7.91653,-0.22427,0.46592,1,0.00000,1.08750,0,0
20260527-233239-sentence-script-a-coiled-chromosome-fibe-a410db,1186,21.026,1,0,1,repair,repair,1.00000,8.06963,-8.06963,0.00000,0.00000,8.06963,0.00000,0.00000,0.71842,0.12986,0.72000,0.13000,0.00000,10,13,14,4,259,225,0,286,-8.07187,-0.32116,-0.40623,1,8.07187,-0.48543,0.18054,1,0.00000,0.92500,0,0
20260527-233239-sentence-script-a-coiled-chromosome-fibe-a410db,1199,21.276,1,0,1,repair,repair,1.00000,8.22537,-8.22537,0.00000,0.00000,8.22537,0.00000,0.00000,0.71913,0.12992,0.72000,0.13000,0.00000,10,11,14,4,261,227,0,286,-8.22751,0.04741,-0.51629,1,8.22751,-0.47760,-0.20256,1,0.00000,0.76250,0,0
20260527-233239-sentence-script-a-coiled-chromosome-fibe-a410db,1214,21.543,1,0,1,repair,repair,1.00000,8.40522,-8.40522,0.00000,0.00000,8.40522,0.00000,0.00000,0.71957,0.12996,0.72000,0.13000,0.00000,10,12,14,4,263,227,0,287,-8.40729,0.42541,-0.29774,1,8.40729,-0.15634,-0.49557,1,0.00000,0.57500,0,0
20260527-233239-sentence-script-a-coiled-chromosome-fibe-a410db,1228,21.809,1,0,1,repair,repair,1.00000,8.51317,-8.51317,0.00000,0.00000,8.51317,0.00000,0.00000,0.37982,0.09622,0.72000,0.13000,0.00000,10,15,14,4,265,229,0,292,-8.55505,0.51052,0.09893,1,8.55505,0.24618,-0.45839,1,0.00000,0.51667,1,0
20260527-233239-sentence-script-a-coiled-chromosome-fibe-a410db,1241,22.059,1,0,1,repair,repair,1.00000,8.51317,-8.51317,0.00000,0.00000,8.51317,0.00000,0.00000,0.07209,0.06566,0.72000,0.13000,0.00000,10,13,14,4,265,231,0,292,-8.58724,0.31145,0.41718,1,8.58724,0.49066,-0.17451,1,0.00000,0.73333,1,0
20260527-233239-sentence-script-a-coiled-chromosome-fibe-a410db,1255,22.325,1,0,1,repair,repair,1.00000,8.51317,-8.51317,0.00000,0.00000,8.51317,0.00000,0.00000,0.01204,0.05970,0.72000,0.13000,0.00000,10,10,14,4,270,232,0,292,-8.59237,-0.07629,0.51563,1,8.59237,0.46996,0.22529,1,0.00000,0.96667,1,0
20260527-233239-sentence-script-a-coiled-chromosome-fibe-a410db,1270,22.592,1,0,1,repair,repair,1.00000,8.51317,-8.51317,0.00000,0.00000,8.51317,0.00000,0.00000,0.00177,0.05868,0.72000,0.13000,0.00000,10,14,14,4,272,233,0,297,-8.59308,-0.43424,0.28963,1,8.59308,0.14588,0.50076,1,0.00000,1.21667,1,0
20260527-233239-sentence-script-a-coiled-chromosome-fibe-a410db,1284,22.854,1,0,1,repair,repair,1.00000,8.51317,-8.51317,0.00000,0.00000,8.51317,0.00000,0.00000,0.00030,0.05853,0.72000,0.13000,0.00000,10,12,14,4,273,235,0,297,-8.59316,-0.51347,-0.09653,1,8.59316,-0.24798,0.45946,1,0.00000,1.45000,1,0
20260527-233239-sentence-script-a-coiled-chromosome-fibe-a410db,1298,23.126,1,0,1,repair,repair,1.00000,8.51317,-8.51317,0.00000,0.00000,8.51317,0.00000,0.00000,0.00005,0.05850,0.72000,0.13000,0.00000,10,9,14,4,273,238,0,297,-8.59317,-0.30201,-0.42684,1,8.59317,-0.49868,0.15639,1,0.00000,1.68333,1,0
20260527-233239-sentence-script-a-coiled-chromosome-fibe-a410db,1311,23.382,1,0,1,repair,repair,1.00000,8.51317,-8.51317,0.00000,0.00000,8.51317,0.00000,0.00000,0.00001,0.05850,0.72000,0.13000,0.00000,10,10,14,4,275,242,0,302,-8.59317,0.04914,-0.52098,1,8.59317,-0.47982,-0.20804,1,0.00000,1.90000,1,0
20260527-233239-sentence-script-a-coiled-chromosome-fibe-a410db,1325,23.632,1,0,1,repair,repair,1.00000,8.51317,-8.51317,0.00000,0.00000,8.51317,0.00000,0.00000,0.00000,0.05850,0.72000,0.13000,0.00000,10,10,14,4,277,243,0,303,-8.59317,0.39508,-0.34357,1,8.59317,-0.20226,-0.48258,1,0.00000,2.13333,1,0
20260527-233239-sentence-script-a-coiled-chromosome-fibe-a410db,1343,23.895,1,0,1,repair,repair,1.00000,8.54397,-8.54397,0.00000,0.00000,8.54397,0.00000,0.00000,0.28612,0.08691,0.72000,0.13000,0.00000,10,12,14,4,283,246,0,308,-8.60659,0.50646,0.13399,1,8.60659,0.28740,-0.43775,1,0.00000,2.43333,0,0
20260527-233239-sentence-script-a-coiled-chromosome-fibe-a410db,1362,24.165,1,0,1,repair,repair,1.00000,8.68249,-8.68249,0.00000,0.00000,8.68249,0.00000,0.00000,0.53910,0.11204,0.72000,0.13000,0.00000,10,9,14,4,284,249,0,308,-8.71227,0.14928,0.50254,1,8.71227,0.52371,0.01908,1,0.00000,2.66250,0,0
20260527-233239-sentence-script-a-coiled-chromosome-fibe-a410db,1380,24.435,1,0,1,repair,repair,1.00000,8.86244,-8.86244,0.00000,0.00000,8.86244,0.00000,0.00000,0.64102,0.12216,0.72000,0.13000,0.00000,10,8,14,4,284,250,0,308,-8.87673,-0.32819,0.40917,1,8.87673,0.28238,0.44200,1,0.00000,2.43750,0,0
20260527-233239-sentence-script-a-coiled-chromosome-fibe-a410db,1397,24.701,1,0,1,repair,repair,1.00000,9.05127,-9.05127,0.00000,0.00000,9.05127,0.00000,0.00000,0.68390,0.12641,0.72000,0.13000,0.00000,10,10,14,4,286,252,0,313,-9.05891,-0.52467,-0.00710,1,9.05891,-0.17420,0.49508,1,0.00000,2.22500,0,0
20260527-233239-sentence-script-a-coiled-chromosome-fibe-a410db,1415,24.964,1,0,1,repair,repair,1.00000,9.26008,-9.26008,0.00000,0.00000,9.26008,0.00000,0.00000,0.70424,0.12843,0.72000,0.13000,0.00000,10,8,14,4,286,254,0,313,-9.26454,-0.29605,-0.43353,1,9.26454,-0.50516,0.14323,1,0.00000,2.00000,0,0
20260527-233239-sentence-script-a-coiled-chromosome-fibe-a410db,1433,25.223,1,0,1,repair,repair,1.00000,9.47294,-9.47294,0.00000,0.00000,9.47294,0.00000,0.00000,0.71312,0.12932,0.72000,0.13000,0.00000,10,11,14,4,290,255,0,318,-9.47601,0.18255,-0.49251,1,9.47601,-0.40955,-0.32900,1,0.00000,1.77500,0,0
20260527-233239-sentence-script-a-coiled-chromosome-fibe-a410db,1449,25.479,1,0,1,repair,repair,1.00000,9.66367,-9.66367,0.00000,0.00000,9.66367,0.00000,0.00000,0.71671,0.12967,0.72000,0.13000,0.00000,10,8,14,4,292,258,0,318,-9.66618,0.48945,-0.19170,1,9.66618,-0.02744,-0.52498,1,0.00000,1.57500,0,0
20260527-233239-sentence-script-a-coiled-chromosome-fibe-a410db,1467,25.742,1,0,1,repair,repair,1.00000,9.87901,-9.87901,0.00000,0.00000,9.87901,0.00000,0.00000,0.71856,0.12986,0.72000,0.13000,0.00000,10,10,14,4,295,260,0,323,-9.88124,0.44341,0.28313,1,9.88124,0.40862,-0.33130,1,0.00000,1.35000,0,0
20260527-233239-sentence-script-a-coiled-chromosome-fibe-a410db,1486,25.999,1,0,1,repair,repair,1.00000,9.97486,-9.97486,0.00000,0.00000,9.97486,0.00000,0.00000,0.17621,0.07600,0.72000,0.13000,0.00000,10,8,14,4,296,262,0,323,-10.03873,0.00761,0.52637,1,10.03873,0.50134,0.16006,1,0.00000,1.40417,0,1
20260527-233239-sentence-script-a-coiled-chromosome-fibe-a410db,1503,26.261,1,0,1,repair,repair,1.00000,9.97486,-9.97486,0.00000,0.00000,9.97486,0.00000,0.00000,0.02006,0.06049,0.72000,0.13000,0.00000,10,9,14,4,297,264,0,328,-10.05344,-0.40076,0.34193,1,10.05344,0.19407,0.48932,1,0.00000,1.68750,0,1
20260527-233239-sentence-script-a-coiled-chromosome-fibe-a410db,1520,26.526,1,0,1,repair,repair,1.00000,9.97486,-9.97486,0.00000,0.00000,9.97486,0.00000,0.00000,0.00228,0.05873,0.72000,0.13000,0.00000,10,9,14,4,297,264,0,328,-10.05473,-0.51970,-0.08792,1,10.05473,-0.25369,0.46159,1,0.00000,1.97083,0,1
20260527-233239-sentence-script-a-coiled-chromosome-fibe-a410db,1538,26.786,1,0,1,repair,repair,1.00000,9.97486,-9.97486,0.00000,0.00000,9.97486,0.00000,0.00000,0.00023,0.05852,0.72000,0.13000,0.00000,10,10,14,4,298,268,0,333,-10.05485,-0.24345,-0.46768,1,10.05485,-0.52175,0.07365,1,0.00000,2.27083,0,1
20260527-233239-sentence-script-a-coiled-chromosome-fibe-a410db,1557,27.045,1,0,1,repair,repair,1.00000,9.97486,-9.97486,0.00000,0.00000,9.97486,0.00000,0.00000,0.00002,0.05850,0.72000,0.13000,0.00000,10,10,14,4,302,269,0,334,-10.05485,0.24973,-0.46441,1,10.05485,-0.35343,-0.39111,1,0.00000,2.58750,0,1
20260527-233239-sentence-script-a-coiled-chromosome-fibe-a410db,1572,27.310,1,0,1,repair,repair,1.00000,9.97486,-9.97486,0.00000,0.00000,9.97486,0.00000,0.00000,0.00000,0.05850,0.72000,0.13000,0.00000,10,9,14,4,302,270,0,334,-10.05486,0.50220,-0.16121,1,10.05486,0.01807,-0.52693,1,0.00000,2.83750,0,1
20260527-233239-sentence-script-a-coiled-chromosome-fibe-a410db,1586,27.576,1,0,1,repair,repair,1.00000,9.97645,-9.97645,0.00000,0.00000,9.97645,0.00000,0.00000,0.06334,0.06479,0.72000,0.13000,0.00000,10,13,14,4,303,272,0,340,-10.05513,0.48525,0.20703,1,10.05513,0.35994,-0.38538,1,0.00000,3.07083,0,0
20260527-233239-sentence-script-a-coiled-chromosome-fibe-a410db,1599,27.832,1,0,1,ritual,ritual,1.00000,10.01485,-10.01485,0.00000,0.00000,10.01485,0.00000,0.00000,0.23672,0.07230,0.40228,0.07500,0.00000,10,12,14,4,306,273,0,340,-10.07654,0.25412,0.46204,1,10.07654,0.52093,-0.07979,1,0.00000,3.28750,0,0
20260527-233239-sentence-script-a-coiled-chromosome-fibe-a410db,1612,28.085,1,0,1,ritual,ritual,1.00000,10.07515,-10.07515,0.00000,0.00000,10.07515,0.00000,0.00000,0.30593,0.07352,0.38381,0.07500,0.00000,10,7,14,4,307,277,0,340,-10.12597,-0.09199,0.51792,1,10.12597,0.45187,0.26781,1,0.00000,3.50417,0,0
20260527-233239-sentence-script-a-coiled-chromosome-fibe-a410db,1626,28.345,1,0,1,ritual,ritual,1.00000,10.15143,-10.15143,0.00000,0.00000,10.15143,0.00000,0.00000,0.34145,0.07422,0.38099,0.07500,0.00000,10,7,14,4,307,277,0,340,-10.19637,-0.42030,0.31277,1,10.19637,0.14059,0.50395,1,0.00000,3.73750,0,0
20260527-233239-sentence-script-a-coiled-chromosome-fibe-a410db,1640,28.606,1,0,1,ritual,ritual,1.00000,10.23397,-10.23397,0.00000,0.00000,10.23397,0.00000,0.00000,0.36367,0.07459,0.39530,0.07500,0.00000,10,8,14,4,307,277,1,342,-10.27577,-0.51663,-0.07302,1,10.27577,-0.25937,0.45127,1,0.00000,3.97083,0,0
20260527-233239-sentence-script-a-coiled-chromosome-fibe-a410db,1653,28.865,1,0,1,ritual,ritual,1.00000,10.31513,-10.31513,0.00000,0.00000,10.31513,0.00000,0.00000,0.38470,0.07478,0.42327,0.07500,0.00000,10,6,14,4,311,280,1,343,-10.35464,-0.32864,-0.40271,1,10.35464,-0.49697,0.14761,1,0.00000,4.18750,0,0
20260527-233239-sentence-script-a-coiled-chromosome-fibe-a410db,1666,29.116,1,0,1,ritual,ritual,1.00000,10.40147,-10.40147,0.00000,0.00000,10.40147,0.00000,0.00000,0.41109,0.07488,0.45800,0.07500,0.00000,10,5,14,4,311,281,1,343,-10.43836,0.04157,-0.51628,1,10.43836,-0.45635,-0.24241,1,0.00000,4.40417,0,0
20260527-233239-sentence-script-a-coiled-chromosome-fibe-a410db,1680,29.376,1,0,1,ritual,ritual,1.00000,10.50143,-10.50143,0.00000,0.00000,10.50143,0.00000,0.00000,0.44378,0.07494,0.49430,0.07500,0.00000,10,2,14,4,311,283,1,343,-10.53499,0.41177,-0.31115,1,10.53499,-0.11449,-0.50172,1,0.00000,4.63750,0,0
20260527-233239-sentence-script-a-coiled-chromosome-fibe-a410db,1694,29.632,1,0,1,ritual,ritual,1.00000,10.60907,-10.60907,0.00000,0.00000,10.60907,0.00000,0.00000,0.47614,0.07497,0.52288,0.07500,0.00000,10,2,14,4,311,283,1,343,-10.63910,0.50276,0.10910,1,10.63910,0.31393,-0.40482,1,0.00000,4.87083,0,0
20260527-233239-sentence-script-a-coiled-chromosome-fibe-a410db,1708,29.901,1,0,1,ritual,ritual,1.00000,10.72374,-10.72374,0.00000,0.00000,10.72374,0.00000,0.00000,0.50344,0.07498,0.53866,0.07500,0.00000,10,4,14,4,314,284,2,346,-10.75055,0.23482,0.45557,1,10.75055,0.51018,-0.00285,1,0.00000,5.10417,0,0
20260527-233239-sentence-script-a-coiled-chromosome-fibe-a410db,1722,30.169,1,0,1,ritual,ritual,1.00000,10.84355,-10.84355,0.00000,0.00000,10.84355,0.00000,0.00000,0.52026,0.07499,0.53642,0.07500,0.00000,10,3,14,4,314,285,2,346,-10.86802,-0.21066,0.46518,1,10.86802,0.30883,0.40400,1,0.00000,4.95833,0,0
20260527-233239-sentence-script-a-coiled-chromosome-fibe-a410db,1735,30.426,1,0,1,ritual,ritual,1.00000,10.95685,-10.95685,0.00000,0.00000,10.95685,0.00000,0.00000,0.52319,0.07499,0.51783,0.07500,0.00000,10,2,14,4,314,286,2,346,-10.98035,-0.48732,0.14780,1,10.98035,-0.10990,0.49511,1,0.00000,4.79583,0,0
20260527-233239-sentence-script-a-coiled-chromosome-fibe-a410db,1749,30.682,1,0,1,ritual,ritual,1.00000,11.07783,-11.07783,0.00000,0.00000,11.07783,0.00000,0.00000,0.51236,0.07500,0.48729,0.07500,0.00000,10,2,14,4,314,286,2,346,-11.10179,-0.40808,-0.30214,1,11.10179,-0.46587,0.19659,1,0.00000,4.62083,0,0
20260527-233239-sentence-script-a-coiled-chromosome-fibe-a410db,1763,30.943,1,0,1,ritual,ritual,1.00000,11.19481,-11.19481,0.00000,0.00000,11.19481,0.00000,0.00000,0.49025,0.07500,0.45019,0.07500,0.00000,10,5,14,4,314,286,3,349,-11.22060,0.00655,-0.50628,1,11.22060,-0.42474,-0.27167,1,0.00000,4.65000,0,0
20260527-233239-sentence-script-a-coiled-chromosome-fibe-a410db,1776,31.197,1,0,1,ritual,ritual,1.00000,11.29789,-11.29789,0.00000,0.00000,11.29789,0.00000,0.00000,0.46280,0.07500,0.41619,0.07500,0.00000,10,5,14,4,316,286,3,349,-11.32630,0.39647,-0.31333,1,11.32630,-0.04707,-0.50111,1,0.00000,4.86667,0,0
20260527-233239-sentence-script-a-coiled-chromosome-fibe-a410db,1790,31.462,1,0,1,ritual,ritual,1.00000,11.40209,-11.40209,0.00000,0.00000,11.40209,0.00000,0.00000,0.43293,0.07500,0.39039,0.07500,0.00000,10,3,14,4,316,287,3,349,-11.43371,0.48227,0.14787,1,11.43371,0.39120,-0.31538,1,0.00000,5.10000,0,0
20260527-233239-sentence-script-a-coiled-chromosome-fibe-a410db,1804,31.726,1,0,1,ritual,ritual,1.00000,11.49996,-11.49996,0.00000,0.00000,11.49996,0.00000,0.00000,0.40916,0.07500,0.38006,0.07500,0.00000,10,2,14,4,316,288,3,349,-11.53446,0.14753,0.48134,1,11.53446,0.47682,0.15583,1,0.00000,5.33333,0,0
20260527-233239-sentence-script-a-coiled-chromosome-fibe-a410db,1821,31.976,1,0,1,ritual,ritual,1.00000,11.61334,-11.61334,0.00000,0.00000,11.61334,0.00000,0.00000,0.39482,0.07500,0.38668,0.07500,0.00000,10,3,14,4,316,289,4,351,-11.65004,-0.39371,0.31194,1,11.65004,0.01846,0.50037,1,0.00000,5.61667,0,0
20260527-233239-sentence-script-a-coiled-chromosome-fibe-a410db,1839,32.233,1,0,1,ritual,ritual,1.00000,11.73171,-11.73171,0.00000,0.00000,11.73171,0.00000,0.00000,0.39694,0.07500,0.40858,0.07500,0.00000,10,3,14,4,316,289,4,351,-11.76886,-0.41047,-0.28780,1,11.76886,-0.47670,0.14892,1,0.00000,5.91667,0,0
20260527-233239-sentence-script-a-coiled-chromosome-fibe-a410db,1857,32.497,1,0,1,ritual,ritual,1.00000,11.85323,-11.85323,0.00000,0.00000,11.85323,0.00000,0.00000,0.41431,0.07500,0.44233,0.07500,0.00000,10,1,14,4,316,291,4,351,-11.88907,0.16316,-0.47315,1,11.88907,-0.26044,-0.42434,1,0.00000,6.21667,0,0
20260527-233239-sentence-script-a-coiled-chromosome-fibe-a410db,1874,32.758,1,0,1,ritual,ritual,1.00000,11.97455,-11.97455,0.00000,0.00000,11.97455,0.00000,0.00000,0.44175,0.07500,0.47961,0.07500,0.00000,10,1,14,4,316,291,4,351,-12.00785,0.49945,-0.00306,1,12.00785,0.32525,-0.37570,1,0.01667,6.50000,0,0
20260527-233239-sentence-script-a-coiled-chromosome-fibe-a410db,1891,33.017,1,0,1,ritual,ritual,1.00000,12.00000,-12.00000,0.00000,0.00000,12.00000,0.00000,0.00000,0.47358,0.07500,0.51237,0.07500,0.00000,10,2,14,4,316,292,5,353,-12.07320,0.16380,0.47108,1,12.07320,0.45410,0.19994,1,0.30000,6.78333,0,0
20260527-233239-sentence-script-a-coiled-chromosome-fibe-a410db,1910,33.271,1,0,1,ritual,ritual,1.00000,12.00000,-12.00000,0.00000,0.00000,12.00000,0.00000,0.00000,0.50430,0.07500,0.53371,0.07500,0.00000,10,3,14,4,318,292,5,354,-12.07955,-0.43465,0.24384,1,12.07955,-0.13411,0.47729,1,0.61667,7.10000,0,0
20260527-233239-sentence-script-a-coiled-chromosome-fibe-a410db,1926,33.536,1,0,1,ritual,ritual,1.00000,12.00000,-12.00000,0.00000,0.00000,12.00000,0.00000,0.00000,0.52212,0.07500,0.53976,0.07500,0.00000,10,3,14,4,321,292,5,354,-12.07995,-0.39168,-0.30765,1,12.07995,-0.49351,0.04578,1,0.88333,7.36667,0,0
20260527-233239-sentence-script-a-coiled-chromosome-fibe-a410db,1939,33.787,1,0,1,ritual,ritual,1.00000,12.00000,-12.00000,0.00000,0.00000,12.00000,0.00000,0.00000,0.52786,0.07500,0.52910,0.07500,0.00000,10,5,14,4,322,292,6,356,-12.07999,0.02843,-0.49660,1,12.07999,-0.31159,-0.38498,1,1.10000,7.58333,0,0
20260527-233239-sentence-script-a-coiled-chromosome-fibe-a410db,1953,34.051,1,0,1,ritual,ritual,1.00000,12.00000,-12.00000,0.00000,0.00000,12.00000,0.00000,0.00000,0.52164,0.07500,0.50300,0.07500,0.00000,10,3,14,4,323,294,6,356,-12.08000,0.44287,-0.22505,1,12.08000,0.18345,-0.45980,1,1.33333,7.81667,0,0
20260527-233239-sentence-script-a-coiled-chromosome-fibe-a410db,1966,34.301,1,0,1,ritual,ritual,1.00000,12.00000,-12.00000,0.00000,0.00000,12.00000,0.00000,0.00000,0.50452,0.07500,0.46928,0.07500,0.00000,10,3,14,4,326,295,6,357,-12.08000,0.43554,0.23848,1,12.08000,0.48461,-0.10121,1,1.55000,8.03333,0,0
20260527-233239-sentence-script-a-coiled-chromosome-fibe-a410db,1980,34.568,1,0,1,ritual,ritual,1.00000,12.00000,-12.00000,0.00000,0.00000,12.00000,0.00000,0.00000,0.47705,0.07500,0.43158,0.07500,0.00000,10,3,14,4,329,295,6,357,-12.08000,0.01123,0.49627,1,12.08000,0.32639,0.37266,1,1.78333,8.26667,0,0
20260527-233239-sentence-script-a-coiled-chromosome-fibe-a410db,1994,34.821,1,0,1,ritual,ritual,1.00000,12.00000,-12.00000,0.00000,0.00000,12.00000,0.00000,0.00000,0.44667,0.07500,0.40158,0.07500,0.00000,10,2,14,4,331,296,6,357,-12.08000,-0.42442,0.25707,1,12.08000,-0.16507,0.46677,1,2.01667,8.50000,0,0
20260527-233239-sentence-script-a-coiled-chromosome-fibe-a410db,2008,35.085,1,0,1,ritual,ritual,1.00000,12.00000,-12.00000,0.00000,0.00000,12.00000,0.00000,0.00000,0.41938,0.07500,0.38302,0.07500,0.00000,10,4,14,4,333,296,7,359,-12.08000,-0.43356,-0.24086,1,12.08000,-0.48781,0.08252,1,2.25000,8.73333,0,0
20260527-233239-sentence-script-a-coiled-chromosome-fibe-a410db,2022,35.352,1,0,1,ritual,ritual,1.00000,12.00000,-12.00000,0.00000,0.00000,12.00000,0.00000,0.00000,0.40102,0.07500,0.38166,0.07500,0.00000,10,5,14,4,334,296,7,360,-12.08000,-0.00471,-0.49559,1,12.08000,-0.30832,-0.38672,1,2.48333,8.96667,0,0
20260527-233239-sentence-script-a-coiled-chromosome-fibe-a410db,2035,35.605,1,0,1,ritual,ritual,1.00000,12.00000,-12.00000,0.00000,0.00000,12.00000,0.00000,0.00000,0.39579,0.07500,0.39683,0.07500,0.00000,10,3,14,4,334,297,7,360,-12.08000,0.40919,-0.27943,1,12.08000,0.15323,-0.47033,1,2.70000,9.18333,0,0
20260527-233239-sentence-script-a-coiled-chromosome-fibe-a410db,2050,35.857,1,0,1,ritual,ritual,1.00000,12.00000,-12.00000,0.00000,0.00000,12.00000,0.00000,0.00000,0.40469,0.07500,0.42466,0.07500,0.00000,10,2,14,4,334,298,7,360,-12.08000,0.42658,0.25180,1,12.08000,0.49139,-0.05723,1,2.95000,9.43333,0,0
20260527-233239-sentence-script-a-coiled-chromosome-fibe-a410db,2069,36.118,1,0,1,ritual,ritual,1.00000,12.00000,-12.00000,0.00000,0.00000,12.00000,0.00000,0.00000,0.42900,0.07500,0.46103,0.07500,0.00000,10,4,14,4,334,298,8,362,-12.08000,-0.19498,0.45447,1,12.08000,0.11696,0.48024,1,3.26667,9.75000,0,0
20260527-233239-sentence-script-a-coiled-chromosome-fibe-a410db,2088,36.372,1,0,1,ritual,ritual,1.00000,12.00000,-12.00000,0.00000,0.00000,12.00000,0.00000,0.00000,0.46005,0.07500,0.49624,0.07500,0.00000,10,4,14,4,336,298,8,362,-12.08000,-0.47213,-0.14312,1,12.08000,-0.46337,0.16967,1,3.58333,10.06667,0,0
20260527-233239-sentence-script-a-coiled-chromosome-fibe-a410db,2105,36.630,1,0,1,ritual,ritual,1.00000,12.00000,-12.00000,0.00000,0.00000,12.00000,0.00000,0.00000,0.48892,0.07500,0.52435,0.07500,0.00000,10,3,14,4,336,300,8,363,-12.08000,0.01687,-0.49279,1,12.08000,-0.28285,-0.40379,1,3.86667,10.35000,0,0
20260527-233239-sentence-script-a-coiled-chromosome-fibe-a410db,2122,36.887,1,0,1,ritual,ritual,1.00000,12.00000,-12.00000,0.00000,0.00000,12.00000,0.00000,0.00000,0.51354,0.07500,0.53880,0.07500,0.00000,10,3,14,4,336,300,9,365,-12.08000,0.48063,-0.10678,1,12.08000,0.31918,-0.37520,1,4.15000,10.63333,0,0
20260527-233239-sentence-script-a-coiled-chromosome-fibe-a410db,2140,37.140,2,0,1,repair,repair,0.04082,0.01107,-0.01107,0.00000,0.00000,0.01107,0.00000,0.00000,0.66396,0.11101,0.72000,0.13000,0.00000,10,0,24,14,336,300,9,365,0.82948,-0.06232,0.90476,1,0.45616,0.84256,-0.02911,1,0.00000,10.52500,0,0
20260527-233239-sentence-script-a-coiled-chromosome-fibe-a410db,2158,37.405,2,0,1,repair,repair,0.07603,0.21590,-0.21590,0.00000,0.00000,0.21590,0.00000,0.00000,0.69553,0.12171,0.72000,0.13000,0.00000,10,5,24,14,336,300,9,370,0.28318,-0.42481,0.32078,1,0.25477,-0.11607,0.45332,1,0.00000,10.30000,0,0
20260527-233239-sentence-script-a-coiled-chromosome-fibe-a410db,2174,37.664,2,0,1,repair,repair,0.10917,0.40339,-0.40339,0.00000,0.00000,0.40339,0.00000,0.00000,0.70829,0.12603,0.72000,0.13000,0.00000,10,5,24,14,345,300,9,370,0.41344,-0.42686,-0.25883,1,0.41056,-0.49362,0.04846,1,0.00000,10.10000,0,0
20260527-233239-sentence-script-a-coiled-chromosome-fibe-a410db,2191,37.919,2,0,1,repair,repair,0.14524,0.60514,-0.60514,0.00000,0.00000,0.60514,0.00000,0.00000,0.71465,0.12819,0.72000,0.13000,0.00000,10,5,24,14,345,300,9,370,0.60852,0.09517,-0.49260,1,0.60827,-0.22433,-0.44921,1,0.00000,9.88750,0,0
20260527-233239-sentence-script-a-coiled-chromosome-fibe-a410db,2209,38.175,2,0,1,repair,repair,0.18388,0.82007,-0.82007,0.00000,0.00000,0.82007,0.00000,0.00000,0.71766,0.12921,0.72000,0.13000,0.00000,10,11,24,14,347,300,9,376,0.82248,0.50015,-0.06683,1,0.82246,0.35643,-0.35697,1,0.00000,9.66250,0,0
20260527-233239-sentence-script-a-coiled-chromosome-fibe-a410db,2225,38.435,2,0,1,repair,repair,0.21840,1.01164,-1.01164,0.00000,0.00000,1.01164,0.00000,0.00000,0.71888,0.12962,0.72000,0.13000,0.00000,10,9,24,14,354,301,9,376,1.01382,0.29529,0.41181,1,1.01382,0.48421,0.14877,1,0.00000,9.46250,0,0
20260527-233239-sentence-script-a-coiled-chromosome-fibe-a410db,2242,38.693,2,0,1,repair,repair,0.25516,1.21543,-1.21543,0.00000,0.00000,1.21543,0.00000,0.00000,0.71949,0.12983,0.72000,0.13000,0.00000,10,14,24,14,354,301,9,381,1.21751,-0.24469,0.44604,1,1.21751,0.07495,0.50314,1,0.00000,9.25000,0,0
20260527-233239-sentence-script-a-coiled-chromosome-fibe-a410db,2260,38.955,2,0,1,repair,repair,0.29413,1.43132,-1.43132,0.00000,0.00000,1.43132,0.00000,0.00000,0.71978,0.12992,0.72000,0.13000,0.00000,10,10,24,14,356,304,9,381,1.43336,-0.50808,-0.04971,1,1.43336,-0.43435,0.26850,1,0.00000,9.02500,0,0
20260527-233239-sentence-script-a-coiled-chromosome-fibe-a410db,2278,39.221,2,0,1,repair,repair,0.33311,1.64728,-1.64728,0.00000,0.00000,1.64728,0.00000,0.00000,0.71990,0.12997,0.72000,0.13000,0.00000,10,11,24,14,359,307,9,386,1.64929,-0.16576,-0.48464,1,1.64929,-0.42600,-0.28453,1,0.00000,8.80000,0,0
20260527-233239-sentence-script-a-coiled-chromosome-fibe-a410db,2293,39.488,2,0,1,repair,repair,0.35816,1.68327,-1.68327,0.00000,0.00000,1.68327,0.00000,0.00000,0.15526,0.07391,0.72000,0.13000,0.00000,10,9,24,14,362,308,9,386,1.74927,0.29325,-0.42138,1,1.74927,-0.02394,-0.51305,1,0.00000,8.61250,1,0
20260527-233239-sentence-script-a-coiled-chromosome-fibe-a410db,2307,39.751,2,0,1,repair,repair,0.37338,1.68327,-1.68327,0.00000,0.00000,1.68327,0.00000,0.00000,0.02593,0.06107,0.72000,0.13000,0.00000,10,7,24,14,362,310,9,386,1.76139,0.51190,-0.05106,1,1.76139,0.37394,-0.35378,1,0.00000,8.43750,1,0
20260527-233239-sentence-script-a-coiled-chromosome-fibe-a410db,2321,40.020,2,0,1,repair,repair,0.38729,1.68327,-1.68327,0.00000,0.00000,1.68327,0.00000,0.00000,0.00433,0.05893,0.72000,0.13000,0.00000,10,10,24,14,362,312,9,391,1.76302,0.37561,0.35282,1,1.76302,0.51377,0.04647,1,0.00000,8.26250,1,0
20260527-233239-sentence-script-a-coiled-chromosome-fibe-a410db,2335,40.286,2,0,1,repair,repair,0.40099,1.68327,-1.68327,0.00000,0.00000,1.68327,0.00000,0.00000,0.00072,0.05857,0.72000,0.13000,0.00000,10,10,24,14,364,312,9,391,1.76324,-0.01429,0.51597,1,1.76324,0.31001,0.41354,1,0.00000,8.08750,1,0
20260527-233239-sentence-script-a-coiled-chromosome-fibe-a410db,2350,40.553,2,0,1,repair,repair,0.41562,1.68327,-1.68327,0.00000,0.00000,1.68327,0.00000,0.00000,0.00011,0.05851,0.72000,0.13000,0.00000,10,11,24,14,366,315,9,396,1.76327,-0.41235,0.31186,1,1.76327,-0.12422,0.50271,1,0.00000,7.90000,1,0
20260527-233239-sentence-script-a-coiled-chromosome-fibe-a410db,2364,40.810,2,0,1,repair,repair,0.42927,1.68327,-1.68327,0.00000,0.00000,1.68327,0.00000,0.00000,0.00002,0.05850,0.72000,0.13000,0.00000,10,8,24,14,375,318,9,396,1.76327,-0.50954,-0.09215,1,1.76327,-0.45248,0.25330,1,0.00000,7.72500,1,0
20260527-233239-sentence-script-a-coiled-chromosome-fibe-a410db,2378,41.068,2,0,1,repair,repair,0.44292,1.68327,-1.68327,0.00000,0.00000,1.68327,0.00000,0.00000,0.00000,0.05850,0.72000,0.13000,0.00000,10,8,24,14,382,318,9,396,1.76327,-0.28153,-0.43551,1,1.76327,-0.49622,-0.15316,1,0.00000,7.55000,1,0
20260527-233239-sentence-script-a-coiled-chromosome-fibe-a410db,2392,41.333,2,0,1,repair,repair,0.45673,1.68487,-1.68487,0.00000,0.00000,1.68487,0.00000,0.00000,0.06334,0.06479,0.72000,0.13000,0.00000,10,11,24,14,382,320,9,401,1.76355,0.12095,-0.50513,1,1.76355,-0.23553,-0.46366,1,0.00000,7.37500,0,0
20260527-233239-sentence-script-a-coiled-chromosome-fibe-a410db,2407,41.592,2,0,1,repair,repair,0.47773,1.74903,-1.74903,0.00000,0.00000,1.74903,0.00000,0.00000,0.39085,0.09731,0.72000,0.13000,0.00000,10,11,24,14,385,320,9,402,1.79941,0.46187,-0.23912,1,1.79941,0.19347,-0.48346,1,0.00000,7.18750,0,0
20260527-233239-sentence-script-a-coiled-chromosome-fibe-a410db,2424,41.855,2,0,1,repair,repair,0.50828,1.88983,-1.88983,0.00000,0.00000,1.88983,0.00000,0.00000,0.56953,0.11506,0.72000,0.13000,0.00000,10,9,24,14,388,321,9,402,1.91506,0.46035,0.24349,1,1.91506,0.50716,-0.12058,1,0.00000,6.97500,0,0
20260527-233239-sentence-script-a-coiled-chromosome-fibe-a410db,2442,42.110,2,0,1,repair,repair,0.54431,2.07584,-2.07584,0.00000,0.00000,2.07584,0.00000,0.00000,0.65431,0.12348,0.72000,0.13000,0.00000,10,9,24,14,395,325,9,408,2.08808,0.03804,0.52004,1,2.08808,0.37479,0.36335,1,0.00000,6.75000,0,0
20260527-233239-sentence-script-a-coiled-chromosome-fibe-a410db,2460,42.369,2,0,1,repair,repair,0.58201,2.27875,-2.27875,0.00000,0.00000,2.27875,0.00000,0.00000,0.69132,0.12715,0.72000,0.13000,0.00000,10,8,24,14,396,326,9,408,2.28523,-0.41815,0.31257,1,2.28523,-0.09986,0.51301,1,0.00000,6.52500,0,0
20260527-233239-sentence-script-a-coiled-chromosome-fibe-a410db,2474,42.624,2,0,1,repair,repair,0.61186,2.44193,-2.44193,0.00000,0.00000,2.44193,0.00000,0.00000,0.70495,0.12851,0.72000,0.13000,0.00000,10,11,24,14,396,327,9,413,2.44628,-0.51824,-0.06782,1,2.44628,-0.42847,0.29988,1,0.00000,6.35000,0,0
20260527-233239-sentence-script-a-coiled-chromosome-fibe-a410db,2488,42.876,2,0,1,repair,repair,0.64194,2.60740,-2.60740,0.00000,0.00000,2.60740,0.00000,0.00000,0.71210,0.12922,0.72000,0.13000,0.00000,10,10,24,14,401,328,9,413,2.61064,-0.32709,-0.40837,1,2.61064,-0.51708,-0.08026,1,0.00000,6.17500,0,0
20260527-233239-sentence-script-a-coiled-chromosome-fibe-a410db,2502,43.136,2,0,1,repair,repair,0.67214,2.77408,-2.77408,0.00000,0.00000,2.77408,0.00000,0.00000,0.71585,0.12959,0.72000,0.13000,0.00000,10,9,24,14,403,329,9,413,2.77672,0.04452,-0.52174,1,2.77672,-0.31937,-0.41494,1,0.00000,6.00000,0,0
20260527-233239-sentence-script-a-coiled-chromosome-fibe-a410db,2516,43.402,2,0,1,repair,repair,0.70241,2.94138,-2.94138,0.00000,0.00000,2.94138,0.00000,0.00000,0.71782,0.12978,0.72000,0.13000,0.00000,10,13,24,14,403,330,9,418,2.94372,0.39050,-0.34948,1,2.94372,0.05238,-0.52139,1,0.00000,5.82500,0,0
20260527-233239-sentence-script-a-coiled-chromosome-fibe-a410db,2531,43.654,2,0,1,repair,repair,0.73487,3.12099,-3.12099,0.00000,0.00000,3.12099,0.00000,0.00000,0.71891,0.12989,0.72000,0.13000,0.00000,10,10,24,14,409,333,9,418,3.12316,0.52304,0.03902,1,3.12316,0.41252,-0.32377,1,0.00000,5.63750,0,0
20260527-233239-sentence-script-a-coiled-chromosome-fibe-a410db,2548,43.910,2,0,1,repair,repair,0.77168,3.32478,-3.32478,0.00000,0.00000,3.32478,0.00000,0.00000,0.71950,0.12995,0.72000,0.13000,0.00000,10,11,24,14,410,337,9,423,3.32686,0.29195,0.43617,1,3.32686,0.50928,0.12629,1,0.00000,5.42500,0,0
20260527-233239-sentence-script-a-coiled-chromosome-fibe-a410db,2566,44.166,2,0,1,repair,repair,0.81067,3.54069,-3.54069,0.00000,0.00000,3.54069,0.00000,0.00000,0.71978,0.12998,0.72000,0.13000,0.00000,10,9,24,14,411,338,9,423,3.54272,-0.18732,0.49069,1,3.54272,0.19074,0.48931,1,0.00000,5.20000,0,0
20260527-233239-sentence-script-a-coiled-chromosome-fibe-a410db,2582,44.418,2,0,1,repair,repair,0.84534,3.73265,-3.73265,0.00000,0.00000,3.73265,0.00000,0.00000,0.71990,0.12999,0.72000,0.13000,0.00000,10,10,24,14,411,338,9,424,3.73466,-0.49141,0.18626,1,3.73466,-0.23824,0.46864,1,0.00000,5.00000,0,0
20260527-233239-sentence-script-a-coiled-chromosome-fibe-a410db,2597,44.685,2,0,1,repair,repair,0.87783,3.91263,-3.91263,0.00000,0.00000,3.91263,0.00000,0.00000,0.71995,0.12999,0.72000,0.13000,0.00000,10,12,24,14,413,341,9,429,3.91463,-0.47891,-0.21709,1,3.91463,-0.50001,0.16335,1,0.00000,4.81250,0,0
20260527-233239-sentence-script-a-coiled-chromosome-fibe-a410db,2611,44.944,2,0,1,repair,repair,0.90817,4.08062,-4.08062,0.00000,0.00000,4.08062,0.00000,0.00000,0.71997,0.13000,0.72000,0.13000,0.00000,10,9,24,14,413,343,9,429,4.08262,-0.21134,-0.48175,1,4.08262,-0.48153,-0.21208,1,0.00000,4.63750,0,0
20260527-233239-sentence-script-a-coiled-chromosome-fibe-a410db,2625,45.205,2,0,1,repair,repair,0.93850,4.24861,-4.24861,0.00000,0.00000,4.24861,0.00000,0.00000,0.71999,0.13000,0.72000,0.13000,0.00000,10,8,24,14,413,349,9,434,4.25062,0.16371,-0.50013,1,4.25062,-0.21749,-0.47920,1,0.00000,4.46250,0,0
20260527-233239-sentence-script-a-coiled-chromosome-fibe-a410db,2639,45.465,2,0,1,repair,repair,0.96636,4.34461,-4.34461,0.00000,0.00000,4.34461,0.00000,0.00000,0.33437,0.09170,0.72000,0.13000,0.00000,10,7,24,14,413,350,9,434,4.39156,0.45505,-0.26469,1,4.39156,0.15668,-0.50252,1,0.00000,4.28750,0,1
20260527-233239-sentence-script-a-coiled-chromosome-fibe-a410db,2653,45.722,2,0,1,repair,repair,0.98339,4.34461,-4.34461,0.00000,0.00000,4.34461,0.00000,0.00000,0.05584,0.06405,0.72000,0.13000,0.00000,10,7,24,14,416,350,9,434,4.42015,0.51626,0.10386,1,4.42015,0.45109,-0.27147,1,0.00000,4.11250,0,1
20260527-233239-sentence-script-a-coiled-chromosome-fibe-a410db,2667,45.986,2,0,1,repair,repair,0.99761,4.34461,-4.34461,0.00000,0.00000,4.34461,0.00000,0.00000,0.00933,0.05943,0.72000,0.13000,0.00000,10,8,24,14,416,354,9,439,4.42401,0.31817,0.41982,1,4.42401,0.51763,0.09655,1,0.00000,3.93750,0,1
20260527-233239-sentence-script-a-coiled-chromosome-fibe-a410db,2680,46.247,2,0,1,repair,repair,1.00000,4.34461,-4.34461,0.00000,0.00000,4.34461,0.00000,0.00000,0.00177,0.05868,0.72000,0.13000,0.00000,10,8,24,14,417,354,9,439,4.42452,-0.01088,0.52690,1,4.42452,0.34547,0.39776,1,0.00000,4.06667,0,1
20260527-233239-sentence-script-a-coiled-chromosome-fibe-a410db,2693,46.504,2,0,1,repair,repair,1.00000,4.34461,-4.34461,0.00000,0.00000,4.34461,0.00000,0.00000,0.00034,0.05853,0.72000,0.13000,0.00000,10,7,24,14,417,355,9,439,4.42460,-0.33459,0.40745,1,4.42460,0.02504,0.52654,1,0.00000,4.28333,0,1
20260527-233239-sentence-script-a-coiled-chromosome-fibe-a410db,2707,46.765,2,0,1,repair,repair,1.00000,4.34461,-4.34461,0.00000,0.00000,4.34461,0.00000,0.00000,0.00006,0.05851,0.72000,0.13000,0.00000,10,7,24,14,417,359,9,444,4.42461,-0.52002,0.08784,1,4.42461,-0.32723,0.41350,1,0.00000,4.51667,0,1
20260527-233239-sentence-script-a-coiled-chromosome-fibe-a410db,2721,47.018,2,0,1,repair,repair,1.00000,4.34461,-4.34461,0.00000,0.00000,4.34461,0.00000,0.00000,0.00001,0.05850,0.72000,0.13000,0.00000,10,7,24,14,418,359,9,444,4.42461,-0.45030,-0.27471,1,4.42461,-0.51835,0.09778,1,0.00000,4.75000,0,1
20260527-233239-sentence-script-a-coiled-chromosome-fibe-a410db,2734,47.273,2,0,1,repair,repair,1.00000,4.34461,-4.34461,0.00000,0.00000,4.34461,0.00000,0.00000,0.00000,0.05850,0.72000,0.13000,0.00000,10,6,24,14,420,361,9,445,4.42461,-0.18572,-0.49376,1,4.42461,-0.46913,-0.24155,1,0.00000,4.96667,0,1
20260527-233239-sentence-script-a-coiled-chromosome-fibe-a410db,2747,47.523,2,0,1,repair,repair,1.00000,4.35224,-4.35224,0.00000,0.00000,4.35224,0.00000,0.00000,0.14806,0.07320,0.72000,0.13000,0.00000,10,8,24,14,420,364,9,450,4.42672,0.15708,-0.50374,1,4.42672,-0.22261,-0.47859,1,0.00000,5.18333,0,0
20260527-233239-sentence-script-a-coiled-chromosome-fibe-a410db,2761,47.780,2,0,1,repair,repair,1.00000,4.42412,-4.42412,0.00000,0.00000,4.42412,0.00000,0.00000,0.41981,0.10019,0.72000,0.13000,0.00000,10,9,24,14,424,364,9,451,4.47073,0.44776,-0.27956,1,4.47073,0.14315,-0.50811,1,0.00000,5.41667,0,0
20260527-233239-sentence-script-a-coiled-chromosome-fibe-a410db,2777,48.034,2,0,1,repair,repair,1.00000,4.56077,-4.56077,0.00000,0.00000,4.56077,0.00000,0.00000,0.57630,0.11573,0.72000,0.13000,0.00000,10,7,24,14,424,366,9,451,4.58498,0.51139,0.13147,1,4.58498,0.46699,-0.24619,1,0.00000,5.45000,0,0
20260527-233239-sentence-script-a-coiled-chromosome-fibe-a410db,2794,48.286,2,0,1,repair,repair,1.00000,4.64111,-4.64111,0.00000,0.00000,4.64111,0.00000,0.00000,0.19640,0.07800,0.72000,0.13000,0.00000,10,11,24,14,424,367,9,456,4.70386,0.23443,0.47320,1,4.70386,0.49063,0.19465,1,0.00000,5.47083,1,0
20260527-233239-sentence-script-a-coiled-chromosome-fibe-a410db,2812,48.544,2,0,1,repair,repair,1.00000,4.64111,-4.64111,0.00000,0.00000,4.64111,0.00000,0.00000,0.01967,0.06045,0.72000,0.13000,0.00000,10,9,24,14,425,369,9,456,4.71980,-0.22982,0.47545,1,4.71980,0.14655,0.50723,1,0.00000,5.77083,1,0
20260527-233239-sentence-script-a-coiled-chromosome-fibe-a410db,2827,48.796,2,0,1,repair,repair,1.00000,4.64111,-4.64111,0.00000,0.00000,4.64111,0.00000,0.00000,0.00289,0.05879,0.72000,0.13000,0.00000,10,11,24,14,426,372,9,462,4.72096,-0.49373,0.18749,1,4.72096,-0.24254,0.46908,1,0.00000,6.02083,1,0
20260527-233239-sentence-script-a-coiled-chromosome-fibe-a410db,2845,49.057,2,0,1,repair,repair,1.00000,4.64111,-4.64111,0.00000,0.00000,4.64111,0.00000,0.00000,0.00029,0.05853,0.72000,0.13000,0.00000,10,10,24,14,429,373,9,462,4.72110,-0.45153,-0.27407,1,4.72110,-0.51919,0.09662,1,0.00000,6.32083,1,0
20260527-233239-sentence-script-a-coiled-chromosome-fibe-a410db,2865,49.318,2,0,1,repair,repair,1.00000,4.64111,-4.64111,0.00000,0.00000,4.64111,0.00000,0.00000,0.00002,0.05850,0.72000,0.13000,0.00000,10,11,24,14,429,376,9,467,4.72111,-0.01038,-0.52836,1,4.72111,-0.35806,-0.38824,1,0.00000,6.65417,1,0
20260527-233239-sentence-script-a-coiled-chromosome-fibe-a410db,2883,49.579,2,0,1,repair,repair,1.00000,4.64111,-4.64111,0.00000,0.00000,4.64111,0.00000,0.00000,0.00000,0.05850,0.72000,0.13000,0.00000,10,11,24,14,429,376,9,467,4.72111,0.40861,-0.33513,1,4.72111,0.08657,-0.52094,1,0.00000,6.95417,1,0
20260527-233239-sentence-script-a-coiled-chromosome-fibe-a410db,2897,49.829,2,0,1,repair,repair,1.00000,4.64425,-4.64425,0.00000,0.00000,4.64425,0.00000,0.00000,0.09289,0.06772,0.72000,0.13000,0.00000,10,13,24,14,432,379,9,472,4.72177,0.52833,0.00892,1,4.72177,0.40448,-0.33952,1,0.00000,7.18750,0,0
20260527-233239-sentence-script-a-coiled-chromosome-fibe-a410db,2911,50.093,2,0,1,repair,repair,1.00000,4.70686,-4.70686,0.00000,0.00000,4.70686,0.00000,0.00000,0.39085,0.09731,0.72000,0.13000,0.00000,10,9,24,14,437,383,9,472,4.75724,0.39729,0.34848,1,4.75724,0.52807,0.00485,1,0.00000,7.42083,0,0
20260527-233239-sentence-script-a-coiled-chromosome-fibe-a410db,2924,50.345,2,0,1,repair,repair,1.00000,4.81043,-4.81043,0.00000,0.00000,4.81043,0.00000,0.00000,0.53910,0.11204,0.72000,0.13000,0.00000,10,9,24,14,437,383,9,472,4.84021,0.10413,0.51813,1,4.84021,0.41495,0.32655,1,0.00000,7.55000,0,0
20260527-233239-sentence-script-a-coiled-chromosome-fibe-a410db,2937,50.605,2,0,1,repair,repair,1.00000,4.93761,-4.93761,0.00000,0.00000,4.93761,0.00000,0.00000,0.62058,0.12013,0.72000,0.13000,0.00000,10,11,24,14,437,387,9,478,4.95506,-0.23218,0.47469,1,4.95506,0.12848,0.51212,1,0.00000,7.38750,0,0
20260527-233239-sentence-script-a-coiled-chromosome-fibe-a410db,2951,50.857,2,0,1,repair,repair,1.00000,5.08890,-5.08890,0.00000,0.00000,5.08890,0.00000,0.00000,0.66782,0.12482,0.72000,0.13000,0.00000,10,11,24,14,439,387,9,478,5.09904,-0.48412,0.21184,1,5.09904,-0.23598,0.47227,1,0.00000,7.21250,0,0
20260527-233239-sentence-script-a-coiled-chromosome-fibe-a410db,2965,51.111,2,0,1,repair,repair,1.00000,5.24813,-5.24813,0.00000,0.00000,5.24813,0.00000,0.00000,0.69261,0.12728,0.72000,0.13000,0.00000,10,11,24,14,440,387,9,478,5.25441,-0.50627,-0.15148,1,5.25441,-0.48680,0.20414,1,0.00000,7.03750,0,0
20260527-233239-sentence-script-a-coiled-chromosome-fibe-a410db,2979,51.369,2,0,1,repair,repair,1.00000,5.41153,-5.41153,0.00000,0.00000,5.41153,0.00000,0.00000,0.70562,0.12857,0.72000,0.13000,0.00000,10,11,24,14,440,391,9,483,5.41577,-0.28891,-0.44264,1,5.41577,-0.50207,-0.16286,1,0.00000,6.86250,0,0
20260527-233239-sentence-script-a-coiled-chromosome-fibe-a410db,2993,51.631,2,0,1,repair,repair,1.00000,5.57711,-5.57711,0.00000,0.00000,5.57711,0.00000,0.00000,0.71245,0.12925,0.72000,0.13000,0.00000,10,9,24,14,443,393,9,483,5.58029,0.06493,-0.52458,1,5.58029,-0.27387,-0.45114,1,0.00000,6.68750,0,0
20260527-233239-sentence-script-a-coiled-chromosome-fibe-a410db,3007,51.885,2,0,1,repair,repair,1.00000,5.74385,-5.74385,0.00000,0.00000,5.74385,0.00000,0.00000,0.71604,0.12961,0.72000,0.13000,0.00000,10,8,24,14,443,394,9,483,5.74646,0.38840,-0.35846,1,5.74646,0.08724,-0.52050,1,0.00000,6.51250,0,0
20260527-233239-sentence-script-a-coiled-chromosome-fibe-a410db,3021,52.137,2,0,1,repair,repair,1.00000,5.91118,-5.91118,0.00000,0.00000,5.91118,0.00000,0.00000,0.71792,0.12979,0.72000,0.13000,0.00000,10,10,24,14,443,397,9,488,5.91350,0.52802,-0.02270,1,5.91350,0.40560,-0.33787,1,0.00000,6.33750,0,0
20260527-233239-sentence-script-a-coiled-chromosome-fibe-a410db,3035,52.403,2,0,1,repair,repair,1.00000,6.07883,-6.07883,0.00000,0.00000,6.07883,0.00000,0.00000,0.71891,0.12989,0.72000,0.13000,0.00000,10,10,24,14,450,397,9,488,6.08100,0.41723,0.32426,1,6.08100,0.52799,0.00726,1,0.00000,6.16250,0,0
20260527-233239-sentence-script-a-coiled-chromosome-fibe-a410db,3049,52.664,2,0,1,repair,repair,1.00000,6.24665,-6.24665,0.00000,0.00000,6.24665,0.00000,0.00000,0.71943,0.12994,0.72000,0.13000,0.00000,10,7,24,14,450,400,9,488,6.24874,0.10904,0.51717,1,6.24874,0.39668,0.34862,1,0.00000,5.98750,0,0
20260527-233239-sentence-script-a-coiled-chromosome-fibe-a410db,3064,52.928,2,0,1,repair,repair,1.00000,6.42655,-6.42655,0.00000,0.00000,6.42655,0.00000,0.00000,0.71971,0.12997,0.72000,0.13000,0.00000,10,12,24,14,450,401,9,494,6.42859,-0.27329,0.45249,1,6.42859,0.04824,0.52589,1,0.00000,5.80000,0,0
20260527-233239-sentence-script-a-coiled-chromosome-fibe-a410db,3080,53.190,2,0,1,repair,repair,1.00000,6.61849,-6.61849,0.00000,0.00000,6.61849,0.00000,0.00000,0.71986,0.12999,0.72000,0.13000,0.00000,10,11,24,14,452,402,9,494,6.62051,-0.51519,0.11796,1,6.62051,-0.34614,0.39911,1,0.00000,5.60000,0,0
20260527-233239-sentence-script-a-coiled-chromosome-fibe-a410db,3096,53.446,2,0,1,repair,repair,1.00000,6.81047,-6.81047,0.00000,0.00000,6.81047,0.00000,0.00000,0.71993,0.12999,0.72000,0.13000,0.00000,10,11,24,14,456,408,9,500,6.81248,-0.44314,-0.28819,1,6.81248,-0.52765,0.02726,1,0.00000,5.40000,0,0
20260527-233239-sentence-script-a-coiled-chromosome-fibe-a410db,3113,53.699,2,0,1,repair,repair,1.00000,7.01446,-7.01446,0.00000,0.00000,7.01446,0.00000,0.00000,0.71997,0.13000,0.72000,0.13000,0.00000,10,9,24,14,458,410,9,500,7.01646,-0.07511,-0.52322,1,7.01646,-0.36602,-0.38087,1,0.00000,5.18750,0,0
20260527-233239-sentence-script-a-coiled-chromosome-fibe-a410db,3129,53.961,2,0,1,repair,repair,1.00000,7.20645,-7.20645,0.00000,0.00000,7.20645,0.00000,0.00000,0.71999,0.13000,0.72000,0.13000,0.00000,10,8,24,14,458,412,9,501,7.20845,0.32373,-0.41788,1,7.20845,0.02171,-0.52781,1,0.00000,4.98750,0,0
20260527-233239-sentence-script-a-coiled-chromosome-fibe-a410db,3146,54.222,2,0,1,repair,repair,1.00000,7.41045,-7.41045,0.00000,0.00000,7.41045,0.00000,0.00000,0.71999,0.13000,0.72000,0.13000,0.00000,10,9,24,14,460,416,9,506,7.41245,0.52769,-0.03208,1,7.41245,0.41338,-0.32878,1,0.00000,4.77500,0,0
20260527-233239-sentence-script-a-coiled-chromosome-fibe-a410db,3163,54.474,2,0,1,repair,repair,1.00000,7.61445,-7.61445,0.00000,0.00000,7.61445,0.00000,0.00000,0.72000,0.13000,0.72000,0.13000,0.00000,10,9,24,14,461,416,9,507,7.61645,0.37271,0.37508,1,7.61645,0.51900,0.09783,1,0.00000,4.56250,0,0
20260527-233239-sentence-script-a-coiled-chromosome-fibe-a410db,3180,54.734,2,0,1,repair,repair,1.00000,7.81844,-7.81844,0.00000,0.00000,7.81844,0.00000,0.00000,0.72000,0.13000,0.72000,0.13000,0.00000,10,10,24,14,464,419,9,512,7.82045,-0.03478,0.52770,1,7.82045,0.26513,0.45679,1,0.00000,4.35000,0,0
20260527-233239-sentence-script-a-coiled-chromosome-fibe-a410db,3194,54.985,2,0,1,repair,repair,1.00000,7.98644,-7.98644,0.00000,0.00000,7.98644,0.00000,0.00000,0.72000,0.13000,0.72000,0.13000,0.00000,10,9,24,14,464,420,9,512,7.98844,-0.36587,0.38190,1,7.98844,-0.09407,0.51987,1,0.00000,4.17500,0,0
20260527-233239-sentence-script-a-coiled-chromosome-fibe-a410db,3208,55.247,2,0,1,repair,repair,1.00000,8.15444,-8.15444,0.00000,0.00000,8.15444,0.00000,0.00000,0.72000,0.13000,0.72000,0.13000,0.00000,10,11,24,14,464,422,9,517,8.15644,-0.52576,0.05767,1,8.15644,-0.40822,0.33549,1,0.00000,4.00000,0,0
20260527-233239-sentence-script-a-coiled-chromosome-fibe-a410db,3222,55.501,2,0,1,repair,repair,1.00000,8.32244,-8.32244,0.00000,0.00000,8.32244,0.00000,0.00000,0.72000,0.13000,0.72000,0.13000,0.00000,10,10,24,14,464,424,9,518,8.32444,-0.43985,-0.29368,1,8.32444,-0.52846,-0.00769,1,0.00000,3.82500,0,0
20260527-233239-sentence-script-a-coiled-chromosome-fibe-a410db,3235,55.761,2,0,1,repair,repair,1.00000,8.47844,-8.47844,0.00000,0.00000,8.47844,0.00000,0.00000,0.72000,0.13000,0.72000,0.13000,0.00000,10,10,24,14,466,424,9,518,8.48044,-0.17384,-0.49959,1,8.48044,-0.41566,-0.32655,1,0.00000,3.66250,0,0
20260527-233239-sentence-script-a-coiled-chromosome-fibe-a410db,3250,56.014,2,0,1,repair,repair,1.00000,8.65844,-8.65844,0.00000,0.00000,8.65844,0.00000,0.00000,0.72000,0.13000,0.72000,0.13000,0.00000,10,10,24,14,468,428,9,523,8.66044,0.21158,-0.48483,1,8.66044,-0.08001,-0.52236,1,0.00000,3.47500,0,0
20260527-233239-sentence-script-a-coiled-chromosome-fibe-a410db,3267,56.267,2,0,1,repair,repair,1.00000,8.79044,-8.79044,0.00000,0.00000,8.79044,0.00000,0.00000,0.33437,0.09170,0.72000,0.13000,0.00000,10,9,24,14,469,429,9,523,8.83739,0.50330,-0.16269,1,8.83739,0.34189,-0.40282,1,0.00000,3.40833,0,1
20260527-233239-sentence-script-a-coiled-chromosome-fibe-a410db,3285,56.526,2,0,1,repair,repair,1.00000,8.79044,-8.79044,0.00000,0.00000,8.79044,0.00000,0.00000,0.03349,0.06183,0.72000,0.13000,0.00000,10,7,24,14,469,431,9,523,8.86793,0.44151,0.29138,1,8.86793,0.52827,0.01867,1,0.00000,3.70833,0,1
20260527-233239-sentence-script-a-coiled-chromosome-fibe-a410db,3302,56.780,2,0,1,repair,repair,1.00000,8.79044,-8.79044,0.00000,0.00000,8.79044,0.00000,0.00000,0.00381,0.05888,0.72000,0.13000,0.00000,10,10,24,14,475,432,9,529,8.87022,0.07608,0.52370,1,8.87022,0.33498,0.40913,1,0.00000,3.99167,0,1
20260527-233239-sentence-script-a-coiled-chromosome-fibe-a410db,3316,57.044,2,0,1,repair,repair,1.00000,8.79044,-8.79044,0.00000,0.00000,8.79044,0.00000,0.00000,0.00064,0.05856,0.72000,0.13000,0.00000,10,10,24,14,478,432,9,529,8.87041,-0.27675,0.45100,1,8.87041,-0.00686,0.52875,1,0.00000,4.22500,0,1
20260527-233239-sentence-script-a-coiled-chromosome-fibe-a410db,3330,57.309,2,0,1,repair,repair,1.00000,8.79044,-8.79044,0.00000,0.00000,8.79044,0.00000,0.00000,0.00011,0.05851,0.72000,0.13000,0.00000,10,11,24,14,481,436,9,534,8.87044,-0.50136,0.16911,1,8.87044,-0.34536,0.40048,1,0.00000,4.45833,0,1
20260527-233239-sentence-script-a-coiled-chromosome-fibe-a410db,3344,57.573,2,0,1,repair,repair,1.00000,8.79044,-8.79044,0.00000,0.00000,8.79044,0.00000,0.00000,0.00002,0.05850,0.72000,0.13000,0.00000,10,10,24,14,483,437,9,534,8.87044,-0.49336,-0.19124,1,8.87044,-0.52203,0.08437,1,0.00000,4.69167,0,1
20260527-233239-sentence-script-a-coiled-chromosome-fibe-a410db,3358,57.837,2,0,1,repair,repair,1.00000,8.79044,-8.79044,0.00000,0.00000,8.79044,0.00000,0.00000,0.00000,0.05850,0.72000,0.13000,0.00000,10,8,24,14,486,440,9,535,8.87044,-0.25716,-0.46256,1,8.87044,-0.45440,-0.27070,1,0.00000,4.92500,0,1
20260527-233239-sentence-script-a-coiled-chromosome-fibe-a410db,3373,58.103,2,0,1,repair,repair,1.00000,8.79359,-8.79359,0.00000,0.00000,8.79359,0.00000,0.00000,0.09289,0.06772,0.72000,0.13000,0.00000,10,12,24,14,486,441,9,540,8.87110,0.12335,-0.51470,1,8.87110,-0.14931,-0.50740,1,0.00000,5.17500,0,0
20260527-233239-sentence-script-a-coiled-chromosome-fibe-a410db,3387,58.365,2,0,1,repair,repair,1.00000,8.85620,-8.85620,0.00000,0.00000,8.85620,0.00000,0.00000,0.39085,0.09731,0.72000,0.13000,0.00000,10,12,24,14,486,441,9,540,8.90658,0.42383,-0.31700,1,8.90658,0.21100,-0.48512,1,0.00000,5.40833,0,0
20260527-233239-sentence-script-a-coiled-chromosome-fibe-a410db,3401,58.626,2,0,1,repair,repair,1.00000,8.96888,-8.96888,0.00000,0.00000,8.96888,0.00000,0.00000,0.54724,0.11284,0.72000,0.13000,0.00000,10,8,24,14,486,445,9,540,8.99745,0.52858,0.02699,1,8.99745,0.47283,-0.23750,1,0.00000,5.52500,0,0
20260527-233239-sentence-script-a-coiled-chromosome-fibe-a410db,3415,58.886,2,0,1,repair,repair,1.00000,9.08694,-9.08694,0.00000,0.00000,9.08694,0.00000,0.00000,0.48058,0.10622,0.72000,0.13000,0.00000,10,9,24,14,486,450,9,546,9.11996,0.38913,0.35870,1,9.11996,0.51553,0.11965,1,0.00000,5.37917,1,0
20260527-233239-sentence-script-a-coiled-chromosome-fibe-a410db,3429,59.138,2,0,1,repair,repair,1.00000,9.08694,-9.08694,0.00000,0.00000,9.08694,0.00000,0.00000,0.08026,0.06647,0.72000,0.13000,0.00000,10,7,24,14,491,451,9,546,9.16061,0.07046,0.52461,1,9.16061,0.31970,0.42172,1,0.00000,5.61250,1,0
20260527-233239-sentence-script-a-coiled-chromosome-fibe-a410db,3446,59.395,2,0,1,repair,repair,1.00000,9.08694,-9.08694,0.00000,0.00000,9.08694,0.00000,0.00000,0.00914,0.05941,0.72000,0.13000,0.00000,10,10,24,14,494,454,9,552,9.16639,-0.34421,0.40204,1,9.16639,-0.10160,0.51944,1,0.00000,5.89583,1,0
20260527-233239-sentence-script-a-coiled-chromosome-fibe-a410db,3464,59.654,2,0,1,repair,repair,1.00000,9.08694,-9.08694,0.00000,0.00000,9.08694,0.00000,0.00000,0.00091,0.05859,0.72000,0.13000,0.00000,10,8,24,14,502,456,9,552,9.16690,-0.52914,-0.01459,1,9.16690,-0.46766,0.24800,1,0.00000,6.19583,1,0
20260527-233239-sentence-script-a-coiled-chromosome-fibe-a410db,3482,59.924,2,0,1,repair,repair,1.00000,9.08694,-9.08694,0.00000,0.00000,9.08694,0.00000,0.00000,0.00009,0.05851,0.72000,0.13000,0.00000,10,13,24,14,504,456,9,558,9.16694,-0.32176,-0.42032,1,9.16694,-0.48730,-0.20690,1,0.00000,6.49583,1,0
