run_id,wall_time_s,sim_time_s,frame,dt,round_index,paused,ai_enabled,ai_mode,ai_mode_time,ai_stagnation_time,ai_completion_countdown_s,external_free,released,captured,near_membrane,particle_count,mean_particle_speed,active_pits,captured_per_pit,vesicle_count,drifting_vesicles,moving_vesicles,endocytosis_vesicles,internal_vesicles,active_events,motion_score,swirl_strength,diffusion_boost,selected_vesicle_index,selected_x,selected_y,selected_z,selected_state,selected_origin,first_particle_x,first_particle_y,first_particle_z,cell_radius,world_radius
20260526-201238-sentence-script-a-cell-sphere-with-many-90bfd7,0.0033,0.001,1,0.001,1,0,1,ARTIST,0.001,0.0,,80,0,2,16,82,0.106489,1,2.0,8,8,0,0,8,0,0.009236,0.45,0.0,0,-1.10523,0.67568,1.67032,drift,internal,-0.53552,2.16939,-4.77507,3.15,7.6
20260526-201238-sentence-script-a-cell-sphere-with-many-90bfd7,0.2054,0.2031,18,0.01191,1,0,1,ARTIST,0.2031,0.0,,80,0,2,14,82,0.163601,1,2.0,8,8,0,0,8,0,0.165342,0.45,0.0,0,-1.09919,0.66497,1.66972,drift,internal,-0.52051,2.21595,-4.78389,3.15,7.6
20260526-201238-sentence-script-a-cell-sphere-with-many-90bfd7,0.408,0.4058,35,0.01181,1,0,1,ARTIST,0.4058,0.0,,80,0,2,13,82,0.18956,1,2.0,8,8,0,0,8,0,0.190606,0.45,0.0,0,-1.09226,0.65911,1.67466,drift,internal,-0.50115,2.26523,-4.78882,3.15,7.6
20260526-201238-sentence-script-a-cell-sphere-with-many-90bfd7,0.6107,0.6085,52,0.01204,1,0,1,ARTIST,0.6085,0.0,,80,0,2,13,82,0.200348,1,2.0,8,8,0,0,8,0,0.206293,0.45,0.0,0,-1.09143,0.65255,1.68306,drift,internal,-0.48166,2.31408,-4.7867,3.15,7.6
20260526-201238-sentence-script-a-cell-sphere-with-many-90bfd7,0.8201,0.818,67,0.01647,1,0,1,ARTIST,0.818,0.0,,80,0,2,13,82,0.219589,1,2.0,8,8,0,0,8,0,0.309103,0.45,0.0,0,-1.08872,0.63761,1.69347,drift,internal,-0.45474,2.36281,-4.78247,3.15,7.6
20260526-201238-sentence-script-a-cell-sphere-with-many-90bfd7,1.0306,1.0285,80,0.01601,1,0,1,ARTIST,1.0285,0.0,,80,0,2,12,82,0.237383,1,2.0,8,8,0,0,8,0,0.326527,0.45,0.0,0,-1.08452,0.62254,1.70526,drift,internal,-0.42567,2.40602,-4.78117,3.15,7.6
20260526-201238-sentence-script-a-cell-sphere-with-many-90bfd7,1.238,1.2357,93,0.01595,1,0,1,ARTIST,1.2357,0.0,,80,0,2,12,82,0.241436,1,2.0,8,8,0,0,8,0,0.334167,0.45,0.0,0,-1.07458,0.60443,1.72103,drift,internal,-0.4079,2.45471,-4.77149,3.15,7.6
20260526-201238-sentence-script-a-cell-sphere-with-many-90bfd7,1.447,1.4449,106,0.01601,1,0,1,ARTIST,1.4449,0.0,,80,0,2,12,82,0.246379,1,2.0,8,8,0,0,8,0,0.34126,0.45,0.0,0,-1.06248,0.58116,1.73779,drift,internal,-0.38756,2.50208,-4.77586,3.15,7.6
20260526-201238-sentence-script-a-cell-sphere-with-many-90bfd7,1.6538,1.6515,119,0.01583,1,0,1,ARTIST,1.6515,0.0,,80,0,2,12,82,0.245669,1,2.0,8,8,0,0,8,0,0.33844,0.45,0.0,0,-1.05405,0.55762,1.75537,drift,internal,-0.37406,2.54994,-4.79223,3.15,7.6
20260526-201238-sentence-script-a-cell-sphere-with-many-90bfd7,1.8719,1.8684,132,0.01739,1,0,1,ARTIST,1.8684,0.0,,80,0,2,12,82,0.263963,1,2.0,8,8,0,0,8,0,0.400382,0.45,0.0,0,-1.05041,0.53031,1.78351,drift,internal,-0.38345,2.58951,-4.80823,3.15,7.6
20260526-201238-sentence-script-a-cell-sphere-with-many-90bfd7,2.077,2.0748,144,0.01739,1,0,1,ARTIST,2.0748,0.0,,80,0,2,12,82,0.262984,1,2.0,8,7,1,0,8,0,0.399746,0.45,0.0,0,-1.04079,0.50955,1.8134,drift,internal,-0.39688,2.61347,-4.80773,3.15,7.6
20260526-201238-sentence-script-a-cell-sphere-with-many-90bfd7,2.2786,2.2763,154,0.01888,1,0,1,ARTIST,2.2763,0.0,,80,0,2,12,82,0.26432,1,2.0,8,7,1,0,8,0,0.440065,0.45,0.0,0,-1.03425,0.49068,1.84294,drift,internal,-0.41522,2.64189,-4.80763,3.15,7.6
20260526-201238-sentence-script-a-cell-sphere-with-many-90bfd7,2.4867,2.4843,164,0.02252,1,0,1,ARTIST,2.4843,0.0,,80,0,2,12,82,0.263001,1,2.0,8,7,1,0,8,0,0.527376,0.45,0.0,0,-1.02519,0.46827,1.86154,drift,internal,-0.42308,2.67226,-4.81858,3.15,7.6
20260526-201238-sentence-script-a-cell-sphere-with-many-90bfd7,2.7021,2.6936,173,0.02172,1,0,1,ARTIST,2.6936,0.0,,80,0,2,12,82,0.263244,1,2.0,8,7,1,0,8,0,0.51404,0.45,0.0,0,-1.01578,0.44708,1.88626,drift,internal,-0.42824,2.71008,-4.83287,3.15,7.6
20260526-201238-sentence-script-a-cell-sphere-with-many-90bfd7,2.9123,2.9093,184,0.01654,1,0,1,ARTIST,2.9093,0.0,,80,0,2,10,82,0.259991,1,2.0,8,7,1,0,8,0,0.38934,0.45,0.0,0,-0.99941,0.42313,1.91348,drift,internal,-0.42899,2.7442,-4.85464,3.15,7.6
20260526-201238-sentence-script-a-cell-sphere-with-many-90bfd7,3.127,3.1236,197,0.01651,1,0,1,ARTIST,3.1236,0.0,,80,0,2,10,82,0.273189,1,2.0,8,7,1,0,8,0,0.407704,0.45,0.0,0,-0.98079,0.39655,1.92674,drift,internal,-0.43474,2.751,-4.85271,3.15,7.6
20260526-201238-sentence-script-a-cell-sphere-with-many-90bfd7,3.3324,3.3302,210,0.01565,1,0,1,ARTIST,3.3302,0.0,,80,0,2,10,82,0.266913,1,2.0,8,7,1,0,8,0,0.380358,0.45,0.0,0,-0.96486,0.36637,1.93263,drift,internal,-0.43225,2.74757,-4.84722,3.15,7.6
20260526-201238-sentence-script-a-cell-sphere-with-many-90bfd7,3.5339,3.5318,223,0.01534,1,0,1,ARTIST,3.5318,0.0,,80,0,2,9,82,0.275224,1,2.0,8,7,1,0,8,0,0.385715,0.45,0.0,0,-0.94715,0.33597,1.93633,drift,internal,-0.43003,2.74517,-4.85583,3.15,7.6
20260526-201238-sentence-script-a-cell-sphere-with-many-90bfd7,3.7484,3.745,237,0.01539,1,0,1,ARTIST,3.745,0.0,,80,0,2,10,82,0.266734,1,2.0,8,7,1,0,8,0,0.376928,0.45,0.0,0,-0.91859,0.3072,1.93776,drift,internal,-0.44296,2.73475,-4.85749,3.15,7.6
20260526-201238-sentence-script-a-cell-sphere-with-many-90bfd7,3.9603,3.9582,250,0.01678,1,0,1,ARTIST,3.9582,0.0,,80,0,2,10,82,0.277546,1,2.0,8,7,1,0,8,0,0.428897,0.45,0.0,0,-0.88729,0.28662,1.94027,drift,internal,-0.46202,2.73358,-4.85879,3.15,7.6
20260526-201238-sentence-script-a-cell-sphere-with-many-90bfd7,4.1639,4.1614,262,0.01702,1,0,1,ARTIST,4.1614,0.0,,80,30,2,40,112,0.469803,2,1.0,7,7,0,0,7,3,0.915832,0.45,0.0,0,-0.8546,0.27325,1.94119,drift,internal,-0.4691,2.73665,-4.8579,3.15,7.6
20260526-201238-sentence-script-a-cell-sphere-with-many-90bfd7,4.3718,4.3693,274,0.01738,1,0,1,ARTIST,4.3693,0.0,,80,30,2,39,112,0.44588,2,1.0,7,7,0,0,7,3,0.887266,0.45,0.0,0,-0.81811,0.25891,1.95132,drift,internal,-0.47676,2.73849,-4.84752,3.15,7.6
20260526-201238-sentence-script-a-cell-sphere-with-many-90bfd7,4.5809,4.577,286,0.01728,1,0,1,ARTIST,4.577,0.0,,80,30,2,33,112,0.432277,2,1.0,7,7,0,0,7,3,0.857922,0.45,0.0,0,-0.7746,0.25139,1.96031,drift,internal,-0.48041,2.74823,-4.84862,3.15,7.6
20260526-201238-sentence-script-a-cell-sphere-with-many-90bfd7,4.7905,4.7878,298,0.01758,1,0,1,ARTIST,4.7878,0.0,,80,30,2,22,112,0.42252,2,1.0,7,7,0,0,7,3,0.856119,0.45,0.0,0,-0.72394,0.23926,1.96408,drift,internal,-0.48442,2.74934,-4.86727,3.15,7.6
20260526-201238-sentence-script-a-cell-sphere-with-many-90bfd7,4.9989,4.9901,310,0.01587,1,0,1,ARTIST,4.9901,0.0,,80,30,2,14,112,0.409944,2,1.0,7,7,0,0,7,3,0.752151,0.45,0.0,0,-0.67287,0.22431,1.96299,drift,internal,-0.49404,2.75702,-4.90024,3.15,7.6
20260526-201238-sentence-script-a-cell-sphere-with-many-90bfd7,5.2064,5.1996,323,0.01608,1,0,1,ARTIST,5.1996,0.0,,80,30,2,12,112,0.385411,2,1.0,7,7,0,0,7,0,0.719448,0.45,0.0,0,-0.62333,0.20575,1.96503,drift,internal,-0.5118,2.7736,-4.94457,3.15,7.6
20260526-201238-sentence-script-a-cell-sphere-with-many-90bfd7,5.4086,5.406,336,0.01603,1,0,1,ARTIST,5.406,0.0,,80,30,2,11,112,0.370685,2,1.0,7,7,0,0,7,0,0.690745,0.45,0.0,0,-0.57436,0.18534,1.96536,drift,internal,-0.52853,2.79433,-4.96355,3.15,7.6
20260526-201238-sentence-script-a-cell-sphere-with-many-90bfd7,5.6104,5.6079,349,0.0152,1,0,1,ARTIST,5.6079,0.0,,80,30,2,10,112,0.360636,2,1.0,7,7,0,0,7,0,0.6374,0.45,0.0,0,-0.52709,0.16299,1.96831,drift,internal,-0.54714,2.81757,-4.98292,3.15,7.6
20260526-201238-sentence-script-a-cell-sphere-with-many-90bfd7,5.8151,5.8126,362,0.02496,1,0,1,ARTIST,5.8126,0.0,,80,30,2,10,112,0.342485,2,1.0,7,7,0,0,7,0,0.998317,0.45,0.0,0,-0.47656,0.1474,1.9717,drift,internal,-0.57246,2.83466,-5.00547,3.15,7.6
20260526-201238-sentence-script-a-cell-sphere-with-many-90bfd7,6.0184,6.0158,376,0.01303,1,0,1,ARTIST,6.0158,0.0,,80,30,2,10,112,0.342096,2,1.0,7,6,1,0,7,0,0.521255,0.45,0.0,0,-0.42209,0.13303,1.9827,drift,internal,-0.6137,2.84102,-5.01679,3.15,7.6
20260526-201238-sentence-script-a-cell-sphere-with-many-90bfd7,6.2216,6.2191,393,0.01138,1,0,1,ARTIST,6.2191,0.0,,80,30,2,11,112,0.331634,2,1.0,7,6,1,0,7,0,0.443705,0.45,0.0,0,-0.3603,0.11353,1.9975,drift,internal,-0.66335,2.84533,-5.03349,3.15,7.6
20260526-201238-sentence-script-a-cell-sphere-with-many-90bfd7,6.4247,6.4222,412,0.01024,1,0,1,ARTIST,6.4222,0.0,,80,30,2,11,112,0.320792,2,1.0,7,6,1,0,7,0,0.38987,0.45,0.0,0,-0.29304,0.08793,2.01896,drift,internal,-0.7081,2.84647,-5.04127,3.15,7.6
20260526-201238-sentence-script-a-cell-sphere-with-many-90bfd7,6.6355,6.6329,428,0.01634,1,0,1,ARTIST,6.6329,0.0,,80,30,2,11,112,0.315616,2,1.0,7,6,1,0,7,0,0.615333,0.45,0.0,0,-0.2298,0.06536,2.04146,drift,internal,-0.74701,2.83676,-5.03595,3.15,7.6
20260526-201238-sentence-script-a-cell-sphere-with-many-90bfd7,6.8526,6.843,441,0.01601,1,0,1,ARTIST,6.843,0.0,,80,30,2,10,112,0.308877,2,1.0,7,6,1,0,7,0,0.593853,0.45,0.0,0,-0.1675,0.04561,2.07066,drift,internal,-0.79767,2.82118,-5.02868,3.15,7.6
20260526-201238-sentence-script-a-cell-sphere-with-many-90bfd7,7.0576,7.053,454,0.01596,1,0,1,ARTIST,7.053,0.0,,80,30,2,10,112,0.301359,2,1.0,7,6,1,0,7,0,0.581577,0.45,0.0,0,-0.10365,0.02048,2.09412,drift,internal,-0.84017,2.79105,-5.01862,3.15,7.6
20260526-201238-sentence-script-a-cell-sphere-with-many-90bfd7,7.2707,7.2598,467,0.01587,1,0,1,ARTIST,7.2598,0.0,,80,30,2,10,112,0.297217,2,1.0,7,6,1,0,7,0,0.573218,0.45,0.0,0,-0.04114,-0.00369,2.12373,drift,internal,-0.8688,2.7545,-5.01523,3.15,7.6
20260526-201238-sentence-script-a-cell-sphere-with-many-90bfd7,7.4717,7.4692,480,0.01599,1,0,1,ARTIST,7.4692,0.0,,80,30,2,9,112,0.301856,2,1.0,7,6,1,0,7,0,0.586158,0.45,0.0,0,0.01971,-0.02924,2.15076,drift,internal,-0.87661,2.71077,-5.01802,3.15,7.6
20260526-201238-sentence-script-a-cell-sphere-with-many-90bfd7,7.673,7.6705,492,0.01685,1,0,1,ARTIST,7.6705,0.0,,80,30,2,8,112,0.301063,2,1.0,7,6,1,0,7,0,0.619774,0.45,0.0,0,0.08618,-0.05267,2.17362,drift,internal,-0.8856,2.66782,-5.0178,3.15,7.6
20260526-201238-sentence-script-a-cell-sphere-with-many-90bfd7,7.8793,7.8756,504,0.01768,1,0,1,ARTIST,7.8756,0.0,,80,30,2,8,112,0.294752,2,1.0,7,6,1,0,7,0,0.640357,0.45,0.0,0,0.14917,-0.07797,2.19544,drift,internal,-0.90423,2.61526,-5.01107,3.15,7.6
20260526-201238-sentence-script-a-cell-sphere-with-many-90bfd7,8.0825,8.08,516,0.01694,1,0,1,ARTIST,8.08,0.0,,79,30,3,8,112,0.27809,3,1.0,7,6,1,0,7,0,0.584473,0.45,0.0,0,0.20845,-0.09939,2.22505,drift,internal,-0.92738,2.54352,-5.00843,3.15,7.6
20260526-201238-sentence-script-a-cell-sphere-with-many-90bfd7,8.2888,8.2862,528,0.01714,1,0,1,ARTIST,8.2862,0.0,,79,30,3,7,112,0.278254,3,1.0,7,6,1,0,7,0,0.595109,0.45,0.0,0,0.26849,-0.13013,2.26029,drift,internal,-0.95457,2.4618,-5.0038,3.15,7.6
20260526-201238-sentence-script-a-cell-sphere-with-many-90bfd7,8.4939,8.4913,540,0.01704,1,0,1,ARTIST,8.4913,0.0,,79,30,1,8,110,0.281334,2,0.5,8,7,1,1,7,1,0.591066,0.45,0.0,0,0.32973,-0.16653,2.30055,drift,internal,-0.98922,2.36688,-5.00772,3.15,7.6
20260526-201238-sentence-script-a-cell-sphere-with-many-90bfd7,8.6983,8.6956,552,0.01709,1,0,1,ARTIST,8.6956,0.0,,79,40,1,18,120,0.344236,2,0.5,7,7,0,1,6,2,0.736679,0.45,0.0,0,0.39237,-0.21211,2.33874,drift,internal,-1.02187,2.27412,-5.00963,3.15,7.6
20260526-201238-sentence-script-a-cell-sphere-with-many-90bfd7,8.9041,8.9017,564,0.01713,1,0,1,ARTIST,8.9017,0.0,,79,40,1,19,120,0.332769,2,0.5,7,7,0,1,6,2,0.715813,0.45,0.0,0,0.45698,-0.26025,2.37431,drift,internal,-1.05933,2.16538,-4.99728,3.15,7.6
20260526-201238-sentence-script-a-cell-sphere-with-many-90bfd7,9.1116,9.1091,576,0.01727,1,0,1,ARTIST,9.1091,0.0,,79,40,1,19,120,0.329832,2,0.5,7,7,0,1,6,2,0.71378,0.45,0.0,0,0.51733,-0.30785,2.40824,drift,internal,-1.0992,2.05898,-4.96353,3.15,7.6
20260526-201238-sentence-script-a-cell-sphere-with-many-90bfd7,9.3182,9.3154,588,0.01715,1,0,1,ARTIST,9.3154,0.0,,79,40,1,14,120,0.328491,1,1.0,8,8,0,2,6,2,0.704583,0.45,0.0,0,0.57191,-0.35106,2.43903,drift,internal,-1.12818,1.93937,-4.9202,3.15,7.6
20260526-201238-sentence-script-a-cell-sphere-with-many-90bfd7,9.5273,9.5246,600,0.0174,1,0,1,CHAOS,0.0174,0.0,,79,40,1,13,120,0.328664,1,1.0,13,13,0,7,6,7,0.72058,1.6,0.9,0,0.62434,-0.39854,2.47062,drift,internal,-1.15191,1.82778,-4.87381,3.15,7.6
20260526-201238-sentence-script-a-cell-sphere-with-many-90bfd7,9.7309,9.7255,612,0.01594,1,0,1,CHAOS,0.2183,0.0,,79,40,1,12,120,0.38526,1,1.0,13,13,0,7,6,7,0.776631,1.6,0.9,0,0.68255,-0.44571,2.49921,drift,internal,-1.16761,1.74339,-4.86346,3.15,7.6
20260526-201238-sentence-script-a-cell-sphere-with-many-90bfd7,9.9555,9.9424,626,0.01503,1,0,1,CHAOS,0.4352,0.0,,79,40,1,12,120,0.419501,1,1.0,13,13,0,7,6,6,0.801579,1.6,0.9,0,0.75894,-0.49576,2.52459,drift,internal,-1.20227,1.67438,-4.83249,3.15,7.6
20260526-201238-sentence-script-a-cell-sphere-with-many-90bfd7,10.157,10.1544,640,0.01475,1,0,1,CHAOS,0.6472,0.0,,79,40,1,11,120,0.45764,1,1.0,13,13,0,7,6,0,0.862447,1.6,0.9,0,0.84082,-0.54571,2.5365,drift,internal,-1.26237,1.59541,-4.76958,3.15,7.6
20260526-201238-sentence-script-a-cell-sphere-with-many-90bfd7,10.3629,10.3603,654,0.0148,1,0,1,CHAOS,0.8532,0.0,,79,40,1,11,120,0.526954,1,1.0,13,13,0,7,6,0,0.995943,1.6,0.9,0,0.9014,-0.57779,2.47908,drift,internal,-1.28493,1.48114,-4.6985,3.15,7.6
20260526-201238-sentence-script-a-cell-sphere-with-many-90bfd7,10.5673,10.5644,667,0.01677,1,0,1,CHAOS,1.0572,0.0,,79,40,1,11,120,0.577735,2,0.5,13,13,0,7,6,0,1.239955,1.6,0.9,0,0.97074,-0.61019,2.42541,drift,internal,-1.33822,1.36043,-4.58627,3.15,7.6
20260526-201238-sentence-script-a-cell-sphere-with-many-90bfd7,10.7731,10.7704,679,0.01729,1,0,1,CHAOS,1.2632,0.0,,79,40,1,10,120,0.616617,2,0.5,13,13,0,7,6,0,1.365001,1.6,0.9,0,1.05359,-0.64346,2.37114,drift,internal,-1.40361,1.22578,-4.48025,3.15,7.6
20260526-201238-sentence-script-a-cell-sphere-with-many-90bfd7,10.9793,10.9766,691,0.0171,1,0,1,CHAOS,1.4694,0.0,,79,40,1,10,120,0.614415,2,0.5,13,13,0,7,6,0,1.350633,1.6,0.9,0,1.13845,-0.67021,2.31352,drift,internal,-1.47044,1.10524,-4.38447,3.15,7.6
20260526-201238-sentence-script-a-cell-sphere-with-many-90bfd7,11.1873,11.1845,703,0.01728,1,0,1,CHAOS,1.6774,0.0,,79,40,1,9,120,0.624533,2,0.5,13,13,0,7,6,0,1.392145,1.6,0.9,0,1.23276,-0.69729,2.2548,drift,internal,-1.5511,0.95179,-4.2655,3.15,7.6
20260526-201238-sentence-script-a-cell-sphere-with-many-90bfd7,11.3911,11.3812,714,0.01727,1,0,1,CHAOS,1.874,0.0,,79,40,1,10,120,0.630042,2,0.5,13,12,1,7,6,0,1.407574,1.6,0.9,0,1.33037,-0.7231,2.19957,drift,internal,-1.6279,0.7859,-4.15612,3.15,7.6
20260526-201238-sentence-script-a-cell-sphere-with-many-90bfd7,11.5913,11.5886,726,0.01674,1,0,1,CHAOS,2.0814,0.0,,79,40,1,11,120,0.623583,2,0.5,13,12,1,7,6,0,1.355647,1.6,0.9,0,1.44152,-0.7523,2.13967,drift,internal,-1.70772,0.62241,-4.08792,3.15,7.6
20260526-201238-sentence-script-a-cell-sphere-with-many-90bfd7,11.7932,11.7906,738,0.01717,1,0,1,CHAOS,2.2834,0.0,,79,40,1,11,120,0.626852,2,0.5,13,12,1,7,6,0,1.399942,1.6,0.9,0,1.55377,-0.77482,2.08632,drift,internal,-1.77989,0.42038,-4.02448,3.15,7.6
20260526-201238-sentence-script-a-cell-sphere-with-many-90bfd7,11.9989,11.9963,750,0.01708,1,0,1,CHAOS,2.4891,0.0,,79,40,1,11,120,0.625643,2,0.5,13,12,1,7,6,0,1.392677,1.6,0.9,0,1.65049,-0.77792,2.00648,drift,internal,-1.85192,0.22719,-3.9597,3.15,7.6
20260526-201238-sentence-script-a-cell-sphere-with-many-90bfd7,12.2067,12.2028,762,0.01736,1,0,1,CHAOS,2.6956,0.0,,79,40,1,10,120,0.626054,2,0.5,13,12,1,7,6,0,1.421852,1.6,0.9,0,1.73833,-0.77041,1.90459,drift,internal,-1.93483,0.03442,-3.94089,3.15,7.6
20260526-201238-sentence-script-a-cell-sphere-with-many-90bfd7,12.4132,12.4106,774,0.01723,1,0,1,CHAOS,2.9034,0.0,,79,40,1,8,120,0.62147,2,0.5,14,13,1,7,7,0,1.408193,1.6,0.9,0,1.82476,-0.7644,1.80192,drift,internal,-2.0592,-0.13133,-3.94683,3.15,7.6
20260526-201238-sentence-script-a-cell-sphere-with-many-90bfd7,12.6186,12.6159,786,0.01668,1,0,1,CHAOS,3.1087,0.0,,79,40,1,7,120,0.640364,2,0.5,14,13,1,7,7,0,1.40647,1.6,0.9,0,1.91086,-0.76006,1.6968,drift,internal,-2.22566,-0.29502,-3.93348,3.15,7.6
20260526-201238-sentence-script-a-cell-sphere-with-many-90bfd7,12.8204,12.8179,798,0.01683,1,0,1,CHAOS,3.3107,0.0,,79,40,1,7,120,0.647649,2,0.5,14,13,1,7,7,0,1.439609,1.6,0.9,0,1.99828,-0.75689,1.58902,drift,internal,-2.39652,-0.4395,-3.88179,3.15,7.6
20260526-201238-sentence-script-a-cell-sphere-with-many-90bfd7,13.0267,13.0229,810,0.01707,1,0,1,CHAOS,3.5157,0.0,,79,40,1,7,120,0.661147,2,0.5,14,13,1,7,7,0,1.491039,1.6,0.9,0,2.08713,-0.74648,1.47337,drift,internal,-2.55261,-0.60845,-3.80843,3.15,7.6
20260526-201238-sentence-script-a-cell-sphere-with-many-90bfd7,13.2326,13.2294,822,0.01742,1,0,1,CHAOS,3.7222,0.0,,79,40,0,5,119,0.684834,2,0.0,25,24,1,18,7,11,1.571499,1.6,0.9,0,2.1832,-0.73599,1.35866,drift,internal,-2.67263,-0.76061,-3.73347,3.15,7.6
20260526-201238-sentence-script-a-cell-sphere-with-many-90bfd7,13.4437,13.4407,834,0.01802,1,0,1,CHAOS,3.9335,0.0,,79,40,0,6,119,0.686082,2,0.0,25,24,1,18,7,11,1.638711,1.6,0.9,0,2.28925,-0.72601,1.23082,drift,internal,-2.7737,-0.91902,-3.6257,3.15,7.6
20260526-201238-sentence-script-a-cell-sphere-with-many-90bfd7,13.655,13.6515,846,0.0167,1,0,1,CHAOS,4.1443,0.0,,79,40,0,7,119,0.658222,2,0.0,25,24,1,18,7,11,1.475265,1.6,0.9,0,2.39549,-0.70906,1.0943,drift,internal,-2.86548,-1.05944,-3.54702,3.15,7.6
20260526-201238-sentence-script-a-cell-sphere-with-many-90bfd7,13.863,13.8567,858,0.01698,1,0,1,CHAOS,4.3495,0.0,,79,40,0,6,119,0.662479,2,0.0,25,24,1,18,7,6,1.519481,1.6,0.9,0,2.45154,-0.674,0.93646,drift,internal,-2.93122,-1.16141,-3.4228,3.15,7.6
20260526-201238-sentence-script-a-cell-sphere-with-many-90bfd7,14.0663,14.0637,870,0.01725,1,0,1,CHAOS,4.5565,0.0,,79,40,0,6,119,0.678807,2,0.0,25,23,2,18,7,0,1.58881,1.6,0.9,0,2.51149,-0.64549,0.78616,drift,internal,-2.97786,-1.26103,-3.30754,3.15,7.6
20260526-201238-sentence-script-a-cell-sphere-with-many-90bfd7,14.2804,14.2682,882,0.01675,1,0,1,CHAOS,4.7611,0.0,,79,40,0,7,119,0.677562,2,0.0,25,23,2,18,7,0,1.553765,1.6,0.9,0,2.57606,-0.62472,0.64206,drift,internal,-2.96985,-1.34882,-3.22753,3.15,7.6
20260526-201238-sentence-script-a-cell-sphere-with-many-90bfd7,14.4922,14.4888,895,0.01686,1,0,1,CHAOS,4.9816,0.0,,79,70,0,37,149,0.740514,2,0.0,24,23,1,18,6,3,2.06222,1.6,0.9,0,2.59995,-0.5875,0.46959,drift,internal,-2.93184,-1.45063,-3.19419,3.15,7.6
20260526-201238-sentence-script-a-cell-sphere-with-many-90bfd7,14.7081,14.6964,907,0.01691,1,0,1,CHAOS,5.1892,0.0,,79,92,0,58,171,0.76889,2,0.0,24,23,1,18,6,10,2.437781,1.6,0.9,0,2.62867,-0.55069,0.30533,drift,internal,-2.90196,-1.53894,-3.12959,3.15,7.6
20260526-201238-sentence-script-a-cell-sphere-with-many-90bfd7,14.9355,14.92,920,0.01712,1,0,1,CHAOS,5.4128,0.0,,79,92,0,58,171,0.772648,3,0.0,24,23,1,18,6,10,2.487559,1.6,0.9,0,2.65628,-0.51268,0.12589,drift,internal,-2.89626,-1.64152,-3.08697,3.15,7.6
20260526-201238-sentence-script-a-cell-sphere-with-many-90bfd7,15.1359,15.1323,932,0.01741,1,0,1,CHAOS,5.6251,0.0,,79,92,0,37,171,0.752116,3,0.0,24,23,1,18,6,10,2.478884,1.6,0.9,0,2.68369,-0.47582,-0.05371,drift,internal,-2.92452,-1.751,-3.05173,3.15,7.6
20260526-201238-sentence-script-a-cell-sphere-with-many-90bfd7,15.3364,15.3327,943,0.01739,1,0,1,CHAOS,5.8256,0.0,,79,92,0,21,171,0.738636,3,0.0,24,23,1,18,6,10,2.441244,1.6,0.9,0,2.67274,-0.43204,-0.22457,drift,internal,-2.93014,-1.84827,-3.02755,3.15,7.6
20260526-201238-sentence-script-a-cell-sphere-with-many-90bfd7,15.5466,15.543,955,0.01743,1,0,1,CHAOS,6.0358,0.0,,79,92,0,12,171,0.716649,3,0.0,24,23,1,18,6,10,2.382281,1.6,0.9,0,2.65095,-0.38968,-0.40615,drift,internal,-2.94471,-1.98272,-3.0226,3.15,7.6
20260526-201238-sentence-script-a-cell-sphere-with-many-90bfd7,15.7542,15.7507,967,0.01665,1,0,1,CHAOS,6.2436,0.0,,79,92,0,8,171,0.709514,3,0.0,23,22,1,17,6,3,2.234386,1.6,0.9,0,2.62238,-0.34767,-0.58269,drift,internal,-2.96372,-2.08471,-2.97289,3.15,7.6
20260526-201238-sentence-script-a-cell-sphere-with-many-90bfd7,15.9614,15.9573,979,0.01717,1,0,1,CHAOS,6.4501,0.0,,79,92,0,8,171,0.690247,2,0.0,32,31,1,26,6,12,2.266235,1.6,0.9,0,2.59024,-0.29699,-0.75478,drift,internal,-3.02601,-2.18461,-2.93039,3.15,7.6
20260526-201238-sentence-script-a-cell-sphere-with-many-90bfd7,16.1798,16.1664,991,0.0173,1,0,1,CHAOS,6.6592,0.0,,79,92,0,8,171,0.675128,2,0.0,35,34,1,29,6,15,2.25749,1.6,0.9,0,2.55299,-0.24041,-0.92471,drift,internal,-3.06811,-2.25526,-2.88516,3.15,7.6
20260526-201238-sentence-script-a-cell-sphere-with-many-90bfd7,16.3918,16.3778,1003,0.01749,1,0,1,CHAOS,6.8706,0.0,,79,92,0,8,171,0.671342,2,0.0,35,34,1,29,6,15,2.290171,1.6,0.9,0,2.4834,-0.17677,-1.08261,drift,internal,-3.10415,-2.36174,-2.83192,3.15,7.6
20260526-201238-sentence-script-a-cell-sphere-with-many-90bfd7,16.5984,16.5946,1015,0.01776,1,0,1,CHAOS,7.0874,0.0,,79,92,0,8,171,0.656861,3,0.0,35,34,1,29,6,12,2.301527,1.6,0.9,0,2.411,-0.10571,-1.24938,drift,internal,-3.17406,-2.50232,-2.73229,3.15,7.6
20260526-201238-sentence-script-a-cell-sphere-with-many-90bfd7,16.8089,16.8048,1027,0.0164,1,0,1,CHAOS,7.2977,0.0,,79,92,0,7,171,0.647822,3,0.0,35,34,1,29,6,0,2.112864,1.6,0.9,0,2.32839,-0.03695,-1.41111,drift,internal,-3.28333,-2.63697,-2.60552,3.15,7.6
20260526-201238-sentence-script-a-cell-sphere-with-many-90bfd7,17.0235,17.0202,1040,0.01639,1,0,1,CHAOS,7.513,0.0,,79,92,0,8,171,0.651246,3,0.0,35,34,1,29,6,0,2.132402,1.6,0.9,0,2.21831,0.02101,-1.57525,drift,internal,-3.41059,-2.76923,-2.46419,3.15,7.6
20260526-201238-sentence-script-a-cell-sphere-with-many-90bfd7,17.2401,17.2354,1053,0.01623,1,0,1,CHAOS,7.7282,0.0,,79,92,0,9,171,0.650268,3,0.0,35,34,1,29,6,0,2.121688,1.6,0.9,0,2.10558,0.07854,-1.73033,drift,internal,-3.54989,-2.89821,-2.35584,3.15,7.6
20260526-201238-sentence-script-a-cell-sphere-with-many-90bfd7,17.453,17.4495,1066,0.01629,1,0,1,CHAOS,7.9423,0.0,,79,92,0,9,171,0.650022,4,0.0,35,34,1,29,6,0,2.134618,1.6,0.9,0,1.97624,0.13292,-1.86122,drift,internal,-3.67758,-3.0074,-2.32721,3.15,7.6
20260526-201238-sentence-script-a-cell-sphere-with-many-90bfd7,17.6664,17.663,1079,0.01627,1,0,1,CHAOS,8.1558,0.0,,79,92,0,9,171,0.641766,4,0.0,35,34,1,29,6,0,2.114717,1.6,0.9,0,1.84028,0.18775,-1.98783,drift,internal,-3.77284,-3.09202,-2.30708,3.15,7.6
20260526-201238-sentence-script-a-cell-sphere-with-many-90bfd7,17.8704,17.8656,1091,0.01686,1,0,1,CHAOS,8.3584,0.0,,79,92,0,8,171,0.617047,4,0.0,35,34,1,29,6,0,2.121097,1.6,0.9,0,1.70532,0.23768,-2.09993,drift,internal,-3.84093,-3.1614,-2.29126,3.15,7.6
20260526-201238-sentence-script-a-cell-sphere-with-many-90bfd7,18.0764,18.0729,1103,0.01735,1,0,1,CHAOS,8.5657,0.0,,79,92,0,9,171,0.620916,4,0.0,35,34,1,29,6,0,2.192235,1.6,0.9,0,1.56536,0.29078,-2.21068,drift,internal,-3.85747,-3.24603,-2.29619,3.15,7.6
20260526-201238-sentence-script-a-cell-sphere-with-many-90bfd7,18.2908,18.2858,1115,0.01776,1,0,1,CHAOS,8.7786,0.0,,79,92,0,9,171,0.605543,4,0.0,35,33,2,29,6,0,2.201956,1.6,0.9,0,1.41115,0.34073,-2.30434,drift,internal,-3.86473,-3.30606,-2.28752,3.15,7.6
20260526-201238-sentence-script-a-cell-sphere-with-many-90bfd7,18.5039,18.5005,1127,0.01784,1,0,1,CHAOS,8.9933,0.0,,79,92,0,9,171,0.596877,4,0.0,35,33,2,29,6,0,2.192174,1.6,0.9,0,1.25294,0.39618,-2.38707,drift,internal,-3.87578,-3.33259,-2.25988,3.15,7.6
20260526-201238-sentence-script-a-cell-sphere-with-many-90bfd7,18.7206,18.7168,1139,0.01811,1,0,1,CHAOS,9.2096,0.0,,79,92,0,9,171,0.594231,4,0.0,35,33,2,29,6,0,2.222212,1.6,0.9,0,1.07882,0.46065,-2.45228,drift,internal,-3.9284,-3.36662,-2.23248,3.15,7.6
20260526-201238-sentence-script-a-cell-sphere-with-many-90bfd7,18.9304,18.9252,1151,0.0171,1,0,1,CHAOS,9.418,0.0,,79,92,0,9,171,0.600884,3,0.0,39,37,2,33,6,4,2.128825,1.6,0.9,0,0.90354,0.52996,-2.51811,drift,internal,-3.95429,-3.41094,-2.1948,3.15,7.6
20260526-201238-sentence-script-a-cell-sphere-with-many-90bfd7,19.1404,19.1367,1163,0.01774,1,0,1,CHAOS,9.6295,0.0,,79,92,0,9,171,0.607646,4,0.0,44,42,2,38,6,9,2.246516,1.6,0.9,0,0.71021,0.58507,-2.55271,drift,internal,-3.95333,-3.46638,-2.12885,3.15,7.6
20260526-201238-sentence-script-a-cell-sphere-with-many-90bfd7,19.3571,19.3524,1175,0.01801,1,0,1,CHAOS,9.8452,0.0,,79,92,0,8,171,0.59707,3,0.0,49,47,2,43,6,14,2.278872,1.6,0.9,0,0.51337,0.64426,-2.59069,drift,internal,-3.94566,-3.47544,-2.0406,3.15,7.6
20260526-201238-sentence-script-a-cell-sphere-with-many-90bfd7,19.5592,19.5549,1186,0.01822,1,0,1,CHAOS,10.0477,0.0,,79,92,0,9,171,0.590306,3,0.0,52,50,2,46,6,17,2.323024,1.6,0.9,0,0.31389,0.69643,-2.61163,drift,internal,-3.96066,-3.48414,-1.95915,3.15,7.6
20260526-201238-sentence-script-a-cell-sphere-with-many-90bfd7,19.7671,19.7602,1197,0.01966,1,0,1,CHAOS,10.253,0.0,,79,92,0,10,171,0.606306,3,0.0,51,50,1,45,6,13,2.562215,1.6,0.9,0,0.10495,0.7337,-2.61465,drift,internal,-3.97285,-3.51322,-1.87054,3.15,7.6
20260526-201238-sentence-script-a-cell-sphere-with-many-90bfd7,19.9749,19.9695,1209,0.01408,1,0,1,CHAOS,10.4623,0.0,,79,92,0,9,171,0.599278,3,0.0,51,49,2,45,6,16,1.833357,1.6,0.9,0,-0.11233,0.76494,-2.61325,drift,internal,-4.01576,-3.52314,-1.81355,3.15,7.6
20260526-201238-sentence-script-a-cell-sphere-with-many-90bfd7,20.1827,20.1787,1226,0.01078,1,0,1,CHAOS,10.6715,0.0,,79,92,0,9,171,0.596141,3,0.0,51,49,2,45,6,8,1.41242,1.6,0.9,0,-0.32172,0.78802,-2.58071,drift,internal,-4.05125,-3.51864,-1.76908,3.15,7.6
20260526-201238-sentence-script-a-cell-sphere-with-many-90bfd7,20.3847,20.3811,1246,0.00908,1,0,1,CHAOS,10.8739,0.0,,79,92,0,9,171,0.617263,3,0.0,51,49,2,45,6,8,1.228738,1.6,0.9,0,-0.52287,0.80769,-2.54355,drift,internal,-4.11744,-3.53084,-1.74907,3.15,7.6
20260526-201238-sentence-script-a-cell-sphere-with-many-90bfd7,20.5894,20.5857,1265,0.01622,1,0,1,CHAOS,11.0785,0.0,,79,92,0,8,171,0.628208,3,0.0,51,49,2,45,6,8,2.238351,1.6,0.9,0,-0.729,0.82511,-2.48704,drift,internal,-4.19007,-3.5416,-1.74315,3.15,7.6
20260526-201238-sentence-script-a-cell-sphere-with-many-90bfd7,20.8169,20.7996,1278,0.01811,1,0,1,CHAOS,11.2924,0.0,,79,92,0,8,171,0.628269,3,0.0,60,58,2,54,6,17,2.514944,1.6,0.9,0,-0.93528,0.83741,-2.40885,drift,internal,-4.26365,-3.50316,-1.7201,3.15,7.6
20260526-201238-sentence-script-a-cell-sphere-with-many-90bfd7,21.0228,21.0177,1292,0.01564,1,0,1,CHAOS,11.5105,0.0,,79,92,0,8,171,0.618442,3,0.0,61,59,2,55,6,10,2.157446,1.6,0.9,0,-1.14985,0.84232,-2.32174,drift,internal,-4.33266,-3.44057,-1.68329,3.15,7.6
20260526-201238-sentence-script-a-cell-sphere-with-many-90bfd7,21.2243,21.204,1304,0.01472,1,0,1,BALANCE,0.0444,0.0,,79,92,0,8,171,0.602731,3,0.0,61,59,2,55,6,10,2.008408,1.547139,0.862286,0,-1.33079,0.8328,-2.22631,drift,internal,-4.40853,-3.36123,-1.62836,3.15,7.6
20260526-201238-sentence-script-a-cell-sphere-with-many-90bfd7,21.4292,21.4195,1318,0.01538,1,0,1,BALANCE,0.2599,0.0,,79,92,0,8,171,0.61746,2,0.0,69,67,2,63,6,16,2.15107,1.373482,0.740911,0,-1.53019,0.81546,-2.09721,drift,internal,-4.48724,-3.25621,-1.53502,3.15,7.6
20260526-201238-sentence-script-a-cell-sphere-with-many-90bfd7,21.6447,21.6407,1331,0.01734,1,0,1,BALANCE,0.4811,0.0,,79,92,0,8,171,0.610009,2,0.0,69,67,2,63,6,8,2.413165,1.215481,0.634058,0,-1.72089,0.78588,-1.95953,drift,internal,-4.52217,-3.14444,-1.51011,3.15,7.6
20260526-201238-sentence-script-a-cell-sphere-with-many-90bfd7,21.8522,21.8484,1343,0.01751,1,0,1,BALANCE,0.6888,0.0,,79,92,0,7,171,0.592564,2,0.0,69,67,2,63,6,8,2.392612,1.083689,0.547783,0,-1.87318,0.7467,-1.81175,drift,internal,-4.53164,-3.05023,-1.53141,3.15,7.6
20260526-201238-sentence-script-a-cell-sphere-with-many-90bfd7,22.0636,22.0585,1355,0.01763,1,0,1,BALANCE,0.8989,0.0,,79,92,0,7,171,0.568797,2,0.0,69,67,2,63,6,6,2.340664,0.964849,0.472411,0,-2.02184,0.70922,-1.66592,drift,internal,-4.5725,-2.97858,-1.56303,3.15,7.6
20260526-201238-sentence-script-a-cell-sphere-with-many-90bfd7,22.2651,22.2584,1366,0.02647,1,0,1,BALANCE,1.0989,0.0,,79,92,0,6,171,0.557014,2,0.0,69,67,2,63,6,0,3.446763,0.863897,0.410343,0,-2.14964,0.68038,-1.52709,drift,internal,-4.6113,-2.91552,-1.59615,3.15,7.6
20260526-201238-sentence-script-a-cell-sphere-with-many-90bfd7,22.4799,22.4638,1378,0.01679,1,0,1,BALANCE,1.3042,0.0,,79,92,0,6,171,0.540424,2,0.0,69,67,2,63,6,0,2.123655,0.771234,0.3551,0,-2.24988,0.64377,-1.3685,drift,internal,-4.68723,-2.86692,-1.6204,3.15,7.6
20260526-201238-sentence-script-a-cell-sphere-with-many-90bfd7,22.7027,22.684,1391,0.01648,1,0,1,BALANCE,1.5244,0.0,,79,92,0,6,171,0.514043,2,0.0,68,67,1,62,6,1,1.979868,0.682858,0.304084,0,-2.34772,0.60262,-1.20476,drift,internal,-4.76395,-2.83514,-1.63554,3.15,7.6
20260526-201238-sentence-script-a-cell-sphere-with-many-90bfd7,22.9061,22.9027,1404,0.01644,1,0,1,BALANCE,1.7431,0.0,,79,92,0,6,171,0.494646,2,0.0,68,67,1,62,6,1,1.904831,0.605148,0.260693,0,-2.44099,0.56905,-1.05234,drift,internal,-4.8178,-2.81877,-1.6697,3.15,7.6
20260526-201238-sentence-script-a-cell-sphere-with-many-90bfd7,23.1077,23.1041,1416,0.01637,1,0,1,BALANCE,1.9445,0.0,,79,92,0,6,171,0.479361,2,0.0,68,67,1,62,6,1,1.838032,0.541393,0.226212,0,-2.50623,0.52846,-0.91441,drift,internal,-4.85965,-2.81697,-1.71372,3.15,7.6
20260526-201238-sentence-script-a-cell-sphere-with-many-90bfd7,23.3238,23.3203,1429,0.01649,1,0,1,BALANCE,2.1607,0.0,,79,92,0,6,171,0.452242,1,0.0,73,72,1,67,6,6,1.763253,0.480443,0.194275,0,-2.55367,0.47749,-0.75723,drift,internal,-4.88829,-2.81904,-1.74731,3.15,7.6
20260526-201238-sentence-script-a-cell-sphere-with-many-90bfd7,23.5259,23.521,1441,0.01655,1,0,1,BALANCE,2.3614,0.0,,79,92,0,6,171,0.444578,1,0.0,73,71,2,67,6,6,1.731382,0.430022,0.168677,0,-2.59959,0.42722,-0.61772,drift,internal,-4.92577,-2.82111,-1.77263,3.15,7.6
20260526-201238-sentence-script-a-cell-sphere-with-many-90bfd7,23.7309,23.7274,1453,0.01662,1,0,1,BALANCE,2.5678,0.0,,79,92,0,6,171,0.41875,1,0.0,73,71,2,67,6,6,1.654062,0.383655,0.145851,0,-2.64695,0.38358,-0.4836,drift,internal,-4.97127,-2.8263,-1.83791,3.15,7.6
20260526-201238-sentence-script-a-cell-sphere-with-many-90bfd7,23.9328,23.9292,1465,0.01654,1,0,1,BALANCE,2.7696,0.0,,79,92,0,6,171,0.396037,1,0.0,72,71,1,67,5,4,1.550256,0.343182,0.126535,0,-2.6752,0.34634,-0.35784,drift,internal,-5.00696,-2.85165,-1.90127,3.15,7.6
20260526-201238-sentence-script-a-cell-sphere-with-many-90bfd7,24.1364,24.133,1477,0.0164,1,0,1,BALANCE,2.9734,0.0,,79,92,0,6,171,0.384184,1,0.0,72,71,1,67,5,3,1.482016,0.306628,0.109617,0,-2.68085,0.30958,-0.23198,drift,internal,-5.04922,-2.87822,-1.96235,3.15,7.6
20260526-201238-sentence-script-a-cell-sphere-with-many-90bfd7,24.353,24.3495,1490,0.01647,1,0,1,BALANCE,3.1899,0.0,,79,92,0,6,171,0.37829,1,0.0,72,71,1,67,5,3,1.457797,0.272051,0.094115,0,-2.68414,0.27142,-0.10558,drift,internal,-5.08051,-2.92292,-2.01642,3.15,7.6
20260526-201238-sentence-script-a-cell-sphere-with-many-90bfd7,24.5577,24.5506,1502,0.01862,1,0,1,BALANCE,3.391,0.0,,79,92,0,6,171,0.366419,1,0.0,72,71,1,67,5,3,1.595303,0.243438,0.081688,0,-2.68172,0.23633,0.00308,drift,internal,-5.10776,-2.96954,-2.05775,3.15,7.6
20260526-201238-sentence-script-a-cell-sphere-with-many-90bfd7,24.7625,24.7575,1514,0.01735,1,0,1,BALANCE,3.5979,0.0,,79,92,0,5,171,0.35013,1,0.0,71,71,0,67,4,5,1.40615,0.217138,0.070613,0,-2.67528,0.20319,0.10352,drift,internal,-5.11964,-3.00672,-2.08527,3.15,7.6
20260526-201238-sentence-script-a-cell-sphere-with-many-90bfd7,24.9728,24.9693,1526,0.01779,1,0,1,BALANCE,3.8097,0.0,,79,92,0,5,171,0.337075,1,0.0,71,71,0,67,4,5,1.383401,0.19315,0.060826,0,-2.67007,0.17576,0.19964,drift,internal,-5.12939,-3.02721,-2.10108,3.15,7.6
20260526-201238-sentence-script-a-cell-sphere-with-many-90bfd7,25.1875,25.1834,1538,0.01788,1,0,1,BALANCE,4.0238,0.0,,79,92,0,5,171,0.33412,0,0.0,76,76,0,72,4,10,1.364209,0.171596,0.052312,0,-2.66982,0.15738,0.28575,drift,internal,-5.15866,-3.0628,-2.11044,3.15,7.6
20260526-201238-sentence-script-a-cell-sphere-with-many-90bfd7,25.4044,25.4006,1550,0.01811,1,0,1,BALANCE,4.241,0.0,,79,92,0,5,171,0.311528,0,0.0,77,77,0,73,4,11,1.304434,0.152182,0.044889,0,-2.6744,0.14564,0.36769,drift,internal,-5.19204,-3.08902,-2.11794,3.15,7.6
20260526-201238-sentence-script-a-cell-sphere-with-many-90bfd7,25.6078,25.6026,1561,0.01823,1,0,1,BALANCE,4.443,0.0,,79,92,0,5,171,0.30469,0,0.0,77,76,1,73,4,11,1.270877,0.15,0.038935,0,-2.68722,0.14309,0.43862,drift,internal,-5.22133,-3.11636,-2.11578,3.15,7.6
20260526-201238-sentence-script-a-cell-sphere-with-many-90bfd7,25.8123,25.8087,1573,0.01676,1,0,1,BALANCE,4.6491,0.0,,79,92,0,5,171,0.304384,0,0.0,77,76,1,73,4,11,1.160807,0.15,0.033675,0,-2.65655,0.14288,0.49085,drift,internal,-5.26701,-3.15254,-2.1033,3.15,7.6
20260526-201238-sentence-script-a-cell-sphere-with-many-90bfd7,26.028,26.0247,1586,0.01671,1,0,1,BALANCE,4.8651,0.0,,79,92,0,5,171,0.295405,0,0.0,76,76,0,72,4,1,1.120579,0.15,0.028923,0,-2.62033,0.14485,0.53279,drift,internal,-5.31122,-3.16732,-2.09402,3.15,7.6
20260526-201238-sentence-script-a-cell-sphere-with-many-90bfd7,26.2345,26.2195,1598,0.01585,1,0,1,BALANCE,5.06,0.0,,79,92,0,5,171,0.281465,0,0.0,76,76,0,72,4,1,1.016503,0.15,0.025216,0,-2.58433,0.14624,0.55544,drift,internal,-5.34542,-3.18618,-2.0967,3.15,7.6
20260526-201238-sentence-script-a-cell-sphere-with-many-90bfd7,26.4437,26.4283,1611,0.01557,1,0,1,BALANCE,5.2687,0.0,,79,92,0,5,171,0.275716,0,0.0,76,76,0,72,4,1,0.97247,0.15,0.021771,0,-2.54999,0.14181,0.56989,drift,internal,-5.38327,-3.19704,-2.10394,3.15,7.6
20260526-201238-sentence-script-a-cell-sphere-with-many-90bfd7,26.6754,26.6566,1625,0.01675,1,0,1,BALANCE,5.497,0.0,,79,92,0,5,171,0.266842,0,0.0,76,76,0,72,4,1,1.020382,0.15,0.018537,0,-2.51286,0.12791,0.5859,drift,internal,-5.42129,-3.21026,-2.11653,3.15,7.6
20260526-201238-sentence-script-a-cell-sphere-with-many-90bfd7,26.9003,26.8838,1638,0.01736,1,0,1,BALANCE,5.7242,0.0,,79,92,0,5,171,0.27071,0,0.0,76,76,0,72,4,1,1.061022,0.15,0.015797,0,-2.4692,0.09592,0.60474,drift,internal,-5.4574,-3.23953,-2.11683,3.15,7.6
20260526-201238-sentence-script-a-cell-sphere-with-many-90bfd7,27.1005,27.0974,1650,0.01763,1,0,1,BALANCE,5.9378,0.0,,79,92,0,5,171,0.273112,0,0.0,76,76,0,72,4,1,1.09105,0.15,0.01359,0,-2.42906,0.0674,0.62919,drift,internal,-5.50982,-3.25684,-2.10355,3.15,7.6
20260526-201238-sentence-script-a-cell-sphere-with-many-90bfd7,27.3166,27.3133,1662,0.01783,1,0,1,BALANCE,6.1537,0.0,,79,92,0,4,171,0.264753,0,0.0,76,76,0,72,4,0,1.070259,0.15,0.011672,0,-2.38857,0.03826,0.65666,drift,internal,-5.55591,-3.25396,-2.08625,3.15,7.6
20260526-201238-sentence-script-a-cell-sphere-with-many-90bfd7,27.5326,27.5294,1674,0.01789,1,0,1,BALANCE,6.3698,0.0,,79,92,0,4,171,0.252552,0,0.0,76,76,0,72,4,0,1.033224,0.15,0.010024,0,-2.35046,0.01255,0.67947,drift,internal,-5.59689,-3.24368,-2.06761,3.15,7.6
20260526-201238-sentence-script-a-cell-sphere-with-many-90bfd7,27.7452,27.742,1686,0.01664,1,0,1,BALANCE,6.5825,0.0,,79,92,0,4,171,0.247062,0,0.0,76,76,0,72,4,0,0.936582,0.15,0.00863,0,-2.31389,-0.01278,0.69874,drift,internal,-5.61102,-3.22597,-2.03734,3.15,7.6
20260526-201238-sentence-script-a-cell-sphere-with-many-90bfd7,27.9491,27.9459,1698,0.01712,1,0,1,BALANCE,6.7863,0.0,,79,92,0,4,171,0.243135,0,0.0,76,75,1,72,4,0,0.950235,0.15,0.007476,0,-2.28217,-0.04161,0.7159,drift,internal,-5.62173,-3.20546,-2.00399,3.15,7.6
20260526-201238-sentence-script-a-cell-sphere-with-many-90bfd7,28.1561,28.153,1710,0.01731,1,0,1,BALANCE,6.9934,0.0,,79,92,0,4,171,0.246537,0,0.0,76,75,1,72,4,0,0.96939,0.15,0.006461,0,-2.25086,-0.07663,0.72839,drift,internal,-5.63714,-3.18341,-1.95423,3.15,7.6
20260526-201238-sentence-script-a-cell-sphere-with-many-90bfd7,28.3658,28.3611,1722,0.01851,1,0,1,BALANCE,7.2015,0.0,,79,92,0,4,171,0.246125,0,0.0,76,75,1,72,4,0,1.036627,0.15,0.00558,0,-2.22154,-0.10575,0.73568,drift,internal,-5.63433,-3.16164,-1.88964,3.15,7.6
20260526-201238-sentence-script-a-cell-sphere-with-many-90bfd7,28.5705,28.5535,1733,0.01738,1,0,1,BALANCE,7.3939,0.0,,79,92,0,5,171,0.241363,0,0.0,75,75,0,71,4,1,0.946412,0.15,0.004873,0,-2.18954,-0.13443,0.74113,drift,internal,-5.62492,-3.14577,-1.82354,3.15,7.6
20260526-201238-sentence-script-a-cell-sphere-with-many-90bfd7,28.786,28.783,1746,0.01644,1,0,1,BALANCE,7.6234,0.0,,79,92,0,5,171,0.24294,0,0.0,75,75,0,71,4,1,0.88987,0.15,0.004146,0,-2.15177,-0.16113,0.74373,drift,internal,-5.6142,-3.14151,-1.73898,3.15,7.6
20260526-201238-sentence-script-a-cell-sphere-with-many-90bfd7,28.9871,28.9837,1758,0.01638,1,0,1,BALANCE,7.8241,0.0,,79,92,0,5,171,0.237264,0,0.0,75,75,0,71,4,1,0.868321,0.15,0.003599,0,-2.12633,-0.18809,0.74838,drift,internal,-5.59931,-3.13651,-1.66067,3.15,7.6
20260526-201238-sentence-script-a-cell-sphere-with-many-90bfd7,29.2022,29.1988,1771,0.01639,1,0,1,BALANCE,8.0392,0.0,,79,92,0,5,171,0.239527,0,0.0,75,75,0,71,4,1,0.873619,0.15,0.003093,0,-2.1047,-0.20829,0.74844,drift,internal,-5.58822,-3.13392,-1.57925,3.15,7.6
20260526-201238-sentence-script-a-cell-sphere-with-many-90bfd7,29.4198,29.4151,1784,0.01665,1,0,1,BALANCE,8.2556,0.0,,79,92,0,7,171,0.232112,0,0.0,75,75,0,71,4,1,0.86412,0.15,0.002656,0,-2.08426,-0.22689,0.7508,drift,internal,-5.57733,-3.11437,-1.50193,3.15,7.6
20260526-201238-sentence-script-a-cell-sphere-with-many-90bfd7,29.6206,29.6173,1796,0.01661,1,0,1,BALANCE,8.4578,0.0,,79,92,0,7,171,0.237421,0,0.0,75,75,0,71,4,0,0.867913,0.15,0.002304,0,-2.06541,-0.24965,0.74629,drift,internal,-5.56262,-3.08808,-1.41575,3.15,7.6
20260526-201238-sentence-script-a-cell-sphere-with-many-90bfd7,29.8228,29.8193,1808,0.0168,1,0,1,BALANCE,8.6597,0.0,,79,92,0,7,171,0.242062,0,0.0,75,75,0,71,4,0,0.890448,0.15,0.001998,0,-2.04046,-0.27258,0.73339,drift,internal,-5.53607,-3.06861,-1.3307,3.15,7.6
20260526-201238-sentence-script-a-cell-sphere-with-many-90bfd7,30.0314,30.028,1820,0.01772,1,0,1,BALANCE,8.8684,0.0,,79,92,0,7,171,0.243027,0,0.0,75,74,1,71,4,0,0.945863,0.15,0.001725,0,-2.01365,-0.29011,0.7126,drift,internal,-5.49907,-3.05912,-1.25607,3.15,7.6
20260526-201238-sentence-script-a-cell-sphere-with-many-90bfd7,30.2486,30.2441,1832,0.01816,1,0,1,BALANCE,9.0845,0.0,,79,92,0,7,171,0.24189,0,0.0,75,74,1,71,4,0,0.971249,0.15,0.001482,0,-1.98126,-0.30154,0.69025,drift,internal,-5.45513,-3.05594,-1.1732,3.15,7.6
20260526-201238-sentence-script-a-cell-sphere-with-many-90bfd7,30.4639,30.4609,1844,0.01809,1,0,1,BALANCE,9.3013,0.0,,79,92,0,6,171,0.235367,0,0.0,75,74,1,71,4,0,0.944542,0.15,0.001272,0,-1.95011,-0.31168,0.66511,drift,internal,-5.41417,-3.06844,-1.08342,3.15,7.6
20260526-201238-sentence-script-a-cell-sphere-with-many-90bfd7,30.6769,30.6571,1855,0.01763,1,0,1,BALANCE,9.4975,0.0,,79,92,0,6,171,0.233342,0,0.0,74,74,0,71,3,1,0.907538,0.15,0.001108,0,-1.92152,-0.32495,0.64323,drift,internal,-5.38092,-3.0771,-1.00477,3.15,7.6
20260526-201238-sentence-script-a-cell-sphere-with-many-90bfd7,30.8845,30.87,1867,0.01577,1,0,1,BALANCE,9.7104,0.0,,79,92,0,6,171,0.229678,0,0.0,74,74,0,71,3,9,0.798606,0.15,0.000953,0,-1.8906,-0.33718,0.61949,drift,internal,-5.36107,-3.07282,-0.92297,3.15,7.6
20260526-201238-sentence-script-a-cell-sphere-with-many-90bfd7,31.1012,31.0844,1881,0.01456,1,0,1,BALANCE,9.9249,0.0,,79,92,0,6,171,0.224716,0,0.0,74,74,0,71,3,9,0.725654,0.15,0.00082,0,-1.86432,-0.35428,0.60195,drift,internal,-5.35207,-3.06336,-0.85262,3.15,7.6
20260526-201238-sentence-script-a-cell-sphere-with-many-90bfd7,31.3242,31.3069,1896,0.01399,1,0,1,BALANCE,10.1474,0.0,,79,92,0,6,171,0.227987,0,0.0,74,74,0,71,3,9,0.706514,0.15,0.000701,0,-1.84304,-0.38206,0.58248,drift,internal,-5.34291,-3.0814,-0.78495,3.15,7.6
20260526-201238-sentence-script-a-cell-sphere-with-many-90bfd7,31.5313,31.528,1911,0.01447,1,0,1,BALANCE,10.3684,0.0,,79,92,0,5,171,0.220417,0,0.0,74,74,0,71,3,9,0.714959,0.15,0.0006,0,-1.8275,-0.41632,0.56503,drift,internal,-5.34611,-3.11175,-0.74526,3.15,7.6
20260526-201238-sentence-script-a-cell-sphere-with-many-90bfd7,31.7384,31.7209,1924,0.01685,1,0,1,BALANCE,10.5613,0.0,,79,92,0,5,171,0.223018,0,0.0,74,74,0,71,3,9,0.831451,0.15,0.000524,0,-1.81945,-0.44326,0.54655,drift,internal,-5.34206,-3.12616,-0.71437,3.15,7.6
20260526-201238-sentence-script-a-cell-sphere-with-many-90bfd7,31.9511,31.9478,1937,0.0173,1,0,1,ARTIST,0.0173,0.0,,79,92,0,5,171,0.229069,0,0.0,74,74,0,71,3,0,0.864783,0.45,0.000446,0,-1.81634,-0.46536,0.52233,drift,internal,-5.329,-3.12163,-0.67154,3.15,7.6
20260526-201238-sentence-script-a-cell-sphere-with-many-90bfd7,32.1628,32.1598,1949,0.01741,1,0,1,ARTIST,0.2293,0.0,,79,92,0,5,171,0.226543,0,0.0,74,74,0,71,3,0,0.868994,0.45,0.000385,0,-1.81151,-0.47934,0.5053,drift,internal,-5.31241,-3.12156,-0.6368,3.15,7.6
20260526-201238-sentence-script-a-cell-sphere-with-many-90bfd7,32.3738,32.3707,1961,0.01739,1,0,1,ARTIST,0.4402,0.0,,79,92,0,5,171,0.23058,0,0.0,74,74,0,71,3,0,0.886393,0.45,0.000331,0,-1.8083,-0.49194,0.49583,drift,internal,-5.31539,-3.13528,-0.60554,3.15,7.6
20260526-201238-sentence-script-a-cell-sphere-with-many-90bfd7,32.5867,32.5822,1973,0.01928,1,0,1,ARTIST,0.6517,0.0,,79,92,0,4,171,0.227805,0,0.0,74,74,0,71,3,0,0.983605,0.45,0.000286,0,-1.81174,-0.49226,0.49422,drift,internal,-5.33893,-3.14025,-0.57843,3.15,7.6
20260526-201238-sentence-script-a-cell-sphere-with-many-90bfd7,32.7959,32.7926,1985,0.01659,1,0,1,ARTIST,0.8621,0.0,,79,92,0,4,171,0.231951,0,0.0,74,74,0,71,3,0,0.867992,0.45,0.000246,0,-1.82415,-0.4925,0.49897,drift,internal,-5.35006,-3.12052,-0.56141,3.15,7.6
20260526-201238-sentence-script-a-cell-sphere-with-many-90bfd7,33.008,33.0046,1997,0.01794,1,0,1,ARTIST,1.0741,0.0,,79,92,0,4,171,0.218868,0,0.0,74,74,0,71,3,0,0.910185,0.45,0.000212,0,-1.83943,-0.48911,0.50587,drift,internal,-5.34952,-3.10757,-0.55191,3.15,7.6
20260526-201238-sentence-script-a-cell-sphere-with-many-90bfd7,33.2151,33.1987,2008,0.01725,1,0,1,ARTIST,1.2682,0.0,,79,92,0,4,171,0.224504,0,0.0,74,74,0,71,3,0,0.900049,0.45,0.000185,0,-1.85879,-0.49038,0.51439,drift,internal,-5.3526,-3.08371,-0.5482,3.15,7.6
20260526-201238-sentence-script-a-cell-sphere-with-many-90bfd7,33.4286,33.4242,2021,0.017,1,0,1,ARTIST,1.4937,0.0,,79,92,0,4,171,0.225983,0,0.0,74,74,0,71,3,0,0.897691,0.45,0.000158,0,-1.87676,-0.50552,0.53745,drift,internal,-5.36135,-3.04346,-0.55343,3.15,7.6
20260526-201238-sentence-script-a-cell-sphere-with-many-90bfd7,33.6331,33.63,2033,0.01679,1,0,1,ARTIST,1.6995,0.0,,79,92,0,4,171,0.233564,0,0.0,74,74,0,71,3,0,0.912565,0.45,0.000137,0,-1.8969,-0.52063,0.56883,drift,internal,-5.3746,-3.00546,-0.54475,3.15,7.6
20260526-201238-sentence-script-a-cell-sphere-with-many-90bfd7,33.8377,33.8345,2045,0.01649,1,0,1,ARTIST,1.904,0.0,,79,92,0,4,171,0.233945,0,0.0,74,74,0,71,3,0,0.899545,0.45,0.000118,0,-1.91577,-0.5344,0.60658,drift,internal,-5.39942,-2.96228,-0.53996,3.15,7.6
20260526-201238-sentence-script-a-cell-sphere-with-many-90bfd7,34.0556,34.0511,2058,0.01832,1,0,1,ARTIST,2.1206,0.0,,79,92,0,3,171,0.231591,0,0.0,74,73,1,71,3,0,1.000569,0.45,0.000102,0,-1.93866,-0.53905,0.65492,drift,internal,-5.42929,-2.93244,-0.53591,3.15,7.6
20260526-201238-sentence-script-a-cell-sphere-with-many-90bfd7,34.2692,34.2658,2071,0.01647,1,0,1,ARTIST,2.3353,0.0,,79,92,0,4,171,0.227747,0,0.0,74,73,1,71,3,0,0.900973,0.45,8.7e-05,0,-1.95945,-0.53869,0.71092,drift,internal,-5.46012,-2.9118,-0.51977,3.15,7.6
20260526-201238-sentence-script-a-cell-sphere-with-many-90bfd7,34.4701,34.4671,2083,0.01689,1,0,1,ARTIST,2.5366,0.0,,79,92,0,4,171,0.235339,0,0.0,74,73,1,71,3,0,0.961532,0.45,7.6e-05,0,-1.97083,-0.54047,0.76266,drift,internal,-5.49478,-2.90755,-0.51253,3.15,7.6
20260526-201238-sentence-script-a-cell-sphere-with-many-90bfd7,34.6734,34.6688,2095,0.01676,1,0,1,ARTIST,2.7383,0.0,,79,92,0,4,171,0.232647,0,0.0,74,73,1,71,3,0,0.94826,0.45,6.6e-05,0,-1.98436,-0.53496,0.81504,drift,internal,-5.52107,-2.91338,-0.5124,3.15,7.6
20260526-201238-sentence-script-a-cell-sphere-with-many-90bfd7,34.8865,34.8702,2107,0.01668,1,0,1,ARTIST,2.9397,0.0,,79,92,0,4,171,0.231645,0,0.0,74,73,1,71,3,0,0.95279,0.45,5.7e-05,0,-1.99887,-0.52453,0.86203,drift,internal,-5.53478,-2.9165,-0.50764,3.15,7.6
20260526-201238-sentence-script-a-cell-sphere-with-many-90bfd7,35.0977,35.0946,2120,0.01716,1,0,1,ARTIST,3.1641,0.0,,79,92,0,4,171,0.238938,0,0.0,74,73,1,71,3,0,1.009788,0.45,4.9e-05,0,-2.01183,-0.50977,0.91849,drift,internal,-5.55993,-2.93683,-0.50187,3.15,7.6
20260526-201238-sentence-script-a-cell-sphere-with-many-90bfd7,35.3083,35.3051,2132,0.0175,1,0,1,ARTIST,3.3746,0.0,,79,92,0,4,171,0.251871,0,0.0,74,73,1,71,3,0,1.079378,0.45,4.2e-05,0,-2.02369,-0.50319,0.97671,drift,internal,-5.57019,-2.94469,-0.4913,3.15,7.6
20260526-201238-sentence-script-a-cell-sphere-with-many-90bfd7,35.5244,35.5208,2144,0.01735,1,0,1,ARTIST,3.5903,0.0,,79,92,0,4,171,0.241791,0,0.0,73,73,0,70,3,4,1.017614,0.45,3.6e-05,0,-2.0354,-0.49934,1.03326,drift,internal,-5.58605,-2.96921,-0.49939,3.15,7.6
20260526-201238-sentence-script-a-cell-sphere-with-many-90bfd7,35.7379,35.7342,2156,0.01785,1,0,1,ARTIST,3.8037,0.0,,79,92,0,4,171,0.241406,0,0.0,73,73,0,70,3,9,1.044821,0.45,3.1e-05,0,-2.05164,-0.49888,1.08258,drift,internal,-5.60952,-2.9825,-0.51483,3.15,7.6
20260526-201238-sentence-script-a-cell-sphere-with-many-90bfd7,35.948,35.944,2168,0.01388,1,0,1,ARTIST,4.0135,0.0,,79,92,0,4,171,0.239383,1,0.0,73,73,0,70,3,9,0.809831,0.45,2.7e-05,0,-2.07344,-0.5052,1.13554,drift,internal,-5.63337,-2.99742,-0.53221,3.15,7.6
20260526-201238-sentence-script-a-cell-sphere-with-many-90bfd7,36.1487,36.1451,2185,0.00962,1,0,1,ARTIST,4.2146,0.0,,79,92,0,4,171,0.240343,1,0.0,73,73,0,70,3,9,0.566576,0.45,2.3e-05,0,-2.09825,-0.50979,1.18495,drift,internal,-5.648,-3.00343,-0.54154,3.15,7.6
20260526-201238-sentence-script-a-cell-sphere-with-many-90bfd7,36.3522,36.3473,2208,0.00735,1,0,1,ARTIST,4.4168,0.0,,79,92,0,4,171,0.244589,1,0.0,73,73,0,70,3,9,0.438785,0.45,2e-05,0,-2.1268,-0.51182,1.23706,drift,internal,-5.66544,-3.00594,-0.53971,3.15,7.6
20260526-201238-sentence-script-a-cell-sphere-with-many-90bfd7,36.5568,36.5519,2227,0.01939,1,0,1,ARTIST,4.6214,0.0,,79,92,0,4,171,0.243676,1,0.0,73,73,0,70,3,9,1.156895,0.45,1.7e-05,0,-2.14988,-0.51943,1.29426,drift,internal,-5.6762,-3.02249,-0.54212,3.15,7.6
20260526-201238-sentence-script-a-cell-sphere-with-many-90bfd7,36.762,36.7583,2239,0.01763,1,0,1,ARTIST,4.8278,0.0,,79,92,0,4,171,0.241642,1,0.0,73,73,0,70,3,0,1.048354,0.45,1.5e-05,0,-2.17056,-0.53154,1.35048,drift,internal,-5.69323,-3.03475,-0.51599,3.15,7.6
20260526-201238-sentence-script-a-cell-sphere-with-many-90bfd7,36.977,36.9723,2251,0.01957,1,0,1,ARTIST,5.0418,0.0,,79,92,0,4,171,0.245348,1,0.0,73,73,0,70,3,0,1.181045,0.45,1.3e-05,0,-2.18329,-0.54146,1.40676,drift,internal,-5.71344,-3.0375,-0.47631,3.15,7.6
20260526-201238-sentence-script-a-cell-sphere-with-many-90bfd7,37.1884,37.1851,2263,0.01748,1,0,1,ARTIST,5.2546,0.0,,79,92,0,4,171,0.245901,1,0.0,73,73,0,70,3,0,1.051198,0.45,1.1e-05,0,-2.19179,-0.54093,1.46086,drift,internal,-5.71987,-3.0473,-0.44651,3.15,7.6
20260526-201238-sentence-script-a-cell-sphere-with-many-90bfd7,37.4029,37.3995,2275,0.01766,1,0,1,ARTIST,5.469,0.0,,79,92,0,4,171,0.243201,1,0.0,73,73,0,70,3,0,1.058218,0.45,1e-05,0,-2.19306,-0.52782,1.51164,drift,internal,-5.72197,-3.06471,-0.42422,3.15,7.6
20260526-201238-sentence-script-a-cell-sphere-with-many-90bfd7,37.6133,37.6088,2287,0.01669,1,0,1,ARTIST,5.6783,0.0,,79,92,0,4,171,0.241369,1,0.0,73,73,0,70,3,0,0.994168,0.45,8e-06,0,-2.17688,-0.51023,1.54467,drift,internal,-5.7397,-3.06898,-0.39714,3.15,7.6
20260526-201238-sentence-script-a-cell-sphere-with-many-90bfd7,37.8219,37.817,2299,0.01817,1,0,1,ARTIST,5.8865,0.0,,79,92,0,4,171,0.2457,1,0.0,73,73,0,70,3,0,1.097799,0.45,7e-06,0,-2.14477,-0.49623,1.56303,drift,internal,-5.75803,-3.0751,-0.3582,3.15,7.6
20260526-201238-sentence-script-a-cell-sphere-with-many-90bfd7,38.033,38.0296,2311,0.01803,1,0,1,ARTIST,6.0991,0.0,,79,92,0,5,171,0.243693,1,0.0,73,72,1,70,3,0,1.082558,0.45,6e-06,0,-2.11488,-0.49093,1.57863,drift,internal,-5.76069,-3.07878,-0.3327,3.15,7.6
20260526-201238-sentence-script-a-cell-sphere-with-many-90bfd7,38.2414,38.2258,2322,0.01762,1,0,1,ARTIST,6.2953,0.0,,79,92,0,5,171,0.242278,1,0.0,73,72,1,70,3,0,1.055617,0.45,5e-06,0,-2.08874,-0.48614,1.58876,drift,internal,-5.75336,-3.09403,-0.32072,3.15,7.6
20260526-201238-sentence-script-a-cell-sphere-with-many-90bfd7,38.4467,38.4434,2334,0.0178,1,0,1,ARTIST,6.5129,0.0,,79,92,0,5,171,0.241483,1,0.0,73,72,1,70,3,0,1.076435,0.45,5e-06,0,-2.07019,-0.47958,1.60259,drift,internal,-5.74595,-3.11365,-0.29785,3.15,7.6
20260526-201238-sentence-script-a-cell-sphere-with-many-90bfd7,38.6617,38.6571,2346,0.01786,1,0,1,ARTIST,6.7266,0.0,,79,92,0,5,171,0.243248,1,0.0,73,72,1,70,3,0,1.090984,0.45,4e-06,0,-2.05486,-0.47831,1.62853,drift,internal,-5.74617,-3.13601,-0.29478,3.15,7.6
20260526-201238-sentence-script-a-cell-sphere-with-many-90bfd7,38.8669,38.8623,2358,0.01611,1,0,1,ARTIST,6.9318,0.0,,79,92,0,5,171,0.242794,1,0.0,73,72,1,70,3,0,0.987538,0.45,3e-06,0,-2.04489,-0.47654,1.65796,drift,internal,-5.74739,-3.16244,-0.29148,3.15,7.6
20260526-201238-sentence-script-a-cell-sphere-with-many-90bfd7,39.0764,39.0731,2371,0.01634,1,0,1,ARTIST,7.1426,0.0,,79,92,0,5,171,0.241953,1,0.0,73,72,1,70,3,0,1.001641,0.45,3e-06,0,-2.03231,-0.47514,1.67968,drift,internal,-5.73359,-3.18529,-0.29559,3.15,7.6
20260526-201238-sentence-script-a-cell-sphere-with-many-90bfd7,39.2901,39.2866,2384,0.01661,1,0,1,ARTIST,7.3561,0.0,,79,92,0,6,171,0.242621,1,0.0,72,72,0,69,3,5,0.999243,0.45,3e-06,0,-2.02458,-0.46859,1.69577,drift,internal,-5.72476,-3.20974,-0.30172,3.15,7.6
20260526-201238-sentence-script-a-cell-sphere-with-many-90bfd7,39.4918,39.4869,2396,0.01902,1,0,1,ARTIST,7.5564,0.0,,79,92,0,6,171,0.246187,1,0.0,72,72,0,69,3,5,1.160429,0.45,2e-06,0,-2.01926,-0.46512,1.71408,drift,internal,-5.71099,-3.248,-0.31047,3.15,7.6
20260526-201238-sentence-script-a-cell-sphere-with-many-90bfd7,39.6933,39.6898,2408,0.01667,1,0,1,ARTIST,7.7593,0.0,,79,92,0,6,171,0.243643,1,0.0,72,72,0,69,3,5,1.008753,0.45,2e-06,0,-2.01563,-0.45966,1.73723,drift,internal,-5.71306,-3.28097,-0.31667,3.15,7.6
20260526-201238-sentence-script-a-cell-sphere-with-many-90bfd7,39.9013,39.8976,2420,0.01733,1,0,1,ARTIST,7.9671,0.0,,79,92,0,6,171,0.239032,1,0.0,72,72,0,69,3,5,1.040487,0.45,2e-06,0,-2.0126,-0.45573,1.76206,drift,internal,-5.7287,-3.31791,-0.32674,3.15,7.6
20260526-201238-sentence-script-a-cell-sphere-with-many-90bfd7,40.1162,40.1125,2432,0.01778,1,0,1,ARTIST,8.182,0.0,,79,92,0,6,171,0.24243,2,0.0,72,72,0,69,3,5,1.079059,0.45,1e-06,0,-2.00419,-0.4472,1.7839,drift,internal,-5.73819,-3.35107,-0.35749,3.15,7.6
20260526-201238-sentence-script-a-cell-sphere-with-many-90bfd7,40.3306,40.3268,2444,0.01808,1,0,1,ARTIST,8.3963,0.0,,79,92,0,7,171,0.242413,2,0.0,72,72,0,69,3,1,1.089082,0.45,1e-06,0,-2.00205,-0.43443,1.79642,drift,internal,-5.75515,-3.38097,-0.39724,3.15,7.6
20260526-201238-sentence-script-a-cell-sphere-with-many-90bfd7,40.5341,40.5306,2455,0.0225,1,0,1,ARTIST,8.6001,0.0,,79,92,0,7,171,0.250728,2,0.0,72,72,0,69,3,0,1.376318,0.45,1e-06,0,-1.99027,-0.42239,1.79254,drift,internal,-5.77859,-3.4014,-0.41675,3.15,7.6
20260526-201238-sentence-script-a-cell-sphere-with-many-90bfd7,40.7617,40.7456,2467,0.0168,1,0,1,ARTIST,8.815,0.0,,79,92,0,7,171,0.252756,2,0.0,72,72,0,69,3,0,1.039338,0.45,1e-06,0,-1.9799,-0.41169,1.78641,drift,internal,-5.81688,-3.40044,-0.42097,3.15,7.6
20260526-201238-sentence-script-a-cell-sphere-with-many-90bfd7,40.9785,40.9737,2480,0.01933,1,0,1,ARTIST,9.0432,0.0,,79,92,0,7,171,0.251015,2,0.0,72,72,0,69,3,0,1.196451,0.45,1e-06,0,-1.9595,-0.40595,1.78239,drift,internal,-5.88425,-3.3848,-0.41504,3.15,7.6
20260526-201238-sentence-script-a-cell-sphere-with-many-90bfd7,41.1892,41.1858,2492,0.01764,1,0,1,ARTIST,9.2553,0.0,,79,92,0,7,171,0.249139,2,0.0,72,72,0,69,3,0,1.081697,0.45,1e-06,0,-1.9398,-0.40332,1.7854,drift,internal,-5.95786,-3.38937,-0.41027,3.15,7.6
20260526-201238-sentence-script-a-cell-sphere-with-many-90bfd7,41.406,41.4023,2504,0.01781,1,0,1,ARTIST,9.4718,0.0,,79,92,0,6,171,0.25314,2,0.0,72,72,0,69,3,0,1.097925,0.45,1e-06,0,-1.91174,-0.40853,1.79181,drift,internal,-6.02859,-3.37777,-0.40376,3.15,7.6
20260526-201238-sentence-script-a-cell-sphere-with-many-90bfd7,41.6208,41.6171,2516,0.01796,1,0,1,ARTIST,9.6866,0.0,,79,92,0,6,171,0.246867,2,0.0,72,72,0,69,3,0,1.081556,0.45,0.0,0,-1.881,-0.41692,1.80027,drift,internal,-6.10627,-3.37252,-0.39043,3.15,7.6
20260526-201238-sentence-script-a-cell-sphere-with-many-90bfd7,41.8304,41.827,2528,0.01704,1,0,1,ARTIST,9.8965,0.0,,79,92,0,6,171,0.249527,1,0.0,75,75,0,72,3,3,1.037671,0.45,0.0,0,-1.85051,-0.43081,1.81188,drift,internal,-6.17015,-3.3759,-0.36533,3.15,7.6
20260526-201238-sentence-script-a-cell-sphere-with-many-90bfd7,42.0332,42.03,2540,0.01723,1,0,1,ARTIST,10.0995,0.0,,79,92,0,6,171,0.248088,1,0.0,75,74,1,72,3,3,1.043168,0.45,0.0,0,-1.82025,-0.44507,1.82943,drift,internal,-6.23264,-3.39368,-0.33736,3.15,7.6
20260526-201238-sentence-script-a-cell-sphere-with-many-90bfd7,42.2361,42.2314,2552,0.01648,1,0,1,ARTIST,10.3009,0.0,,79,92,0,5,171,0.252365,1,0.0,75,74,1,72,3,3,1.007994,0.45,0.0,0,-1.78961,-0.46178,1.84433,drift,internal,-6.32024,-3.39516,-0.32999,3.15,7.6
20260526-201238-sentence-script-a-cell-sphere-with-many-90bfd7,42.4364,42.433,2564,0.01655,1,0,1,ARTIST,10.5025,0.0,,79,92,0,6,171,0.250592,1,0.0,75,74,1,72,3,3,1.015581,0.45,0.0,0,-1.75678,-0.47924,1.86135,drift,internal,-6.42984,-3.40425,-0.32217,3.15,7.6
20260526-201238-sentence-script-a-cell-sphere-with-many-90bfd7,42.6527,42.6494,2577,0.01653,1,0,1,ARTIST,10.7189,0.0,,79,92,0,6,171,0.252862,1,0.0,75,74,1,72,3,0,1.03157,0.45,0.0,0,-1.72208,-0.49682,1.87996,drift,internal,-6.55737,-3.41309,-0.30983,3.15,7.6
20260526-201238-sentence-script-a-cell-sphere-with-many-90bfd7,42.8584,42.8549,2589,0.01725,1,0,1,ARTIST,10.9244,0.0,,79,92,0,6,171,0.249561,1,0.0,75,74,1,72,3,0,1.066358,0.45,0.0,0,-1.67971,-0.504,1.89696,drift,internal,-6.68972,-3.42841,-0.27762,3.15,7.6
20260526-201238-sentence-script-a-cell-sphere-with-many-90bfd7,43.0662,43.0625,2601,0.01759,1,0,1,ARTIST,11.132,0.0,,79,92,0,6,171,0.254709,1,0.0,75,74,1,72,3,0,1.106904,0.45,0.0,0,-1.63731,-0.50743,1.91793,drift,internal,-6.76283,-3.43073,-0.22864,3.15,7.6
20260526-201238-sentence-script-a-cell-sphere-with-many-90bfd7,43.2742,43.2549,2612,0.01737,1,0,1,ARTIST,11.3244,0.0,,79,92,0,6,171,0.25229,1,0.0,75,74,1,72,3,0,1.095567,0.45,0.0,0,-1.59896,-0.50422,1.93954,drift,internal,-6.73271,-3.38403,-0.17974,3.15,7.6
20260526-201238-sentence-script-a-cell-sphere-with-many-90bfd7,43.5076,43.4881,2625,0.01778,1,0,1,ARTIST,11.5576,0.0,,79,92,0,6,171,0.253498,1,0.0,74,74,0,71,3,8,1.10995,0.45,0.0,0,-1.55325,-0.48672,1.97101,drift,internal,-6.70491,-3.32905,-0.09874,3.15,7.6
20260526-201238-sentence-script-a-cell-sphere-with-many-90bfd7,43.7099,43.7063,2637,0.01791,1,0,1,ARTIST,11.7758,0.0,,79,92,0,6,171,0.260621,1,0.0,74,74,0,71,3,8,1.146002,0.45,0.0,0,-1.50686,-0.47471,2.00723,drift,internal,-6.67799,-3.28526,-0.02138,3.15,7.6
20260526-201238-sentence-script-a-cell-sphere-with-many-90bfd7,43.9186,43.9149,2649,0.0168,1,0,1,ARTIST,11.9844,0.0,,79,92,0,6,171,0.254683,1,0.0,74,74,0,71,3,8,1.059943,0.45,0.0,0,-1.46281,-0.46456,2.05042,drift,internal,-6.64475,-3.2555,0.0626,3.15,7.6
20260526-201238-sentence-script-a-cell-sphere-with-many-90bfd7,44.1322,44.1242,2661,0.01754,1,0,1,ARTIST,12.1937,0.0,,79,92,0,6,171,0.250639,2,0.0,74,74,0,71,3,8,1.094606,0.45,0.0,0,-1.42163,-0.4552,2.09643,drift,internal,-6.61172,-3.23104,0.13433,3.15,7.6
20260526-201238-sentence-script-a-cell-sphere-with-many-90bfd7,44.3439,44.3401,2673,0.01822,1,0,1,ARTIST,12.4096,0.0,,79,92,0,6,171,0.252063,2,0.0,74,74,0,71,3,8,1.136602,0.45,0.0,0,-1.38071,-0.44638,2.14409,drift,internal,-6.57731,-3.19721,0.20767,3.15,7.6
20260526-201238-sentence-script-a-cell-sphere-with-many-90bfd7,44.5447,44.5409,2684,0.01818,1,0,1,ARTIST,12.6104,0.0,,79,92,0,6,171,0.253188,2,0.0,74,74,0,71,3,1,1.137676,0.45,0.0,0,-1.34987,-0.43603,2.18505,drift,internal,-6.54591,-3.16691,0.2635,3.15,7.6
20260526-201238-sentence-script-a-cell-sphere-with-many-90bfd7,44.7477,44.7444,2695,0.01818,1,0,1,ARTIST,12.8138,0.0,,79,92,0,8,171,0.2549,2,0.0,74,74,0,71,3,0,1.141521,0.45,0.0,0,-1.31839,-0.42686,2.21865,drift,internal,-6.50919,-3.13382,0.31153,3.15,7.6
20260526-201238-sentence-script-a-cell-sphere-with-many-90bfd7,44.96,44.9564,2707,0.01682,1,0,1,ARTIST,13.0259,0.0,,79,92,0,8,171,0.256645,2,0.0,74,74,0,71,3,0,1.068931,0.45,0.0,0,-1.28005,-0.41713,2.24502,drift,internal,-6.46166,-3.09912,0.35309,3.15,7.6
20260526-201238-sentence-script-a-cell-sphere-with-many-90bfd7,45.1686,45.1639,2719,0.01996,1,0,1,ARTIST,13.2334,0.0,,79,92,0,8,171,0.255449,2,0.0,74,74,0,71,3,0,1.271513,0.45,0.0,0,-1.23943,-0.41194,2.2709,drift,internal,-6.39198,-3.06958,0.39633,3.15,7.6
20260526-201238-sentence-script-a-cell-sphere-with-many-90bfd7,45.374,45.3571,2730,0.01758,1,0,1,ARTIST,13.4266,0.0,,79,92,0,8,171,0.254299,2,0.0,74,74,0,71,3,0,1.116726,0.45,0.0,0,-1.20013,-0.40818,2.29602,drift,internal,-6.33214,-3.02555,0.44009,3.15,7.6
20260526-201238-sentence-script-a-cell-sphere-with-many-90bfd7,45.5769,45.5734,2742,0.01782,1,0,1,ARTIST,13.6429,0.0,,79,92,0,9,171,0.247313,2,0.0,74,74,0,71,3,0,1.103963,0.45,0.0,0,-1.15455,-0.40318,2.31593,drift,internal,-6.26864,-2.98414,0.47533,3.15,7.6
20260526-201238-sentence-script-a-cell-sphere-with-many-90bfd7,45.7776,45.7739,2753,0.01785,1,0,1,ARTIST,13.8434,0.0,,79,92,0,9,171,0.250325,1,0.0,76,76,0,73,3,2,1.113713,0.45,0.0,0,-1.10831,-0.39928,2.33184,drift,internal,-6.22901,-2.93983,0.51928,3.15,7.6
20260526-201238-sentence-script-a-cell-sphere-with-many-90bfd7,45.9922,45.9875,2765,0.01773,1,0,1,ARTIST,14.057,0.0,,79,92,0,9,171,0.24987,1,0.0,78,77,1,75,3,4,1.109098,0.45,0.0,0,-1.05543,-0.39992,2.34803,drift,internal,-6.2076,-2.89179,0.56741,3.15,7.6
20260526-201238-sentence-script-a-cell-sphere-with-many-90bfd7,46.1993,46.1919,2777,0.01738,1,0,1,ARTIST,14.2614,0.0,,79,92,0,9,171,0.247495,1,0.0,78,77,1,75,3,4,1.086723,0.45,0.0,0,-0.9965,-0.41016,2.36603,drift,internal,-6.18284,-2.85922,0.60754,3.15,7.6
20260526-201238-sentence-script-a-cell-sphere-with-many-90bfd7,46.4038,46.3862,2788,0.0197,1,0,1,ARTIST,14.4557,0.0,,79,92,0,9,171,0.246236,1,0.0,78,77,1,75,3,4,1.234999,0.45,0.0,0,-0.9466,-0.41604,2.38169,drift,internal,-6.16331,-2.83614,0.64497,3.15,7.6
20260526-201238-sentence-script-a-cell-sphere-with-many-90bfd7,46.621,46.6174,2801,0.01756,1,0,1,ARTIST,14.6869,0.0,,79,92,0,9,171,0.248284,1,0.0,78,77,1,75,3,0,1.118247,0.45,0.0,0,-0.89205,-0.43087,2.40673,drift,internal,-6.12926,-2.78704,0.693,3.15,7.6
20260526-201238-sentence-script-a-cell-sphere-with-many-90bfd7,46.8349,46.8314,2813,0.01768,1,0,1,ARTIST,14.9009,0.0,,79,92,0,9,171,0.249167,1,0.0,78,77,1,75,3,0,1.132773,0.45,0.0,0,-0.84204,-0.44463,2.43249,drift,internal,-6.09544,-2.72188,0.74314,3.15,7.6
20260526-201238-sentence-script-a-cell-sphere-with-many-90bfd7,47.0464,47.0428,2825,0.01673,1,0,1,ARTIST,15.1122,0.0,,79,92,0,9,171,0.246326,1,0.0,77,77,0,74,3,6,1.041657,0.45,0.0,0,-0.79225,-0.45512,2.45478,drift,internal,-6.05983,-2.65935,0.78443,3.15,7.6
20260526-201238-sentence-script-a-cell-sphere-with-many-90bfd7,47.2536,47.2487,2837,0.01905,1,0,1,ARTIST,15.3182,0.0,,79,92,0,9,171,0.251774,1,0.0,77,77,0,74,3,6,1.200304,0.45,0.0,0,-0.74622,-0.47205,2.47821,drift,internal,-6.02022,-2.61787,0.81698,3.15,7.6
20260526-201238-sentence-script-a-cell-sphere-with-many-90bfd7,47.4598,47.4563,2849,0.01776,1,0,1,ARTIST,15.5258,0.0,,79,92,0,9,171,0.251352,1,0.0,77,77,0,74,3,6,1.120435,0.45,0.0,0,-0.70291,-0.49542,2.49251,drift,internal,-5.98417,-2.56448,0.85211,3.15,7.6
20260526-201238-sentence-script-a-cell-sphere-with-many-90bfd7,47.6689,47.6655,2861,0.01719,1,0,1,ARTIST,15.735,0.0,,79,92,0,10,171,0.250471,1,0.0,77,77,0,74,3,6,1.087286,0.45,0.0,0,-0.66463,-0.52468,2.50017,drift,internal,-5.96437,-2.52548,0.89992,3.15,7.6
20260526-201238-sentence-script-a-cell-sphere-with-many-90bfd7,47.8797,47.876,2873,0.01732,1,0,1,ARTIST,15.9455,0.0,,79,92,0,10,171,0.244544,1,0.0,77,77,0,74,3,6,1.080113,0.45,0.0,0,-0.62912,-0.55974,2.5149,drift,internal,-5.94951,-2.49452,0.93908,3.15,7.6
20260526-201238-sentence-script-a-cell-sphere-with-many-90bfd7,48.0925,48.0871,2885,0.01663,1,0,1,ARTIST,16.1566,0.0,,79,92,0,11,171,0.252413,1,0.0,84,84,0,81,3,11,1.067092,0.45,0.0,0,-0.5866,-0.59618,2.53095,drift,internal,-5.91631,-2.45142,0.94801,3.15,7.6
20260526-201238-sentence-script-a-cell-sphere-with-many-90bfd7,48.2939,48.2902,2897,0.01694,1,0,1,SECRETE,0.1365,0.0,,79,92,0,11,171,0.248103,1,0.0,84,84,0,81,3,7,1.083063,0.413473,0.0,0,-0.54991,-0.62112,2.54924,drift,internal,-5.87512,-2.3954,0.95497,3.15,7.6
20260526-201238-sentence-script-a-cell-sphere-with-many-90bfd7,48.501,48.496,2909,0.01706,1,0,1,SECRETE,0.3423,0.0,,79,92,0,11,171,0.255377,1,0.0,84,84,0,81,3,7,1.104925,0.369043,0.0,0,-0.51379,-0.65206,2.56565,drift,internal,-5.83007,-2.35255,0.96591,3.15,7.6
20260526-201238-sentence-script-a-cell-sphere-with-many-90bfd7,48.704,48.699,2921,0.01723,1,0,1,SECRETE,0.5453,0.0,,79,92,0,10,171,0.247589,1,0.0,84,84,0,81,3,3,1.087844,0.329874,0.0,0,-0.47952,-0.68148,2.57857,drift,internal,-5.76732,-2.30887,0.98698,3.15,7.6
20260526-201238-sentence-script-a-cell-sphere-with-many-90bfd7,48.9053,48.902,2933,0.01673,1,0,1,SECRETE,0.7483,0.0,,79,92,0,10,171,0.242731,1,0.0,84,84,0,81,3,0,1.038911,0.294871,0.0,0,-0.44443,-0.72093,2.59058,drift,internal,-5.68985,-2.26883,1.00818,3.15,7.6
20260526-201238-sentence-script-a-cell-sphere-with-many-90bfd7,49.1158,49.1124,2945,0.01669,1,0,1,SECRETE,0.9587,0.0,,79,92,0,10,171,0.241721,1,0.0,84,84,0,81,3,0,1.025961,0.262502,0.0,0,-0.39992,-0.75753,2.56219,drift,internal,-5.59154,-2.23155,1.01698,3.15,7.6
20260526-201238-sentence-script-a-cell-sphere-with-many-90bfd7,49.3233,49.3198,2957,0.01736,1,0,1,SECRETE,1.1661,0.0,,79,92,0,10,171,0.237196,1,0.0,84,84,0,81,3,0,1.044345,0.234073,0.0,0,-0.35827,-0.79588,2.54091,drift,internal,-5.48961,-2.19993,1.0007,3.15,7.6
20260526-201238-sentence-script-a-cell-sphere-with-many-90bfd7,49.5359,49.5312,2969,0.0178,1,0,1,SECRETE,1.3775,0.0,,79,92,0,10,171,0.239674,1,0.0,84,84,0,81,3,0,1.071769,0.208262,0.0,0,-0.32088,-0.83084,2.52282,drift,internal,-5.3975,-2.1819,0.97702,3.15,7.6
20260526-201238-sentence-script-a-cell-sphere-with-many-90bfd7,49.7425,49.7248,2980,0.01754,1,0,1,SECRETE,1.5711,0.0,,79,92,0,10,171,0.235824,1,0.0,84,83,1,81,3,0,1.035551,0.187128,0.0,0,-0.2855,-0.86359,2.504,drift,internal,-5.31675,-2.16435,0.96063,3.15,7.6
20260526-201238-sentence-script-a-cell-sphere-with-many-90bfd7,49.9451,49.9416,2992,0.01781,1,0,1,SECRETE,1.7879,0.0,,79,92,0,10,171,0.242302,1,0.0,84,83,1,81,3,0,1.065552,0.165999,0.0,0,-0.24596,-0.89316,2.48098,drift,internal,-5.2252,-2.13062,0.93501,3.15,7.6
20260526-201238-sentence-script-a-cell-sphere-with-many-90bfd7,50.1462,50.1428,3003,0.01667,1,0,1,SECRETE,1.9891,0.0,,79,92,0,10,171,0.237311,1,0.0,83,83,0,80,3,1,0.960988,0.148521,0.0,0,-0.21236,-0.9214,2.46015,drift,internal,-5.147,-2.12408,0.91849,3.15,7.6
20260526-201238-sentence-script-a-cell-sphere-with-many-90bfd7,50.3558,50.3511,3015,0.01762,1,0,1,SECRETE,2.1974,0.0,,79,92,0,10,171,0.232872,1,0.0,83,83,0,80,3,1,0.994485,0.132374,0.0,0,-0.18115,-0.9498,2.43386,drift,internal,-5.09008,-2.12216,0.9088,3.15,7.6
20260526-201238-sentence-script-a-cell-sphere-with-many-90bfd7,50.5575,50.5517,3026,0.02477,1,0,1,SECRETE,2.398,0.0,,79,92,0,10,171,0.23103,1,0.0,83,83,0,80,3,1,1.382707,0.11848,0.0,0,-0.14771,-0.97751,2.41271,drift,internal,-5.0447,-2.12439,0.89183,3.15,7.6
20260526-201238-sentence-script-a-cell-sphere-with-many-90bfd7,50.7641,50.7606,3038,0.01727,1,0,1,SECRETE,2.6069,0.0,,79,92,0,9,171,0.229575,1,0.0,83,83,0,80,3,1,0.947174,0.10556,0.0,0,-0.10896,-1.00272,2.39621,drift,internal,-5.00082,-2.13358,0.8641,3.15,7.6
20260526-201238-sentence-script-a-cell-sphere-with-many-90bfd7,50.9768,50.9732,3050,0.01753,1,0,1,SECRETE,2.8195,0.0,,79,92,0,9,171,0.239584,1,0.0,83,82,1,80,3,1,0.97598,0.093859,0.0,0,-0.0691,-1.02381,2.38135,drift,internal,-4.96161,-2.14723,0.8271,3.15,7.6
20260526-201238-sentence-script-a-cell-sphere-with-many-90bfd7,51.1908,51.1873,3062,0.01874,1,0,1,SECRETE,3.0336,0.0,,79,92,0,9,171,0.233177,1,0.0,83,82,1,80,3,0,1.013407,0.083381,0.0,0,-0.0365,-1.03486,2.37957,drift,internal,-4.94621,-2.164,0.76839,3.15,7.6
20260526-201238-sentence-script-a-cell-sphere-with-many-90bfd7,51.3952,51.3911,3074,0.01745,1,0,1,SECRETE,3.2374,0.0,,79,92,0,9,171,0.238106,1,0.0,82,82,0,79,3,7,0.946698,0.074503,0.0,0,-0.00426,-1.04419,2.37815,drift,internal,-4.95305,-2.17871,0.71554,3.15,7.6
20260526-201238-sentence-script-a-cell-sphere-with-many-90bfd7,51.6017,51.5835,3085,0.01748,1,0,1,SECRETE,3.4298,0.0,,79,92,0,9,171,0.236966,1,0.0,82,82,0,79,3,8,0.934422,0.066986,0.0,0,0.02289,-1.05133,2.3689,drift,internal,-4.96013,-2.18898,0.66164,3.15,7.6
20260526-201238-sentence-script-a-cell-sphere-with-many-90bfd7,51.806,51.8009,3097,0.01769,1,0,1,SECRETE,3.6472,0.0,,79,92,0,10,171,0.23655,1,0.0,82,82,0,79,3,8,0.935911,0.0594,0.0,0,0.05252,-1.05726,2.36455,drift,internal,-4.96771,-2.20973,0.58206,3.15,7.6
20260526-201238-sentence-script-a-cell-sphere-with-many-90bfd7,52.022,52.0183,3109,0.01748,1,0,1,SECRETE,3.8646,0.0,,79,92,0,10,171,0.231252,1,0.0,82,82,0,79,3,8,0.903536,0.052675,0.0,0,0.07441,-1.05969,2.35998,drift,internal,-4.98289,-2.22054,0.51126,3.15,7.6
20260526-201238-sentence-script-a-cell-sphere-with-many-90bfd7,52.2358,52.2321,3121,0.01786,1,0,1,SECRETE,4.0784,0.0,,79,92,0,10,171,0.230818,1,0.0,82,81,1,79,3,8,0.91972,0.046804,0.0,0,0.09011,-1.06084,2.35462,drift,internal,-4.99581,-2.21046,0.44747,3.15,7.6
20260526-201238-sentence-script-a-cell-sphere-with-many-90bfd7,52.4419,52.4379,3133,0.01727,1,0,1,SECRETE,4.2842,0.0,,79,92,0,10,171,0.23272,1,0.0,82,81,1,79,3,6,0.895398,0.041773,0.0,0,0.10005,-1.0583,2.3557,drift,internal,-5.00458,-2.20855,0.39599,3.15,7.6
20260526-201238-sentence-script-a-cell-sphere-with-many-90bfd7,52.6495,52.6448,3145,0.0174,1,0,1,SECRETE,4.4911,0.0,,79,92,0,11,171,0.236873,1,0.0,82,81,1,79,3,0,0.915159,0.037259,0.0,0,0.10844,-1.06248,2.35933,drift,internal,-5.01227,-2.20076,0.3353,3.15,7.6
20260526-201238-sentence-script-a-cell-sphere-with-many-90bfd7,52.863,52.8592,3157,0.0176,1,0,1,SECRETE,4.7055,0.0,,79,92,0,11,171,0.232669,1,0.0,81,81,0,78,3,7,0.899284,0.033096,0.0,0,0.1228,-1.05981,2.37077,drift,internal,-5.01353,-2.1932,0.27671,3.15,7.6
20260526-201238-sentence-script-a-cell-sphere-with-many-90bfd7,53.0774,53.0736,3169,0.01793,1,0,1,SECRETE,4.9199,0.0,,79,92,0,11,171,0.224741,1,0.0,81,81,0,78,3,7,0.884545,0.029397,0.0,0,0.14367,-1.05036,2.37873,drift,internal,-5.00656,-2.19547,0.23629,3.15,7.6
20260526-201238-sentence-script-a-cell-sphere-with-many-90bfd7,53.2948,53.2913,3181,0.01787,1,0,1,SECRETE,5.1376,0.0,,79,92,0,11,171,0.231496,1,0.0,81,81,0,78,3,7,0.895065,0.026065,0.0,0,0.17428,-1.0414,2.38867,drift,internal,-5.00747,-2.19512,0.19951,3.15,7.6
20260526-201238-sentence-script-a-cell-sphere-with-many-90bfd7,53.5029,53.4989,3193,0.01758,1,0,1,SECRETE,5.3452,0.0,,79,92,0,11,171,0.228616,0,0.0,83,83,0,80,3,9,0.867734,0.023239,0.0,0,0.20759,-1.03924,2.39583,drift,internal,-5.02102,-2.18797,0.16119,3.15,7.6
20260526-201238-sentence-script-a-cell-sphere-with-many-90bfd7,53.711,53.6919,3204,0.01749,1,0,1,SECRETE,5.5382,0.0,,79,92,0,10,171,0.22657,0,0.0,89,88,1,86,3,15,0.866583,0.020888,0.0,0,0.23711,-1.0382,2.39815,drift,internal,-5.0319,-2.16831,0.12634,3.15,7.6
20260526-201238-sentence-script-a-cell-sphere-with-many-90bfd7,53.9118,53.9078,3216,0.01776,1,0,1,SECRETE,5.7541,0.0,,79,92,0,10,171,0.229822,0,0.0,89,88,1,86,3,10,0.891598,0.018538,0.0,0,0.27378,-1.03338,2.39549,drift,internal,-5.04566,-2.14617,0.1107,3.15,7.6
20260526-201238-sentence-script-a-cell-sphere-with-many-90bfd7,54.1162,54.1111,3227,0.01805,1,0,1,SECRETE,5.9574,0.0,,79,92,0,9,171,0.225829,0,0.0,89,88,1,86,3,8,0.895518,0.016567,0.0,0,0.3009,-1.02909,2.3885,drift,internal,-5.0665,-2.12706,0.11302,3.15,7.6
20260526-201238-sentence-script-a-cell-sphere-with-many-90bfd7,54.3332,54.3283,3239,0.01817,1,0,1,SECRETE,6.1746,0.0,,79,92,0,9,171,0.229883,0,0.0,88,88,0,85,3,2,0.899693,0.014693,0.0,0,0.32904,-1.02148,2.38066,drift,internal,-5.09535,-2.10239,0.1312,3.15,7.6
20260526-201238-sentence-script-a-cell-sphere-with-many-90bfd7,54.5357,54.5186,3250,0.01668,1,0,1,SECRETE,6.3648,0.0,,79,92,0,9,171,0.223236,0,0.0,88,88,0,85,3,1,0.810502,0.013227,0.0,0,0.34274,-1.00729,2.37165,drift,internal,-5.13801,-2.0767,0.15677,3.15,7.6
20260526-201238-sentence-script-a-cell-sphere-with-many-90bfd7,54.7482,54.7416,3263,0.01697,1,0,1,SECRETE,6.5879,0.0,,79,92,0,9,171,0.223864,0,0.0,88,88,0,85,3,1,0.82511,0.011693,0.0,0,0.35322,-0.98397,2.3594,drift,internal,-5.1943,-2.06181,0.18144,3.15,7.6
20260526-201238-sentence-script-a-cell-sphere-with-many-90bfd7,54.9488,54.9452,3274,0.01697,1,0,1,SECRETE,6.7915,0.0,,79,92,0,10,171,0.218856,0,0.0,88,87,1,85,3,1,0.807515,0.010448,0.0,0,0.36422,-0.96062,2.35522,drift,internal,-5.22468,-2.05126,0.21386,3.15,7.6
20260526-201238-sentence-script-a-cell-sphere-with-many-90bfd7,55.1564,55.1523,3286,0.01754,1,0,1,SECRETE,6.9986,0.0,,79,92,0,10,171,0.22124,0,0.0,88,87,1,85,3,1,0.844951,0.009318,0.0,0,0.36879,-0.9284,2.34869,drift,internal,-5.24043,-2.03785,0.23395,3.15,7.6
20260526-201238-sentence-script-a-cell-sphere-with-many-90bfd7,55.3616,55.3587,3298,0.017,1,0,1,SECRETE,7.205,0.0,,79,92,0,10,171,0.221977,0,0.0,88,87,1,85,3,0,0.828432,0.008314,0.0,0,0.36845,-0.90126,2.34493,drift,internal,-5.2517,-2.02574,0.249,3.15,7.6
20260526-201238-sentence-script-a-cell-sphere-with-many-90bfd7,55.5662,55.5633,3310,0.01674,1,0,1,SECRETE,7.4096,0.0,,79,92,0,10,171,0.217739,0,0.0,87,87,0,84,3,1,0.791146,0.007425,0.0,0,0.36678,-0.88087,2.34332,drift,internal,-5.25886,-2.01735,0.26158,3.15,7.6
20260526-201238-sentence-script-a-cell-sphere-with-many-90bfd7,55.7719,55.7691,3322,0.01747,1,0,1,SECRETE,7.6154,0.0,,79,92,0,11,171,0.220194,0,0.0,87,87,0,84,3,1,0.826862,0.006627,0.0,0,0.36614,-0.86599,2.34944,drift,internal,-5.27763,-2.03738,0.27346,3.15,7.6
20260526-201238-sentence-script-a-cell-sphere-with-many-90bfd7,55.9794,55.9766,3334,0.01701,1,0,1,SECRETE,7.8229,0.0,,79,92,0,11,171,0.22118,0,0.0,87,87,0,84,3,1,0.804614,0.005909,0.0,0,0.36108,-0.85211,2.35726,drift,internal,-5.30357,-2.06144,0.27434,3.15,7.6
20260526-201238-sentence-script-a-cell-sphere-with-many-90bfd7,56.1918,56.1888,3346,0.0174,1,0,1,SECRETE,8.0351,0.0,,79,92,0,10,171,0.21708,0,0.0,87,87,0,84,3,1,0.816072,0.005255,0.0,0,0.35976,-0.83973,2.36521,drift,internal,-5.33703,-2.08658,0.2737,3.15,7.6
20260526-201238-sentence-script-a-cell-sphere-with-many-90bfd7,56.4033,56.4003,3358,0.01781,1,0,1,SECRETE,8.2466,0.0,,79,92,0,9,171,0.216478,0,0.0,87,86,1,84,3,1,0.835935,0.004675,0.0,0,0.35999,-0.82503,2.37362,drift,internal,-5.38373,-2.1046,0.26316,3.15,7.6
20260526-201238-sentence-script-a-cell-sphere-with-many-90bfd7,56.6099,56.6067,3370,0.01681,1,0,1,SECRETE,8.453,0.0,,79,92,0,9,171,0.213356,0,0.0,87,86,1,84,3,0,0.785126,0.004171,0.0,0,0.35491,-0.81082,2.38179,drift,internal,-5.43106,-2.11355,0.24688,3.15,7.6
20260526-201238-sentence-script-a-cell-sphere-with-many-90bfd7,56.8163,56.813,3382,0.01739,1,0,1,SECRETE,8.6593,0.0,,79,92,0,9,171,0.210254,0,0.0,86,86,0,83,3,2,0.796613,0.003722,0.0,0,0.35654,-0.80215,2.38413,drift,internal,-5.48567,-2.1243,0.23636,3.15,7.6
20260526-201238-sentence-script-a-cell-sphere-with-many-90bfd7,57.0216,57.0027,3393,0.017,1,0,1,SECRETE,8.849,0.0,,79,92,0,9,171,0.213502,0,0.0,86,86,0,83,3,2,0.793678,0.003351,0.0,0,0.36401,-0.79796,2.37688,drift,internal,-5.54175,-2.13938,0.2325,3.15,7.6
20260526-201238-sentence-script-a-cell-sphere-with-many-90bfd7,57.2351,57.2309,3406,0.01727,1,0,1,SECRETE,9.0772,0.0,,79,92,0,10,171,0.210558,0,0.0,86,86,0,83,3,2,0.792004,0.002954,0.0,0,0.37861,-0.79294,2.36597,drift,internal,-5.60454,-2.16759,0.24549,3.15,7.6
20260526-201238-sentence-script-a-cell-sphere-with-many-90bfd7,57.4442,57.4412,3418,0.01706,1,0,1,SECRETE,9.2875,0.0,,79,92,0,10,171,0.215805,0,0.0,86,86,0,83,3,2,0.802419,0.00263,0.0,0,0.39004,-0.79039,2.36491,drift,internal,-5.6543,-2.19906,0.26616,3.15,7.6
20260526-201238-sentence-script-a-cell-sphere-with-many-90bfd7,57.6646,57.6445,3430,0.01682,1,0,1,SECRETE,9.4908,0.0,,79,92,0,10,171,0.218829,0,0.0,86,85,1,83,3,2,0.803954,0.002351,0.0,0,0.39524,-0.78598,2.37044,drift,internal,-5.7104,-2.22223,0.28147,3.15,7.6
20260526-201238-sentence-script-a-cell-sphere-with-many-90bfd7,57.8798,57.8754,3443,0.01742,1,0,1,SECRETE,9.7217,0.0,,79,92,0,10,171,0.220115,0,0.0,86,85,1,83,3,2,0.83459,0.002069,0.0,0,0.40582,-0.7747,2.37651,drift,internal,-5.75321,-2.234,0.28815,3.15,7.6
20260526-201238-sentence-script-a-cell-sphere-with-many-90bfd7,58.0914,58.0886,3455,0.01768,1,0,1,SECRETE,9.9349,0.0,,79,92,0,10,171,0.22351,0,0.0,86,85,1,83,3,0,0.861503,0.001839,0.0,0,0.41335,-0.76829,2.37689,drift,internal,-5.78741,-2.24709,0.29907,3.15,7.6
20260526-201238-sentence-script-a-cell-sphere-with-many-90bfd7,58.309,58.3059,3467,0.0224,1,0,1,SECRETE,10.1522,0.0,,79,92,0,10,171,0.224023,0,0.0,85,85,0,82,3,6,1.08552,0.001631,0.0,0,0.4217,-0.76564,2.36958,drift,internal,-5.81955,-2.25247,0.31928,3.15,7.6
20260526-201238-sentence-script-a-cell-sphere-with-many-90bfd7,58.524,58.521,3479,0.01764,1,0,1,SECRETE,10.3673,0.0,,79,92,0,10,171,0.222228,0,0.0,85,85,0,82,3,6,0.842709,0.001448,0.0,0,0.42938,-0.76353,2.37312,drift,internal,-5.8508,-2.2591,0.33501,3.15,7.6
20260526-201238-sentence-script-a-cell-sphere-with-many-90bfd7,58.7361,58.7329,3491,0.01748,1,0,1,SECRETE,10.5792,0.0,,79,92,0,10,171,0.213664,0,0.0,85,85,0,82,3,6,0.810719,0.001288,0.0,0,0.4398,-0.76607,2.37429,drift,internal,-5.87841,-2.28688,0.34395,3.15,7.6
20260526-201238-sentence-script-a-cell-sphere-with-many-90bfd7,58.9514,58.9446,3503,0.01782,1,0,1,SECRETE,10.7909,0.0,,79,92,0,10,171,0.213388,0,0.0,85,84,1,82,3,6,0.825458,0.001146,0.0,0,0.44558,-0.77068,2.37467,drift,internal,-5.90137,-2.3174,0.34263,3.15,7.6
20260526-201238-sentence-script-a-cell-sphere-with-many-90bfd7,59.1797,59.1592,3515,0.0175,1,0,1,SECRETE,11.0055,0.0,,79,92,0,10,171,0.21122,0,0.0,85,84,1,82,3,6,0.810623,0.001018,0.0,0,0.45779,-0.7708,2.37397,drift,internal,-5.91472,-2.35566,0.33393,3.15,7.6
20260526-201238-sentence-script-a-cell-sphere-with-many-90bfd7,59.3839,59.3803,3527,0.01786,1,0,1,SECRETE,11.2266,0.0,,79,92,0,10,171,0.212843,0,0.0,84,84,0,81,3,4,0.826929,0.000901,0.0,0,0.48235,-0.77072,2.36898,drift,internal,-5.94482,-2.38888,0.33736,3.15,7.6
20260526-201238-sentence-script-a-cell-sphere-with-many-90bfd7,59.5868,59.5837,3538,0.01808,1,0,1,SECRETE,11.43,0.0,,79,92,0,9,171,0.215177,0,0.0,84,84,0,81,3,6,0.843717,0.000805,0.0,0,0.51296,-0.77574,2.36934,drift,internal,-5.97214,-2.41985,0.34784,3.15,7.6
20260526-201238-sentence-script-a-cell-sphere-with-many-90bfd7,59.7936,59.7723,3549,0.01634,1,0,1,HARVEST,0.0655,0.0,,79,92,0,10,171,0.21272,0,0.0,84,84,0,81,3,6,0.751529,0.000725,0.0,0,0.54188,-0.77756,2.37594,drift,internal,-6.00052,-2.44078,0.36562,3.15,7.6
20260526-201238-sentence-script-a-cell-sphere-with-many-90bfd7,59.9971,59.9941,3562,0.01678,1,0,1,HARVEST,0.2873,0.0,,79,92,0,9,171,0.219045,0,0.0,84,84,0,81,3,6,0.787563,0.000641,0.0,0,0.56704,-0.77754,2.38826,drift,internal,-6.03136,-2.4638,0.38338,3.15,7.6
