run_id,frame,elapsed_seconds,sim_time,round_number,ai_enabled,ai_mode,paused,director_x,director_y,director_z,active_channels,molecules_free_inside,molecules_free_outside,molecules_attached,vesicles_alive,first_vesicle_state,first_vesicle_x,first_vesicle_y,first_vesicle_z,first_molecule_kind,first_molecule_inside,first_molecule_state,first_molecule_x,first_molecule_y,first_molecule_z,first_molecule_vx,first_molecule_vy,first_molecule_vz,passes,bounces,collisions,buds,fusions,transfers,marks,spills,detaches,resets,nucleus_absorbed,golgi_absorbed,lysosome_absorbed,er_absorbed
20260526-040130-sentence-script-a-transparent-spherical-2682c1,1,0.0,0.022,1,1,constructive_delivery,0,2.8704,2.2442,3.7577,4,36,20,2,1,budding,2.9222,2.2847,3.8255,waste,1,free,-2.1551,3.27,0.0106,0.3501,-0.5592,0.8539,0,1,0,1,0,0,0,0,0,1,0,0,0,0
20260526-040130-sentence-script-a-transparent-spherical-2682c1,13,0.143,0.286,1,1,constructive_delivery,0,2.7404,2.2024,3.7366,4,36,20,2,1,budding,2.847,2.2258,3.7269,waste,1,free,-2.0663,3.1231,0.2445,0.3294,-0.5738,0.9036,0,2,0,1,0,0,0,0,0,1,0,0,0,0
20260526-040130-sentence-script-a-transparent-spherical-2682c1,25,0.2734,0.55,1,1,constructive_delivery,0,2.7383,2.204,3.7419,4,36,20,2,1,budding,2.7717,2.1669,3.6284,waste,1,free,-1.977,2.9675,0.4868,0.3272,-0.5898,0.9182,0,2,1,1,0,0,2,0,0,1,0,0,0,0
20260526-040130-sentence-script-a-transparent-spherical-2682c1,37,0.3981,0.814,1,1,constructive_delivery,0,2.8914,2.2622,3.7893,4,36,20,2,1,budding,2.6964,2.1081,3.5298,waste,1,free,-1.8798,2.8118,0.7283,0.3783,-0.5623,0.9425,0,5,2,1,0,0,2,0,0,1,0,0,0,0
20260526-040130-sentence-script-a-transparent-spherical-2682c1,49,0.5191,1.078,1,1,constructive_delivery,0,2.8914,2.2622,3.7893,4,36,20,2,1,budding,2.6211,2.0492,3.4313,waste,1,free,-1.7793,2.6655,0.9845,0.3582,-0.539,0.9818,0,6,2,1,0,0,2,0,0,1,0,0,0,0
20260526-040130-sentence-script-a-transparent-spherical-2682c1,61,0.6373,1.342,1,1,constructive_delivery,0,2.8914,2.2622,3.7893,4,36,20,2,1,travel,1.8421,1.4489,2.6149,waste,1,free,-1.6818,2.5216,1.246,0.3958,-0.5552,0.9916,0,8,2,1,0,0,2,0,0,1,0,0,0,0
20260526-040130-sentence-script-a-transparent-spherical-2682c1,73,0.839,1.606,1,1,constructive_delivery,0,2.8914,2.2622,3.7893,4,36,20,2,1,travel,1.2602,0.9739,1.9241,waste,1,free,-1.5795,2.3754,1.5168,0.3935,-0.5373,1.0514,0,9,2,1,0,0,2,0,0,1,0,0,0,0
20260526-040130-sentence-script-a-transparent-spherical-2682c1,85,1.0404,1.87,1,1,constructive_delivery,0,2.8914,2.2622,3.7893,4,36,20,2,1,travel,0.9163,0.6533,1.3925,waste,1,free,-1.4731,2.2376,1.7926,0.4014,-0.5078,1.0601,0,10,2,1,0,0,2,0,0,1,0,0,0,0
20260526-040130-sentence-script-a-transparent-spherical-2682c1,97,1.2426,2.134,1,1,constructive_delivery,0,2.8914,2.2622,3.7893,4,36,20,2,1,travel,0.8274,0.4962,1.0255,waste,1,free,-1.371,2.0935,2.082,0.3804,-0.574,1.0911,0,12,2,1,0,0,2,0,0,1,0,0,0,0
20260526-040130-sentence-script-a-transparent-spherical-2682c1,109,1.4458,2.398,1,1,constructive_delivery,0,2.8914,2.2622,3.7893,4,36,20,2,1,travel,0.9717,0.5051,0.8605,waste,1,free,-1.2652,1.9458,2.3699,0.4053,-0.5521,1.0736,0,14,2,1,0,0,2,0,0,1,0,0,0,0
20260526-040130-sentence-script-a-transparent-spherical-2682c1,121,1.6518,2.662,1,1,constructive_delivery,0,2.8956,2.2638,3.7906,3,36,20,2,1,travel,1.4157,0.6952,0.8547,waste,1,free,-1.1541,1.8031,2.6537,0.4383,-0.5575,1.0676,0,15,2,1,0,0,2,0,0,1,0,0,0,0
20260526-040130-sentence-script-a-transparent-spherical-2682c1,133,1.8537,2.926,1,1,constructive_delivery,0,2.9139,2.2493,3.7658,2,36,20,2,1,fusing,1.8741,0.9284,0.9632,waste,1,free,-1.0336,1.6604,2.9268,0.4577,-0.5513,1.0195,0,16,2,1,0,0,2,0,0,1,0,0,0,0
20260526-040130-sentence-script-a-transparent-spherical-2682c1,145,2.0564,3.19,1,1,constructive_delivery,0,2.9803,2.1452,3.6138,3,36,20,2,1,fusing,1.8741,0.9284,0.9632,waste,1,free,-0.9158,1.5218,3.1954,0.4286,-0.5316,1.0247,0,16,2,1,0,0,2,0,0,1,0,0,0,0
20260526-040130-sentence-script-a-transparent-spherical-2682c1,157,2.2592,3.454,1,1,constructive_delivery,0,2.9322,2.0394,3.348,4,33,20,5,2,fusing,1.8741,0.9284,0.9632,waste,1,free,-0.8045,1.3829,3.4644,0.4534,-0.5171,1.0273,0,16,2,2,0,0,2,0,0,1,0,0,0,0
20260526-040130-sentence-script-a-transparent-spherical-2682c1,169,2.4616,3.718,1,1,constructive_delivery,0,2.9093,2.0334,3.3677,3,35,20,3,1,budding,5.0249,0.402,0.603,waste,1,free,-0.6878,1.2485,3.746,0.4328,-0.5275,1.0691,0,17,6,2,1,2,10,0,0,1,0,2,0,0
20260526-040130-sentence-script-a-transparent-spherical-2682c1,181,2.6636,3.982,1,1,constructive_delivery,0,2.8464,1.9474,3.1617,3,35,20,3,1,budding,4.889,0.3911,0.5867,waste,1,free,-0.5686,1.1071,4.0303,0.44,-0.5414,1.0732,0,20,7,2,1,2,10,0,0,1,0,2,0,0
20260526-040130-sentence-script-a-transparent-spherical-2682c1,193,2.8624,4.246,1,1,constructive_delivery,0,2.788,1.8986,3.0136,3,35,20,3,1,budding,4.7531,0.3803,0.5704,waste,1,free,-0.4477,0.9615,4.3138,0.4685,-0.5393,1.0669,0,23,8,2,1,2,12,0,0,1,0,2,0,0
20260526-040130-sentence-script-a-transparent-spherical-2682c1,205,3.0542,4.51,1,1,constructive_delivery,0,2.7402,1.8806,2.9245,3,35,20,3,1,travel,3.6593,0.2578,0.5077,waste,1,free,-0.3223,0.8217,4.5936,0.4858,-0.5029,1.081,0,23,8,2,1,2,12,0,0,1,0,2,0,0
20260526-040130-sentence-script-a-transparent-spherical-2682c1,217,3.2437,4.774,1,1,constructive_delivery,0,2.6049,1.9906,2.734,3,35,20,3,1,travel,2.3588,0.1943,0.4513,waste,1,free,-0.2032,0.6887,4.8796,0.446,-0.4902,1.0911,0,23,8,2,1,2,12,0,0,1,0,2,0,0
20260526-040130-sentence-script-a-transparent-spherical-2682c1,229,3.4332,5.038,1,1,constructive_delivery,0,2.3942,2.1095,2.4261,4,35,20,3,1,travel,1.1756,0.2377,0.4191,waste,1,free,-0.0839,0.5513,5.1753,0.442,-0.5495,1.1389,0,24,9,2,1,2,12,0,0,1,0,2,0,0
20260526-040130-sentence-script-a-transparent-spherical-2682c1,241,3.6219,5.302,1,1,constructive_delivery,0,2.2189,2.3082,2.1415,4,35,20,3,1,travel,0.0666,0.3946,0.4106,waste,1,free,0.0318,0.407,5.4762,0.4504,-0.5253,1.1296,0,24,9,2,1,2,12,0,0,1,0,2,0,0
20260526-040130-sentence-script-a-transparent-spherical-2682c1,253,3.823,5.566,1,1,constructive_delivery,0,2.0121,2.4267,1.8388,3,35,20,3,1,travel,-0.873,0.6463,0.4257,waste,1,free,0.1537,0.2678,5.7795,0.4585,-0.5427,1.152,0,24,10,2,1,2,12,0,0,1,0,2,0,0
20260526-040130-sentence-script-a-transparent-spherical-2682c1,265,4.0238,5.83,1,1,constructive_delivery,0,1.8264,2.5884,1.5513,2,35,20,3,1,travel,-1.7644,1.0292,0.4669,waste,1,free,0.2513,0.1126,5.6256,0.3403,-0.5978,-1.0981,0,26,11,2,1,2,12,0,0,1,0,2,0,0
20260526-040130-sentence-script-a-transparent-spherical-2682c1,277,4.2249,6.094,1,1,constructive_delivery,0,1.6353,2.7291,1.2627,2,35,20,3,1,travel,-2.4929,1.4939,0.5291,waste,1,free,0.3413,-0.0418,5.333,0.3606,-0.5706,-1.0881,0,27,11,2,1,2,12,0,0,1,0,2,0,0
20260526-040130-sentence-script-a-transparent-spherical-2682c1,289,4.4263,6.358,1,1,constructive_delivery,0,1.4372,2.8448,0.9719,3,35,20,3,1,fusing,-2.8597,1.8037,0.5747,waste,1,free,0.4365,-0.188,5.0455,0.3556,-0.5736,-1.0718,0,27,11,2,1,2,12,0,0,1,0,2,0,0
20260526-040130-sentence-script-a-transparent-spherical-2682c1,301,4.628,6.622,1,1,constructive_delivery,0,1.2402,2.9549,0.6844,3,33,20,5,2,fusing,-2.8597,1.8037,0.5747,waste,1,free,0.5311,-0.3381,4.7582,0.3461,-0.5731,-1.0599,0,31,12,3,1,2,12,0,0,1,0,2,0,0
20260526-040130-sentence-script-a-transparent-spherical-2682c1,313,4.8294,6.886,1,1,constructive_delivery,0,0.9905,2.9515,0.3603,2,33,20,5,2,fusing,-2.8597,1.8037,0.5747,waste,1,free,0.6294,-0.481,4.4831,0.4011,-0.5478,-1.0286,0,31,19,3,1,2,16,0,0,1,0,2,0,0
20260526-040130-sentence-script-a-transparent-spherical-2682c1,325,5.0308,7.15,1,1,constructive_delivery,0,0.7407,2.9481,0.0362,2,36,20,2,1,budding,0.7488,4.8918,-0.4992,waste,1,free,0.731,-0.623,4.199,0.374,-0.5203,-1.0901,0,31,31,3,2,5,27,0,0,1,0,2,0,3
20260526-040130-sentence-script-a-transparent-spherical-2682c1,337,5.234,7.414,1,1,constructive_delivery,0,0.6699,2.833,-0.129,4,36,20,2,1,budding,0.7281,4.7568,-0.4854,waste,1,free,0.8284,-0.7621,3.909,0.3621,-0.5233,-1.0848,0,34,43,3,2,5,31,0,0,1,0,2,0,3
20260526-040130-sentence-script-a-transparent-spherical-2682c1,349,5.4404,7.678,1,1,constructive_delivery,0,0.8438,2.5524,-0.1081,4,36,20,2,1,travel,0.6007,4.234,-0.4153,waste,1,free,0.9268,-0.9039,3.6273,0.3902,-0.567,-1.0487,0,36,50,3,2,5,37,0,0,1,0,2,0,3
20260526-040130-sentence-script-a-transparent-spherical-2682c1,361,5.6451,7.942,1,1,constructive_delivery,0,0.9616,2.249,-0.1064,4,36,20,2,1,travel,0.3606,3.3618,-0.3112,waste,1,free,1.0403,-1.0468,3.3398,0.4603,-0.5248,-1.1098,0,36,51,3,2,5,39,0,0,1,0,2,0,3
20260526-040130-sentence-script-a-transparent-spherical-2682c1,373,5.846,8.206,1,1,artistic_mark,0,1.3984,1.9699,-0.0177,5,36,20,2,1,travel,0.1344,2.6167,-0.2446,waste,1,free,1.1696,-1.1821,3.0468,0.5,-0.488,-1.1167,0,40,51,3,2,5,64,0,0,1,0,2,0,3
20260526-040130-sentence-script-a-transparent-spherical-2682c1,385,6.0461,8.47,1,1,artistic_mark,0,1.8511,1.8457,0.2912,5,37,19,2,1,travel,-0.111,1.8945,-0.2077,waste,1,free,1.3085,-1.3104,2.7486,0.5198,-0.5121,-1.1492,1,44,51,3,2,5,100,0,0,1,0,2,0,3
20260526-040130-sentence-script-a-transparent-spherical-2682c1,397,6.2473,8.734,1,1,artistic_mark,0,2.0834,1.8244,0.7964,4,35,19,4,2,travel,-0.3328,1.318,-0.2057,waste,1,free,1.4461,-1.4477,2.444,0.537,-0.5059,-1.1463,1,45,51,4,2,5,134,0,0,1,0,2,0,3
20260526-040130-sentence-script-a-transparent-spherical-2682c1,409,6.4501,8.998,1,1,artistic_mark,0,1.9583,1.7491,1.3367,3,35,19,4,2,travel,-0.5737,0.7765,-0.2384,waste,1,free,1.575,-1.5716,2.1384,0.4579,-0.456,-1.1533,1,46,52,4,2,5,154,0,0,1,0,2,0,3
20260526-040130-sentence-script-a-transparent-spherical-2682c1,421,6.6527,9.262,1,1,artistic_mark,0,1.6739,1.5303,1.7734,3,35,19,4,2,travel,-0.8034,0.3418,-0.3031,waste,1,free,1.6984,-1.6911,1.8267,0.4744,-0.4377,-1.2057,1,47,52,4,2,5,154,0,0,1,0,2,0,3
20260526-040130-sentence-script-a-transparent-spherical-2682c1,433,6.8607,9.526,1,1,artistic_mark,0,1.3365,1.2225,2.1085,2,35,19,4,2,travel,-1.0273,-0.0041,-0.3982,waste,1,free,1.8308,-1.8011,1.5015,0.5036,-0.3974,-1.2405,1,49,52,4,2,5,154,0,0,1,0,2,0,3
20260526-040130-sentence-script-a-transparent-spherical-2682c1,445,7.0726,9.79,1,1,artistic_mark,0,0.945,0.8843,2.3394,2,35,19,4,2,travel,-1.2739,-0.2943,-0.5402,waste,1,free,1.9591,-1.9015,1.1702,0.4825,-0.4013,-1.2278,1,49,52,4,2,5,154,0,0,1,0,2,0,3
20260526-040130-sentence-script-a-transparent-spherical-2682c1,457,7.2894,10.054,1,1,artistic_mark,0,0.5093,0.5391,2.4461,3,35,19,4,2,travel,-1.4801,-0.4652,-0.6885,waste,1,free,2.0856,-1.997,0.8532,0.5052,-0.3278,-1.2007,1,50,52,4,2,5,157,0,0,1,0,2,0,3
20260526-040130-sentence-script-a-transparent-spherical-2682c1,469,7.5173,10.318,1,1,artistic_mark,0,0.0444,0.2231,2.3906,4,35,19,4,2,travel,-1.7321,-0.5806,-0.9082,waste,1,free,2.2216,-2.0704,0.5341,0.5088,-0.2812,-1.2069,1,50,52,4,2,5,169,0,0,1,0,2,0,3
20260526-040130-sentence-script-a-transparent-spherical-2682c1,481,7.7427,10.582,1,1,artistic_mark,0,-0.4366,0.0355,2.1646,4,35,19,4,2,fusing,-1.7723,-0.5901,-0.9469,waste,1,free,2.3557,-2.143,0.212,0.5248,-0.2927,-1.255,1,51,52,4,2,5,181,0,0,1,0,2,0,3
20260526-040130-sentence-script-a-transparent-spherical-2682c1,493,7.9464,10.846,1,1,artistic_mark,0,-0.9011,0.035,1.8429,4,35,19,4,2,fusing,-1.7723,-0.5901,-0.9469,waste,1,free,2.49,-2.2222,-0.1182,0.5035,-0.2859,-1.2403,1,51,52,4,2,5,197,0,0,1,0,2,0,3
20260526-040130-sentence-script-a-transparent-spherical-2682c1,505,8.148,11.11,1,1,artistic_mark,0,-1.2936,0.1697,1.4585,4,37,19,2,1,travel,1.4747,0.8253,0.0929,waste,1,free,2.6318,-2.2943,-0.4419,0.5278,-0.2849,-1.2693,1,52,52,4,3,7,224,0,0,1,2,2,0,3
20260526-040130-sentence-script-a-transparent-spherical-2682c1,517,8.3432,11.374,1,1,artistic_mark,0,-1.5365,0.3651,0.9879,3,37,19,2,1,travel,2.3102,1.1135,0.0569,waste,1,free,2.7695,-2.3632,-0.7754,0.5084,-0.2444,-1.2516,1,52,52,4,3,7,247,0,0,1,2,2,0,3
20260526-040130-sentence-script-a-transparent-spherical-2682c1,529,8.534,11.638,1,1,artistic_mark,0,-1.5992,0.5359,0.4527,4,37,19,2,1,fusing,2.3918,1.1544,0.0515,waste,1,free,2.9146,-2.4273,-1.1058,0.5694,-0.2401,-1.2461,1,53,52,4,3,7,277,0,0,1,2,2,0,3
20260526-040130-sentence-script-a-transparent-spherical-2682c1,541,8.723,11.902,1,1,artistic_mark,0,-1.5265,0.6129,-0.1028,4,37,19,2,1,fusing,2.3918,1.1544,0.0515,waste,1,free,3.0546,-2.4793,-1.4418,0.4903,-0.2049,-1.2868,1,57,52,4,3,7,320,0,0,1,2,2,0,3
20260526-040130-sentence-script-a-transparent-spherical-2682c1,553,8.9247,12.166,1,1,artistic_mark,0,-1.3197,0.5425,-0.6219,4,39,19,0,0,,,,,waste,1,free,3.1816,-2.5411,-1.7819,0.4775,-0.2358,-1.2658,1,59,52,4,4,9,359,0,0,1,2,4,0,3
20260526-040130-sentence-script-a-transparent-spherical-2682c1,565,9.1256,12.43,1,1,artistic_mark,0,-0.9636,0.3269,-1.0015,3,39,19,0,0,,,,,waste,1,free,3.3083,-2.605,-2.1178,0.48,-0.244,-1.2767,1,62,52,4,4,9,378,0,0,1,2,4,0,3
20260526-040130-sentence-script-a-transparent-spherical-2682c1,577,9.3271,12.694,1,1,artistic_mark,0,-0.5258,0.0516,-1.2327,3,37,19,2,1,budding,-1.167,-5.0392,0.9548,waste,1,free,3.4324,-2.6692,-2.4529,0.4771,-0.2556,-1.2675,1,65,52,5,4,9,384,0,0,1,2,4,0,3
20260526-040130-sentence-script-a-transparent-spherical-2682c1,589,9.5284,12.958,1,1,artistic_mark,0,-0.0484,-0.2212,-1.3705,3,37,19,2,1,budding,-1.1365,-4.9077,0.9299,waste,1,free,3.5567,-2.7357,-2.7947,0.4672,-0.2739,-1.3197,1,67,52,5,4,9,384,0,0,1,2,4,0,3
20260526-040130-sentence-script-a-transparent-spherical-2682c1,601,9.7325,13.222,1,1,artistic_mark,0,0.4829,-0.4079,-1.3814,3,37,19,2,1,budding,-1.1061,-4.7761,0.905,waste,1,free,3.6785,-2.8102,-3.1371,0.4566,-0.2949,-1.292,1,68,52,5,4,9,393,0,0,1,2,4,0,3
20260526-040130-sentence-script-a-transparent-spherical-2682c1,613,9.9339,13.486,1,1,artistic_mark,0,1.0144,-0.3954,-1.1998,3,37,19,2,1,budding,-1.0756,-4.6446,0.88,waste,1,free,3.7458,-2.8506,-3.4239,-1.0472,0.7944,0.1265,1,70,52,5,4,9,405,0,0,1,2,4,0,3
20260526-040130-sentence-script-a-transparent-spherical-2682c1,625,10.1346,13.75,1,1,artistic_mark,0,1.4533,-0.2236,-0.888,3,37,19,2,1,travel,-0.9808,-4.0195,0.7851,waste,1,free,3.4653,-2.6501,-3.3942,-1.0632,0.7675,0.1,1,71,52,5,4,9,408,0,0,1,2,4,0,3
20260526-040130-sentence-script-a-transparent-spherical-2682c1,637,10.336,14.014,1,1,artistic_mark,0,1.7575,0.0379,-0.4904,3,37,19,2,1,travel,-0.7085,-2.7816,0.5999,waste,1,free,3.1949,-2.4412,-3.3616,-1.0156,0.7723,0.1242,1,71,52,5,4,9,408,0,0,1,2,4,0,3
20260526-040130-sentence-script-a-transparent-spherical-2682c1,649,10.5378,14.278,1,1,artistic_mark,0,1.8656,0.326,-0.0181,3,37,19,2,1,travel,-0.3423,-1.7641,0.4424,waste,1,free,2.9302,-2.2348,-3.3263,-0.9918,0.7972,0.1528,1,73,52,5,4,9,414,0,0,1,2,4,0,3
20260526-040130-sentence-script-a-transparent-spherical-2682c1,661,10.7401,14.542,1,1,artistic_mark,0,1.7718,0.5202,0.5024,3,37,19,2,1,travel,0.1635,-0.8554,0.2951,waste,1,free,2.6697,-2.0255,-3.2865,-0.9809,0.8026,0.1721,1,75,52,5,4,9,436,0,0,1,2,4,0,3
20260526-040130-sentence-script-a-transparent-spherical-2682c1,673,10.9412,14.806,1,1,artistic_mark,0,1.5384,0.5196,1.0152,4,37,19,2,1,travel,0.7458,-0.1655,0.176,waste,1,free,2.4098,-1.8124,-3.2429,-0.9839,0.8276,0.1552,1,75,52,5,4,9,456,0,0,1,2,4,0,3
20260526-040130-sentence-script-a-transparent-spherical-2682c1,685,11.1414,15.07,1,1,artistic_mark,0,1.2056,0.3556,1.4414,3,37,19,2,1,travel,1.4675,0.386,0.0713,waste,1,free,2.1482,-1.5949,-3.1993,-0.9771,0.8028,0.1713,1,76,52,5,4,9,479,0,0,1,2,4,0,3
20260526-040130-sentence-script-a-transparent-spherical-2682c1,697,11.3422,15.334,1,1,artistic_mark,0,0.7936,0.1127,1.7437,2,37,19,2,1,fusing,2.0623,0.6775,0.0081,waste,1,free,1.8941,-1.3868,-3.1489,-0.938,0.7977,0.189,1,76,52,5,4,9,485,0,0,1,2,4,0,3
20260526-040130-sentence-script-a-transparent-spherical-2682c1,709,11.5427,15.598,1,1,artistic_mark,0,0.322,-0.1569,1.9008,1,37,19,2,1,fusing,2.0623,0.6775,0.0081,waste,1,free,1.645,-1.1836,-3.0997,-0.9536,0.7304,0.1741,1,76,53,5,4,9,485,0,0,1,2,4,0,3
20260526-040130-sentence-script-a-transparent-spherical-2682c1,721,11.7423,15.862,1,1,artistic_mark,0,-0.1946,-0.3791,1.8681,1,37,19,2,1,fusing,2.0623,0.6775,0.0081,waste,1,free,1.3941,-0.9908,-3.056,-0.9513,0.7152,0.1485,1,78,53,5,4,9,492,0,0,1,2,4,0,3
20260526-040130-sentence-script-a-transparent-spherical-2682c1,733,11.9463,16.126,1,1,artistic_mark,0,-0.7133,-0.4333,1.6553,0,39,19,0,0,,,,,waste,1,free,1.1402,-0.791,-3.0114,-0.9627,0.7685,0.1787,1,78,53,5,5,11,516,0,0,1,2,6,0,3
20260526-040130-sentence-script-a-transparent-spherical-2682c1,745,12.1504,16.39,1,1,artistic_mark,0,-1.1765,-0.3129,1.3542,0,39,19,0,0,,,,,waste,1,free,0.8809,-0.5834,-2.9658,-1.0002,0.8028,0.1485,1,80,53,5,5,11,546,0,0,1,2,6,0,3
20260526-040130-sentence-script-a-transparent-spherical-2682c1,757,12.3543,16.654,1,1,constructive_delivery,0,-1.3504,-0.2076,1.0815,1,39,19,0,0,,,,,waste,1,free,0.6183,-0.3758,-2.928,-0.984,0.7935,0.1569,1,83,53,5,5,11,567,0,0,1,2,6,0,3
20260526-040130-sentence-script-a-transparent-spherical-2682c1,769,12.5581,16.918,1,1,constructive_delivery,0,-1.1913,-0.103,0.9363,2,37,19,2,1,budding,-4.9202,-0.6281,1.5703,waste,1,free,0.3563,-0.1653,-2.8838,-0.9668,0.804,0.1783,1,85,58,6,5,11,571,0,0,1,2,6,0,3
20260526-040130-sentence-script-a-transparent-spherical-2682c1,781,12.7618,17.182,1,1,constructive_delivery,0,-0.9704,-0.0543,0.7629,2,37,19,2,1,budding,-4.7903,-0.6115,1.5288,waste,1,free,0.1032,0.0489,-2.8351,-0.9653,0.8332,0.1635,1,88,58,6,5,11,571,0,0,1,2,6,0,3
20260526-040130-sentence-script-a-transparent-spherical-2682c1,793,12.9639,17.446,1,1,constructive_delivery,0,-0.923,0.0643,0.7005,3,37,19,2,1,budding,-4.6605,-0.595,1.4874,waste,1,free,-0.1548,0.2567,-2.7941,-1.0083,0.7742,0.1504,1,89,58,6,5,11,571,0,0,1,2,6,0,3
20260526-040130-sentence-script-a-transparent-spherical-2682c1,805,13.1656,17.71,1,1,constructive_delivery,0,-0.9705,0.2324,0.7344,4,37,19,2,1,budding,-4.5307,-0.5784,1.446,waste,1,free,-0.4146,0.462,-2.7501,-0.9665,0.7817,0.1873,1,92,58,6,5,11,571,0,0,1,2,6,0,3
20260526-040130-sentence-script-a-transparent-spherical-2682c1,817,13.368,17.974,1,1,constructive_delivery,0,-1.0403,0.4034,0.7302,4,37,19,2,1,travel,-3.4246,-0.4825,1.1363,waste,1,free,-0.672,0.6693,-2.6909,-0.9823,0.7844,0.2324,1,93,58,6,5,11,571,0,0,1,2,6,0,3
20260526-040130-sentence-script-a-transparent-spherical-2682c1,829,13.5701,18.238,1,1,constructive_delivery,0,-1.1606,0.4361,0.7533,3,37,19,2,1,travel,-2.235,-0.2978,0.8647,waste,1,free,-0.9271,0.8843,-2.6255,-0.9398,0.8281,0.2511,1,94,58,6,5,11,571,0,0,1,2,6,0,3
20260526-040130-sentence-script-a-transparent-spherical-2682c1,841,13.7734,18.502,1,1,constructive_delivery,0,-1.0374,0.5307,0.7375,3,37,19,2,1,travel,-1.1317,-0.0299,0.6836,waste,1,free,-1.1756,1.1028,-2.5489,-0.9262,0.8364,0.3032,1,97,58,6,5,11,571,0,0,1,2,6,0,3
20260526-040130-sentence-script-a-transparent-spherical-2682c1,853,13.9743,18.766,1,1,constructive_delivery,0,-0.8499,0.6287,0.7145,3,37,19,2,1,travel,-0.1004,0.3295,0.5943,waste,1,free,-1.4098,1.3225,-2.4628,-0.8646,0.8347,0.3095,1,100,58,6,5,11,571,0,0,1,2,6,0,3
20260526-040130-sentence-script-a-transparent-spherical-2682c1,865,14.1743,19.03,1,1,constructive_delivery,0,-0.4654,0.6465,0.7007,4,37,19,2,1,travel,0.789,0.7508,0.5989,waste,1,free,-1.634,1.5343,-2.3826,-0.8589,0.7977,0.2912,1,101,58,6,5,11,571,0,0,1,2,6,0,3
20260526-040130-sentence-script-a-transparent-spherical-2682c1,877,14.3753,19.294,1,1,constructive_delivery,0,-0.4889,0.7852,0.601,4,35,19,4,2,travel,1.6407,1.2876,0.701,waste,1,free,-1.8632,1.7381,-2.3089,-0.89,0.7754,0.2794,1,102,58,7,5,11,571,0,0,1,2,6,0,3
20260526-040130-sentence-script-a-transparent-spherical-2682c1,889,14.5757,19.558,1,1,constructive_delivery,0,-0.5821,0.964,0.4685,4,35,19,4,2,fusing,1.7242,1.349,0.7174,waste,1,free,-2.0984,1.9418,-2.2315,-0.9012,0.7696,0.3178,1,103,58,7,5,11,571,0,0,1,2,6,0,3
20260526-040130-sentence-script-a-transparent-spherical-2682c1,901,14.7752,19.822,1,1,constructive_delivery,0,-0.7269,1.0777,0.3345,2,35,19,4,2,fusing,1.7242,1.349,0.7174,waste,1,free,-2.3302,2.1419,-2.1498,-0.8664,0.7454,0.3075,1,106,58,7,5,11,571,0,0,1,2,6,0,3
20260526-040130-sentence-script-a-transparent-spherical-2682c1,913,14.9766,20.086,1,1,constructive_delivery,0,-0.7178,1.1199,0.3838,2,37,19,2,1,budding,4.8437,0.3875,0.5812,waste,1,free,-2.558,2.3417,-2.0749,-0.8803,0.7674,0.2726,1,108,61,7,6,13,573,0,0,1,2,8,0,3
20260526-040130-sentence-script-a-transparent-spherical-2682c1,925,15.1781,20.35,1,1,constructive_delivery,0,-0.6693,1.3826,0.3228,2,37,19,2,1,travel,4.5712,0.3571,0.5574,waste,1,free,-2.7953,2.551,-2.0026,-0.8903,0.8042,0.2927,1,108,73,7,6,13,575,0,0,1,2,8,0,3
20260526-040130-sentence-script-a-transparent-spherical-2682c1,937,15.3799,20.614,1,1,constructive_delivery,0,-0.5256,1.7565,0.2391,2,37,19,2,1,travel,2.7139,0.0893,0.4492,waste,1,free,-3.0235,2.7606,-1.9253,-0.8499,0.7887,0.3,1,109,88,7,6,13,581,0,0,1,2,8,0,3
20260526-040130-sentence-script-a-transparent-spherical-2682c1,949,15.582,20.878,1,1,constructive_delivery,0,-0.3819,2.1304,0.1554,2,37,19,2,1,travel,1.2188,-0.1467,0.3679,waste,1,free,-3.2447,2.9776,-1.8494,-0.8578,0.837,0.3162,1,109,100,7,6,13,593,0,0,1,2,8,0,3
20260526-040130-sentence-script-a-transparent-spherical-2682c1,961,15.7874,21.142,1,1,constructive_delivery,0,-0.2383,2.5043,0.0718,2,37,19,2,1,travel,-0.0256,-0.3684,0.3075,waste,1,free,-3.4762,3.2044,-1.7563,-0.8646,0.8527,0.3514,1,111,119,7,6,13,597,0,0,1,2,8,0,3
20260526-040130-sentence-script-a-transparent-spherical-2682c1,973,15.9889,21.406,1,1,constructive_delivery,0,-0.0858,2.8432,0.0212,2,37,19,2,1,travel,-0.9529,-0.5648,0.2714,waste,1,free,-3.7028,3.4317,-1.6668,-0.8326,0.8742,0.3227,1,113,139,7,6,13,603,0,0,1,2,8,0,3
20260526-040130-sentence-script-a-transparent-spherical-2682c1,985,16.1915,21.67,1,1,constructive_delivery,0,0.145,2.8613,0.2714,2,35,19,4,2,travel,-1.5688,-0.7344,0.2587,waste,1,free,-3.9234,3.6609,-1.5772,-0.8196,0.8421,0.34,1,113,155,8,6,13,609,0,0,1,2,8,0,3
20260526-040130-sentence-script-a-transparent-spherical-2682c1,997,16.4289,21.934,1,1,constructive_delivery,0,0.3947,2.8071,0.5909,2,35,19,4,2,fusing,-1.6679,-0.7697,0.2589,waste,1,free,-4.1241,3.8711,-1.4759,0.6217,-0.5,0.8369,1,114,168,8,6,13,613,0,0,1,2,8,0,3
20260526-040130-sentence-script-a-transparent-spherical-2682c1,1009,16.6392,22.198,1,1,constructive_delivery,0,0.6445,2.7528,0.9105,1,35,19,4,2,fusing,-1.6679,-0.7697,0.2589,waste,1,free,-3.9545,3.7402,-1.2524,0.6724,-0.4878,0.844,1,114,180,8,6,13,615,0,0,1,2,8,0,3
20260526-040130-sentence-script-a-transparent-spherical-2682c1,1021,16.8568,22.462,1,1,constructive_delivery,0,0.6831,2.6125,1.1668,1,37,19,2,1,budding,0.7281,4.7568,-0.4854,waste,1,free,-3.7747,3.6178,-1.0331,0.6931,-0.453,0.8289,1,116,196,8,7,15,623,0,0,1,4,8,0,3
20260526-040130-sentence-script-a-transparent-spherical-2682c1,1033,17.0575,22.726,1,1,constructive_delivery,0,0.5956,2.4256,1.3776,2,37,19,2,1,travel,0.5772,4.1041,-0.3911,waste,1,free,-3.5921,3.5032,-0.8163,0.6692,-0.3984,0.8238,1,117,208,8,7,15,627,0,0,1,4,8,0,3
20260526-040130-sentence-script-a-transparent-spherical-2682c1,1045,17.2585,22.99,1,1,constructive_delivery,0,0.6479,2.3077,1.6116,2,37,19,2,1,travel,0.3687,3.0553,-0.2164,waste,1,free,-3.4146,3.4008,-0.598,0.6784,-0.3954,0.832,1,119,222,8,7,15,631,0,0,1,4,8,0,3
20260526-040130-sentence-script-a-transparent-spherical-2682c1,1057,17.4603,23.254,1,1,constructive_delivery,0,0.3698,2.0467,1.7598,1,37,19,2,1,travel,0.2692,2.2462,-0.0561,waste,1,free,-3.232,3.3034,-0.3792,0.6859,-0.3638,0.8497,1,120,226,8,7,15,635,0,0,1,4,8,0,3
20260526-040130-sentence-script-a-transparent-spherical-2682c1,1069,17.6648,23.518,1,1,constructive_delivery,0,0.0916,1.7856,1.9079,1,37,19,2,1,travel,0.2711,1.5701,0.1133,waste,1,free,-3.0509,3.2104,-0.1511,0.6619,-0.3531,0.8738,1,123,232,8,7,15,637,0,0,1,4,8,0,3
20260526-040130-sentence-script-a-transparent-spherical-2682c1,1081,17.8672,23.782,1,1,constructive_delivery,0,-0.1343,1.5532,2.0603,2,37,19,2,1,travel,0.3676,1.151,0.258,waste,1,free,-2.8849,3.12,0.0762,0.6247,-0.3282,0.8818,1,123,243,8,7,15,641,0,0,1,4,8,0,3
20260526-040130-sentence-script-a-transparent-spherical-2682c1,1093,18.0688,24.046,1,1,constructive_delivery,0,-0.2577,1.3808,2.2147,3,34,19,5,2,travel,0.5861,0.884,0.4156,waste,1,free,-2.7245,3.0273,0.3091,0.6024,-0.3785,0.8887,1,123,259,9,7,15,651,0,0,1,4,8,0,3
20260526-040130-sentence-script-a-transparent-spherical-2682c1,1105,18.2708,24.31,1,1,constructive_delivery,0,-0.5415,1.1215,2.3549,3,34,19,5,2,travel,0.8932,0.8296,0.5572,waste,1,free,-2.5604,2.9252,0.5439,0.6175,-0.3761,0.9037,1,124,287,9,7,15,661,0,0,1,4,8,0,3
20260526-040130-sentence-script-a-transparent-spherical-2682c1,1117,18.4735,24.574,1,1,constructive_delivery,0,-0.6713,0.9043,2.4176,4,34,19,5,2,travel,1.2963,0.9622,0.6921,waste,1,free,-2.398,2.8212,0.7787,0.6257,-0.4087,0.9044,1,124,300,9,7,15,669,0,0,1,4,8,0,3
20260526-040130-sentence-script-a-transparent-spherical-2682c1,1129,18.6757,24.838,1,1,constructive_delivery,0,-0.5788,0.7289,2.3205,4,34,19,5,2,fusing,1.6614,1.1827,0.7892,waste,1,free,-2.2351,2.7121,1.017,0.6116,-0.4167,0.9302,1,125,312,9,7,15,673,0,0,1,4,8,0,3
20260526-040130-sentence-script-a-transparent-spherical-2682c1,1141,18.8784,25.102,1,1,constructive_delivery,0,-0.4965,0.5634,2.1131,3,34,19,5,2,fusing,1.6614,1.1827,0.7892,waste,1,free,-2.0798,2.6043,1.2646,0.5724,-0.419,0.9496,1,125,325,9,7,15,681,0,0,1,4,8,0,3
20260526-040130-sentence-script-a-transparent-spherical-2682c1,1153,19.0787,25.366,1,1,curious_sample,0,-0.381,0.6996,2.0026,4,34,19,5,2,fusing,1.6614,1.1827,0.7892,waste,1,free,-1.9301,2.4916,1.5168,0.5429,-0.4032,0.9661,1,125,330,9,7,15,685,0,0,1,4,8,0,3
20260526-040130-sentence-script-a-transparent-spherical-2682c1,1165,19.2762,25.63,1,1,curious_sample,0,-0.2974,1.0304,1.829,4,36,19,3,1,travel,1.0393,0.4428,1.4295,waste,1,free,-1.7847,2.3896,1.7803,0.5662,-0.3854,1.0073,1,127,330,9,8,17,687,0,0,1,4,10,0,3
20260526-040130-sentence-script-a-transparent-spherical-2682c1,1177,19.4738,25.894,1,1,curious_sample,0,-0.1827,1.1152,1.7307,6,36,19,3,1,travel,0.8527,-0.1652,0.7705,waste,1,free,-1.6415,2.2848,2.0504,0.5385,-0.4201,1.047,1,131,341,9,8,17,693,0,0,1,4,10,0,3
20260526-040130-sentence-script-a-transparent-spherical-2682c1,1189,19.6729,26.158,1,1,curious_sample,0,0.0675,1.2079,1.9375,6,34,19,5,2,travel,0.9907,-0.6645,0.2987,waste,1,free,-1.4948,2.1804,2.3204,0.5738,-0.38,1.0051,1,131,346,10,8,17,696,0,0,1,4,10,0,3
20260526-040130-sentence-script-a-transparent-spherical-2682c1,1201,19.8719,26.422,1,1,curious_sample,0,0.3646,1.328,2.1468,4,34,19,5,2,travel,1.4495,-1.0969,-0.0292,waste,1,free,-1.3388,2.0811,2.5779,0.6086,-0.3687,0.9644,1,133,346,10,8,17,696,0,0,1,4,10,0,3
20260526-040130-sentence-script-a-transparent-spherical-2682c1,1213,20.0734,26.686,1,1,curious_sample,0,0.6618,1.448,2.3562,4,34,19,5,2,fusing,1.9673,-1.3551,-0.167,waste,1,free,-1.1737,1.9811,2.8434,0.6115,-0.3819,1.0428,1,134,346,10,8,17,696,0,0,1,4,10,0,3
20260526-040130-sentence-script-a-transparent-spherical-2682c1,1225,20.2738,26.95,1,1,curious_sample,0,0.9589,1.5681,2.5655,3,34,19,5,2,fusing,1.9673,-1.3551,-0.167,waste,1,free,-1.0135,1.8815,3.1218,0.6077,-0.3797,1.0611,1,137,346,10,8,17,696,0,0,1,4,10,0,3
20260526-040130-sentence-script-a-transparent-spherical-2682c1,1237,20.4745,27.214,1,1,curious_sample,0,1.256,1.6882,2.7748,2,34,19,5,2,fusing,1.9673,-1.3551,-0.167,waste,1,free,-0.8546,1.7896,3.4059,0.6028,-0.2986,1.0864,1,137,346,10,8,17,696,0,0,1,4,10,0,3
20260526-040130-sentence-script-a-transparent-spherical-2682c1,1249,20.676,27.478,1,1,curious_sample,0,1.5532,1.8083,2.9842,2,37,19,2,1,travel,1.1462,0.5824,1.5678,waste,1,free,-0.6969,1.7165,3.6919,0.5772,-0.2627,1.0919,1,138,355,10,9,20,699,0,0,1,4,10,3,3
20260526-040130-sentence-script-a-transparent-spherical-2682c1,1261,20.8777,27.742,1,1,curious_sample,0,1.8503,1.9284,3.1935,2,37,19,2,1,travel,0.8702,-0.1344,0.7369,waste,1,free,-0.5427,1.643,3.9802,0.5909,-0.2767,1.0868,1,139,356,10,9,20,701,0,0,1,4,10,3,3
20260526-040130-sentence-script-a-transparent-spherical-2682c1,1273,21.0764,28.006,1,1,curious_sample,0,2.1475,2.0485,3.4028,2,37,19,2,1,travel,1.0075,-0.7957,0.0398,waste,1,free,-0.3883,1.5646,4.2741,0.572,-0.3088,1.1308,1,139,356,10,9,20,701,0,0,1,4,10,3,3
20260526-040130-sentence-script-a-transparent-spherical-2682c1,1285,21.2683,28.27,1,1,curious_sample,0,2.4446,2.1686,3.6122,2,37,19,2,1,travel,1.528,-1.3399,-0.4617,waste,1,free,-0.2392,1.4727,4.5672,0.5702,-0.368,1.1048,1,139,356,10,9,20,701,0,0,1,4,10,3,3
20260526-040130-sentence-script-a-transparent-spherical-2682c1,1297,21.4578,28.534,1,1,curious_sample,0,2.7418,2.2887,3.8215,3,37,19,2,1,fusing,2.0036,-1.6204,-0.6834,waste,1,free,-0.0831,1.3653,4.8584,0.6236,-0.4166,1.1089,1,141,356,10,9,20,701,0,0,1,4,10,3,3
20260526-040130-sentence-script-a-transparent-spherical-2682c1,1309,21.6456,28.798,1,1,curious_sample,0,2.9667,2.4231,3.9472,4,37,19,2,1,fusing,2.0036,-1.6204,-0.6834,waste,1,free,0.0786,1.2513,5.1579,0.5836,-0.4446,1.1796,1,141,356,10,9,20,701,0,0,1,4,10,3,3
20260526-040130-sentence-script-a-transparent-spherical-2682c1,1321,21.8334,29.062,1,1,curious_sample,0,2.8302,2.629,3.6548,4,37,19,2,1,fusing,2.0036,-1.6204,-0.6834,waste,1,free,0.2275,1.1261,5.4694,0.5591,-0.4694,1.1904,1,141,356,10,9,20,701,0,0,1,4,10,3,3
20260526-040130-sentence-script-a-transparent-spherical-2682c1,1333,22.0364,29.326,1,1,curious_sample,0,2.6938,2.835,3.3624,4,39,19,0,0,,,,,waste,1,free,0.3707,0.9956,5.7249,0.3834,-0.8049,-0.9482,1,144,356,10,10,22,703,0,0,1,4,10,5,3
20260526-040130-sentence-script-a-transparent-spherical-2682c1,1345,22.2397,29.59,1,1,curious_sample,0,2.5573,3.0409,3.07,5,39,19,0,0,,,,,waste,1,free,0.4728,0.7813,5.4791,0.3746,-0.8199,-0.925,1,147,356,10,10,22,703,0,0,1,4,10,5,3
20260526-040130-sentence-script-a-transparent-spherical-2682c1,1357,22.4426,29.854,1,1,curious_sample,0,2.4425,3.098,2.8487,5,39,19,0,0,,,,,waste,1,free,0.5727,0.5669,5.2373,0.3754,-0.8123,-0.9306,1,149,356,10,10,22,703,0,0,1,4,10,5,3
20260526-040130-sentence-script-a-transparent-spherical-2682c1,1369,22.6451,30.118,1,1,curious_sample,0,2.2888,2.8021,2.7436,7,36,19,3,1,budding,-1.1619,-5.0173,0.9506,waste,1,free,0.6725,0.3501,4.9917,0.393,-0.8238,-0.928,1,151,356,11,10,22,703,0,0,1,4,10,5,3
20260526-040130-sentence-script-a-transparent-spherical-2682c1,1381,22.8481,30.382,1,1,curious_sample,0,2.1402,2.4567,2.6721,5,36,19,3,1,budding,-1.1314,-4.8857,0.9257,waste,1,free,0.7843,0.1296,4.7458,0.4602,-0.8055,-0.9357,1,152,356,11,10,22,703,0,0,1,4,10,5,3
20260526-040130-sentence-script-a-transparent-spherical-2682c1,1393,23.049,30.646,1,1,curious_sample,0,1.9916,2.1112,2.6007,5,36,19,3,1,budding,-1.101,-4.7542,0.9008,waste,1,free,0.91,-0.0847,4.4946,0.4766,-0.8168,-0.9623,1,152,356,11,10,22,703,0,0,1,4,10,5,3
20260526-040130-sentence-script-a-transparent-spherical-2682c1,1405,23.2504,30.91,1,1,curious_sample,0,1.843,1.7657,2.5292,5,36,19,3,1,budding,-1.0705,-4.6227,0.8759,waste,1,free,1.0427,-0.2951,4.2345,0.5134,-0.7781,-0.9909,1,153,356,11,10,22,703,0,0,1,4,10,5,3
20260526-040130-sentence-script-a-transparent-spherical-2682c1,1417,23.4519,31.174,1,1,curious_sample,0,1.6945,1.4202,2.4578,5,36,19,3,1,travel,-0.9526,-3.8473,0.7575,waste,1,free,1.1812,-0.495,3.9659,0.542,-0.7505,-0.9862,1,154,356,11,10,22,703,0,0,1,4,10,5,3
20260526-040130-sentence-script-a-transparent-spherical-2682c1,1429,23.6531,31.438,1,1,curious_sample,0,1.5459,1.0747,2.3863,5,36,19,3,1,travel,-0.7089,-2.8193,0.5892,waste,1,free,1.323,-0.6961,3.7016,0.5544,-0.7433,-1.0132,1,155,356,11,10,22,703,0,0,1,4,10,5,3
20260526-040130-sentence-script-a-transparent-spherical-2682c1,1441,23.8547,31.702,1,1,curious_sample,0,1.3973,0.7293,2.3149,3,36,19,3,1,travel,-0.4029,-2.096,0.4501,waste,1,free,1.4823,-0.8852,3.4358,0.6382,-0.6972,-1.0186,1,155,356,11,10,22,703,0,0,1,4,10,5,3
20260526-040130-sentence-script-a-transparent-spherical-2682c1,1453,24.0563,31.966,1,1,curious_sample,0,1.2488,0.3838,2.2434,3,36,19,3,1,travel,0.0119,-1.6021,0.3236,waste,1,free,1.6468,-1.0719,3.1597,0.6053,-0.7316,-1.0357,1,160,356,11,10,22,703,0,0,1,4,10,5,3
20260526-040130-sentence-script-a-transparent-spherical-2682c1,1465,24.2579,32.23,1,1,curious_sample,0,1.1002,0.0383,2.172,2,36,19,3,1,travel,0.4505,-1.4174,0.2329,waste,1,free,1.8125,-1.2677,2.8888,0.644,-0.7665,-1.0385,1,162,356,11,10,22,703,0,0,1,4,10,5,3
20260526-040130-sentence-script-a-transparent-spherical-2682c1,1477,24.4619,32.494,1,1,curious_sample,0,0.9516,-0.3072,2.1005,2,36,19,3,1,travel,1.0204,-1.4976,0.1559,waste,1,free,1.9853,-1.4714,2.6155,0.6739,-0.7924,-1.0411,1,162,356,11,10,22,703,0,0,1,4,10,5,3
20260526-040130-sentence-script-a-transparent-spherical-2682c1,1489,24.6663,32.758,1,1,curious_sample,0,0.8031,-0.6527,2.0291,2,36,19,3,1,fusing,1.5184,-1.7652,0.1138,waste,1,free,2.1615,-1.6795,2.3438,0.6844,-0.7585,-1.0259,1,163,356,11,10,22,703,0,0,1,4,10,5,3
20260526-040130-sentence-script-a-transparent-spherical-2682c1,1501,24.8707,33.022,1,1,curious_sample,0,0.6545,-0.9982,1.9576,4,36,19,3,1,fusing,1.5184,-1.7652,0.1138,waste,1,free,2.3476,-1.8674,2.0746,0.6887,-0.6977,-1.026,1,164,356,11,10,22,703,0,0,1,4,10,5,3
20260526-040130-sentence-script-a-transparent-spherical-2682c1,1513,25.0724,33.286,1,1,curious_sample,0,0.5059,-1.3436,1.8862,4,36,19,3,1,fusing,1.5184,-1.7652,0.1138,waste,1,free,2.541,-2.0499,1.8108,0.7363,-0.6702,-0.9846,1,165,356,11,10,22,703,0,0,1,4,10,5,3
20260526-040130-sentence-script-a-transparent-spherical-2682c1,1525,25.2745,33.55,1,1,curious_sample,0,0.3574,-1.6891,1.8147,3,39,19,0,0,,,,,waste,1,free,2.7347,-2.2323,1.5379,0.6818,-0.7063,-1.0812,1,166,356,11,11,25,706,0,0,1,4,10,8,3
20260526-040130-sentence-script-a-transparent-spherical-2682c1,1537,25.4772,33.814,1,1,curious_sample,0,0.2765,-1.7183,1.7721,8,37,19,2,1,budding,5.274,0.4219,0.6329,waste,1,free,2.9177,-2.4216,1.2538,0.6917,-0.751,-1.0871,1,168,356,12,11,25,707,0,0,1,4,10,8,3
20260526-040130-sentence-script-a-transparent-spherical-2682c1,1549,25.6803,34.078,1,1,curious_sample,0,0.6252,-1.5773,1.7009,7,37,19,2,1,budding,5.1381,0.411,0.6166,waste,1,free,3.0984,-2.6224,0.9649,0.6879,-0.7822,-1.1036,1,169,356,12,11,25,707,0,0,1,4,10,8,3
20260526-040130-sentence-script-a-transparent-spherical-2682c1,1561,25.8831,34.342,1,1,curious_sample,0,0.9739,-1.4363,1.6298,5,37,19,2,1,budding,5.0022,0.4002,0.6003,waste,1,free,3.2792,-2.8341,0.6753,0.6839,-0.8091,-1.0775,1,171,356,12,11,25,707,0,0,1,4,10,8,3
20260526-040130-sentence-script-a-transparent-spherical-2682c1,1573,26.082,34.606,1,1,curious_sample,0,1.3226,-1.2953,1.5586,3,37,19,2,1,budding,4.8664,0.3893,0.584,waste,1,free,3.4575,-3.0428,0.3882,0.6708,-0.786,-1.0829,1,171,356,12,11,25,707,0,0,1,4,10,8,3
20260526-040130-sentence-script-a-transparent-spherical-2682c1,1585,26.2746,34.87,1,1,curious_sample,0,1.6713,-1.1543,1.4874,2,37,19,2,1,budding,4.7305,0.3784,0.5677,waste,1,free,3.6295,-3.2512,0.1038,0.6368,-0.8105,-1.0843,1,171,356,12,11,25,707,0,0,1,4,10,8,3
20260526-040130-sentence-script-a-transparent-spherical-2682c1,1597,26.4637,35.134,1,1,curious_sample,0,2.02,-1.0133,1.4162,2,37,19,2,1,travel,3.1579,0.1064,0.4499,waste,1,free,3.8087,-3.4673,-0.1858,0.6644,-0.8255,-1.1013,1,171,356,12,11,25,707,0,0,1,4,10,8,3
20260526-040130-sentence-script-a-transparent-spherical-2682c1,1609,26.6507,35.398,1,1,curious_sample,0,2.3687,-0.8722,1.3451,2,37,19,2,1,travel,1.9376,-0.2429,0.3029,waste,1,free,3.9846,-3.6828,-0.4868,0.6655,-0.8243,-1.1431,1,172,356,12,11,25,707,0,0,1,4,10,8,3
20260526-040130-sentence-script-a-transparent-spherical-2682c1,1621,26.841,35.662,2,1,careful_import,0,-1.1127,-4.9659,0.9108,1,38,20,0,0,,,,,nutrient,1,free,-4.4408,0.9916,-0.76,0.5004,0.104,-0.0559,1,173,356,12,11,25,707,0,0,2,0,0,0,0
20260526-040130-sentence-script-a-transparent-spherical-2682c1,1633,27.0419,35.926,2,1,careful_import,0,-0.8672,-4.8705,0.712,1,38,20,0,0,,,,,nutrient,1,free,-4.3129,1.0232,-0.7773,0.5193,0.1269,-0.0836,1,173,356,12,11,25,707,0,0,2,0,0,0,0
20260526-040130-sentence-script-a-transparent-spherical-2682c1,1645,27.242,36.19,2,1,careful_import,0,-0.6216,-4.7752,0.5133,1,38,20,0,0,,,,,nutrient,1,free,-4.1803,1.0527,-0.8029,0.4866,0.1233,-0.1127,1,173,356,12,11,25,707,0,0,2,0,0,0,0
20260526-040130-sentence-script-a-transparent-spherical-2682c1,1657,27.4427,36.454,2,1,careful_import,0,-0.376,-4.6798,0.3145,1,36,20,2,1,budding,3.3692,-2.9888,-2.7171,nutrient,1,free,-4.0567,1.0849,-0.8291,0.4526,0.1291,-0.1156,1,174,356,13,11,25,707,0,0,2,0,0,0,0
20260526-040130-sentence-script-a-transparent-spherical-2682c1,1669,27.6444,36.718,2,1,careful_import,0,-0.1304,-4.5845,0.1158,1,36,20,2,1,budding,3.2812,-2.9108,-2.6462,nutrient,1,free,-3.9379,1.113,-0.8594,0.461,0.0987,-0.1006,1,175,356,13,11,25,707,0,0,2,0,0,0,0
20260526-040130-sentence-script-a-transparent-spherical-2682c1,1681,27.8466,36.982,2,1,careful_import,0,0.1151,-4.4892,-0.083,1,36,20,2,1,budding,3.1933,-2.8328,-2.5753,nutrient,1,free,-3.8146,1.1401,-0.8856,0.4709,0.1184,-0.0945,1,178,356,13,11,25,707,0,0,2,0,0,0,0
20260526-040130-sentence-script-a-transparent-spherical-2682c1,1693,28.0453,37.246,2,1,careful_import,0,0.3607,-4.3938,-0.2817,1,36,20,2,1,budding,3.1054,-2.7548,-2.5043,nutrient,1,free,-3.6908,1.1687,-0.9103,0.4666,0.1093,-0.0896,1,180,356,13,11,25,707,0,0,2,0,0,0,0
20260526-040130-sentence-script-a-transparent-spherical-2682c1,1705,28.237,37.51,2,1,careful_import,0,0.6063,-4.2985,-0.4805,1,36,20,2,1,travel,2.6239,-2.4294,-2.1355,nutrient,1,free,-3.5712,1.1965,-0.9366,0.4278,0.1196,-0.1069,1,186,356,13,11,25,707,0,0,2,0,0,0,0
20260526-040130-sentence-script-a-transparent-spherical-2682c1,1717,28.4259,37.774,2,1,careful_import,0,0.8519,-4.2031,-0.6792,1,36,20,2,1,travel,1.7424,-1.8723,-1.4319,nutrient,1,free,-3.4686,1.2268,-0.9717,0.3854,0.0963,-0.1362,1,188,356,13,11,25,707,0,0,2,0,0,0,0
20260526-040130-sentence-script-a-transparent-spherical-2682c1,1729,28.6142,38.038,2,1,careful_import,0,0.9136,-4.0189,-0.8405,1,36,20,2,1,travel,1.1542,-1.5262,-0.911,nutrient,1,free,-3.368,1.2494,-1.0117,0.376,0.0995,-0.1471,1,190,356,13,11,25,707,0,0,2,0,0,0,0
20260526-040130-sentence-script-a-transparent-spherical-2682c1,1741,28.8041,38.302,2,1,careful_import,0,0.977,-3.8418,-0.9977,1,36,20,2,1,travel,0.7778,-1.3462,-0.4941,nutrient,1,free,-3.2718,1.2714,-1.0483,0.362,0.0586,-0.1172,1,191,356,13,11,25,707,0,0,2,0,0,0,0
20260526-040130-sentence-script-a-transparent-spherical-2682c1,1753,29.0051,38.566,2,1,careful_import,0,1.0421,-3.6728,-1.1502,1,36,20,2,1,travel,0.6846,-1.3598,-0.2738,nutrient,1,free,-3.1779,1.2943,-1.0828,0.3358,0.1008,-0.1564,1,191,356,13,11,25,707,0,0,2,0,0,0,0
20260526-040130-sentence-script-a-transparent-spherical-2682c1,1765,29.2056,38.83,2,1,careful_import,0,1.0739,-3.493,-1.2923,1,36,20,2,1,travel,0.8442,-1.5745,-0.1722,nutrient,1,free,-3.0941,1.3259,-1.1255,0.3177,0.126,-0.1608,1,191,356,13,11,25,707,0,0,2,0,0,0,0
20260526-040130-sentence-script-a-transparent-spherical-2682c1,1777,29.4061,39.094,2,1,careful_import,0,1.1409,-3.3407,-1.4341,1,36,20,2,1,travel,1.2567,-1.9702,-0.2298,nutrient,1,free,-3.0101,1.3624,-1.1642,0.3091,0.1664,-0.1326,1,192,356,13,11,25,707,0,0,2,0,0,0,0
20260526-040130-sentence-script-a-transparent-spherical-2682c1,1789,29.6079,39.358,2,1,careful_import,0,1.2087,-3.1981,-1.5698,1,36,20,2,1,fusing,1.3301,-2.0364,-0.2485,nutrient,1,free,-2.9287,1.4014,-1.1971,0.2834,0.1569,-0.1203,1,193,356,13,11,25,707,0,0,2,0,0,0,0
20260526-040130-sentence-script-a-transparent-spherical-2682c1,1801,29.8099,39.622,2,1,careful_import,0,1.2394,-3.0421,-1.6946,1,36,20,2,1,fusing,1.3301,-2.0364,-0.2485,nutrient,1,free,-2.8472,1.4355,-1.2404,0.3162,0.1312,-0.1477,1,195,356,13,11,25,707,0,0,2,0,0,0,0
20260526-040130-sentence-script-a-transparent-spherical-2682c1,1813,30.0109,39.886,2,1,careful_import,0,1.3068,-2.9187,-1.8167,1,38,20,0,0,,,,,nutrient,1,free,-2.7654,1.4742,-1.274,0.3014,0.1398,-0.1163,1,197,356,13,12,27,709,0,0,2,0,0,2,0
20260526-040130-sentence-script-a-transparent-spherical-2682c1,1825,30.2118,40.15,2,1,careful_import,0,1.4343,-2.8001,-1.8697,1,36,20,2,1,budding,-2.2122,2.8969,-3.7923,nutrient,1,free,-2.6863,1.5062,-1.3037,0.3113,0.1375,-0.1125,1,197,356,14,12,27,709,0,0,2,0,0,2,0
20260526-040130-sentence-script-a-transparent-spherical-2682c1,1837,30.4134,40.414,2,1,careful_import,0,1.6554,-2.7076,-1.8636,1,36,20,2,1,budding,-2.1544,2.8213,-3.6933,nutrient,1,free,-2.6037,1.5388,-1.3326,0.3112,0.1077,-0.1039,1,200,356,14,12,27,709,0,0,2,0,0,2,0
20260526-040130-sentence-script-a-transparent-spherical-2682c1,1849,30.6147,40.678,2,1,careful_import,0,1.9075,-2.6502,-1.8657,1,36,20,2,1,budding,-2.0967,2.7457,-3.5943,nutrient,1,free,-2.5262,1.5631,-1.3647,0.3023,0.0847,-0.1476,1,200,357,14,12,27,709,0,0,2,0,0,2,0
20260526-040130-sentence-script-a-transparent-spherical-2682c1,1861,30.817,40.942,2,1,careful_import,0,2.0734,-2.5439,-1.8595,1,36,20,2,1,budding,-2.0389,2.6701,-3.4953,nutrient,1,free,-2.4462,1.5859,-1.4087,0.3019,0.107,-0.1805,1,205,357,14,12,27,709,0,0,2,0,0,2,0
20260526-040130-sentence-script-a-transparent-spherical-2682c1,1873,31.0206,41.206,2,1,careful_import,0,2.2317,-2.4457,-1.8534,1,36,20,2,1,travel,-1.8381,2.3036,-3.0316,nutrient,1,free,-2.3648,1.6139,-1.4563,0.3444,0.0951,-0.155,1,208,360,14,12,27,709,0,0,2,0,0,2,0
20260526-040130-sentence-script-a-transparent-spherical-2682c1,1885,31.2232,41.47,2,1,careful_import,0,2.347,-2.3518,-1.8692,1,36,20,2,1,travel,-1.4025,1.6315,-2.1241,nutrient,1,free,-2.2751,1.643,-1.4944,0.3154,0.1128,-0.1287,1,209,360,14,12,27,709,0,0,2,0,0,2,0
20260526-040130-sentence-script-a-transparent-spherical-2682c1,1897,31.4259,41.734,2,1,careful_import,0,2.4543,-2.2396,-1.8542,1,36,20,2,1,travel,-0.9634,1.1634,-1.3974,nutrient,1,free,-2.1927,1.6766,-1.5284,0.3179,0.1643,-0.1152,1,209,360,14,12,27,709,0,0,2,0,0,2,0
20260526-040130-sentence-script-a-transparent-spherical-2682c1,1909,31.628,41.998,2,1,careful_import,0,2.5206,-2.1316,-1.86,1,36,20,2,1,travel,-0.4613,0.8443,-0.7606,nutrient,1,free,-2.1067,1.7236,-1.5566,0.3358,0.18,-0.1087,1,209,360,14,12,27,709,0,0,2,0,0,2,0
20260526-040130-sentence-script-a-transparent-spherical-2682c1,1921,31.8302,42.262,2,1,careful_import,0,2.5841,-1.9991,-1.8333,1,36,20,2,1,travel,0.0283,0.7188,-0.3063,nutrient,1,free,-2.0137,1.7731,-1.5844,0.3542,0.1625,-0.1324,1,211,360,14,12,27,709,0,0,2,0,0,2,0
20260526-040130-sentence-script-a-transparent-spherical-2682c1,1933,32.0313,42.526,2,1,careful_import,0,2.6409,-1.9058,-1.8354,1,36,20,2,1,travel,0.5767,0.7649,0.035,nutrient,1,free,-1.909,1.8149,-1.6176,0.399,0.1561,-0.1178,1,213,360,14,12,27,709,0,0,2,0,0,2,0
20260526-040130-sentence-script-a-transparent-spherical-2682c1,1945,32.2327,42.79,2,1,careful_import,0,2.6618,-1.7809,-1.8286,1,36,20,2,1,travel,1.1436,0.9893,0.2289,nutrient,1,free,-1.8049,1.8668,-1.6494,0.3814,0.2194,-0.1309,1,214,360,14,12,27,709,0,0,2,0,0,2,0
20260526-040130-sentence-script-a-transparent-spherical-2682c1,1957,32.4349,43.054,2,1,careful_import,0,2.7169,-1.6654,-1.7966,1,36,20,2,1,fusing,1.6268,1.3042,0.2833,nutrient,1,free,-1.7071,1.9284,-1.6872,0.3395,0.2514,-0.145,1,215,360,14,12,27,709,0,0,2,0,0,2,0
20260526-040130-sentence-script-a-transparent-spherical-2682c1,1969,32.6376,43.318,2,1,careful_import,0,2.7628,-1.5888,-1.7934,1,36,20,2,1,fusing,1.6268,1.3042,0.2833,nutrient,1,free,-1.6198,1.9947,-1.7229,0.354,0.2559,-0.1351,1,216,360,14,12,27,709,0,0,2,0,0,2,0
20260526-040130-sentence-script-a-transparent-spherical-2682c1,1981,32.8399,43.582,2,1,careful_import,0,2.8056,-1.5166,-1.7884,1,33,20,5,2,fusing,1.6268,1.3042,0.2833,nutrient,1,free,-1.525,2.0575,-1.7631,0.37,0.2195,-0.1521,1,218,360,15,12,27,709,0,0,2,0,0,2,0
20260526-040130-sentence-script-a-transparent-spherical-2682c1,1993,33.0413,43.846,2,1,careful_import,0,2.8456,-1.4485,-1.7818,1,35,20,3,1,budding,5.0249,0.402,0.603,nutrient,1,free,-1.4302,2.1194,-1.8044,0.3555,0.2258,-0.1387,1,219,360,15,13,29,711,0,0,2,0,2,2,0
20260526-040130-sentence-script-a-transparent-spherical-2682c1,2005,33.2449,44.11,2,1,careful_import,0,2.883,-1.3839,-1.7737,1,35,20,3,1,budding,4.889,0.3911,0.5867,nutrient,1,free,-1.3326,2.1797,-1.8397,0.3799,0.2172,-0.172,1,220,360,15,13,29,711,0,0,2,0,2,2,0
20260526-040130-sentence-script-a-transparent-spherical-2682c1,2017,33.4502,44.374,2,1,careful_import,0,2.8801,-1.318,-1.7897,1,35,20,3,1,budding,4.7531,0.3803,0.5704,nutrient,1,free,-1.2393,2.2364,-1.8899,0.3637,0.1985,-0.2215,1,220,360,15,13,29,711,0,0,2,0,2,2,0
20260526-040130-sentence-script-a-transparent-spherical-2682c1,2029,33.6543,44.638,2,1,careful_import,0,2.913,-1.2591,-1.7791,1,35,20,3,1,travel,3.7477,0.2545,0.4976,nutrient,1,free,-1.1475,2.3014,-1.947,0.3388,0.2801,-0.2182,1,220,360,15,13,29,711,0,0,2,0,2,2,0
20260526-040130-sentence-script-a-transparent-spherical-2682c1,2041,33.8584,44.902,2,1,careful_import,0,2.8253,-1.1981,-1.7566,1,35,20,3,1,travel,2.5822,0.1422,0.3825,nutrient,1,free,-1.0669,2.3736,-1.9999,0.3037,0.2657,-0.2008,1,220,360,15,13,29,711,0,0,2,0,2,2,0
20260526-040130-sentence-script-a-transparent-spherical-2682c1,2053,34.0575,45.166,2,1,careful_import,0,2.5542,-1.0893,-1.7446,1,35,20,3,1,travel,1.5537,0.0867,0.2405,nutrient,1,free,-0.9817,2.4492,-2.0509,0.326,0.2943,-0.1836,1,222,360,15,13,29,711,0,0,2,0,2,2,0
20260526-040130-sentence-script-a-transparent-spherical-2682c1,2065,34.2501,45.43,2,1,careful_import,0,2.2909,-1.0028,-1.697,1,35,20,3,1,travel,0.6195,0.0882,0.0632,nutrient,1,free,-0.8952,2.5299,-2.1068,0.3175,0.3215,-0.2375,1,222,361,15,13,29,711,0,0,2,0,2,2,0
20260526-040130-sentence-script-a-transparent-spherical-2682c1,2077,34.4394,45.694,2,1,careful_import,0,2.0301,-0.9542,-1.5941,1,35,20,3,1,travel,-0.1255,0.1436,-0.1285,nutrient,1,free,-0.8089,2.6121,-2.1666,0.2922,0.3171,-0.2244,1,225,361,15,13,29,711,0,0,2,0,2,2,0
20260526-040130-sentence-script-a-transparent-spherical-2682c1,2089,34.6267,45.958,2,1,careful_import,0,1.7714,-0.9254,-1.4627,1,35,20,3,1,travel,-0.803,0.2647,-0.3685,nutrient,1,free,-0.7332,2.6987,-2.224,0.261,0.3328,-0.2073,1,225,361,15,13,29,711,0,0,2,0,2,2,0
20260526-040130-sentence-script-a-transparent-spherical-2682c1,2101,34.8136,46.222,2,1,careful_import,0,1.5092,-0.894,-1.3406,1,35,20,3,1,travel,-1.2971,0.43,-0.615,nutrient,1,free,-0.6661,2.7946,-2.2811,0.2464,0.3787,-0.2222,1,228,361,15,13,29,711,0,0,2,0,2,2,0
20260526-040130-sentence-script-a-transparent-spherical-2682c1,2113,35.0151,46.486,2,1,careful_import,0,1.2537,-0.8872,-1.1784,1,35,20,3,1,travel,-1.6887,0.6629,-0.905,nutrient,1,free,-0.5985,2.8908,-2.3381,0.2654,0.3675,-0.1936,1,229,361,15,13,29,711,0,0,2,0,2,2,0
20260526-040130-sentence-script-a-transparent-spherical-2682c1,2125,35.2171,46.75,2,1,careful_import,0,0.9936,-0.8775,-1.0254,1,35,20,3,1,fusing,-1.7332,0.7007,-0.9484,nutrient,1,free,-0.5251,2.9772,-2.3929,0.3037,0.3165,-0.2394,1,230,362,15,13,29,711,0,0,2,0,2,2,0
20260526-040130-sentence-script-a-transparent-spherical-2682c1,2137,35.4192,47.014,2,1,careful_import,0,0.7421,-0.8724,-0.8633,1,35,20,3,1,fusing,-1.7332,0.7007,-0.9484,nutrient,1,free,-0.4389,3.0572,-2.4514,0.3564,0.3088,-0.2136,1,232,362,15,13,29,711,0,0,2,0,2,2,0
20260526-040130-sentence-script-a-transparent-spherical-2682c1,2149,35.6225,47.278,2,1,careful_import,0,0.4815,-0.8848,-0.6767,1,35,20,3,1,budding,-5.0067,-0.6392,1.5979,nutrient,1,free,-0.3401,3.1316,-2.5151,0.3456,0.292,-0.2314,1,234,362,16,14,32,714,0,0,2,3,2,2,0
20260526-040130-sentence-script-a-transparent-spherical-2682c1,2161,35.8275,47.542,2,1,careful_import,0,0.2216,-0.8972,-0.4906,1,35,20,3,1,budding,-4.8769,-0.6226,1.5565,nutrient,1,free,-0.2573,3.2065,-2.5709,0.3225,0.2635,-0.2004,1,236,362,16,14,32,714,0,0,2,3,2,2,0
20260526-040130-sentence-script-a-transparent-spherical-2682c1,2173,36.0289,47.806,2,1,artistic_mark,0,-0.2076,-0.5851,-0.6829,2,35,20,3,1,budding,-4.7471,-0.606,1.515,nutrient,1,free,-0.1655,3.2715,-2.6224,0.3549,0.2329,-0.2278,1,237,362,16,14,32,750,0,0,2,3,2,2,0
20260526-040130-sentence-script-a-transparent-spherical-2682c1,2185,36.2313,48.07,2,1,artistic_mark,0,-0.4871,-0.249,-1.0386,1,35,20,3,1,budding,-4.6172,-0.5894,1.4736,nutrient,1,free,-0.0705,3.3385,-2.6763,0.3457,0.2811,-0.2049,1,239,363,16,14,32,786,0,0,2,3,2,2,0
20260526-040130-sentence-script-a-transparent-spherical-2682c1,2197,36.4343,48.334,2,1,artistic_mark,0,-0.6021,0.0107,-1.5254,1,33,20,5,2,travel,-4.373,-0.5677,1.3981,nutrient,1,free,0.0254,3.4059,-2.7319,0.358,0.261,-0.2328,1,239,363,17,14,32,810,0,0,2,3,2,2,0
20260526-040130-sentence-script-a-transparent-spherical-2682c1,2209,36.637,48.598,2,1,artistic_mark,0,-0.5,0.0627,-2.0673,1,33,20,5,2,travel,-3.5223,-0.5065,1.1323,nutrient,1,free,0.1268,3.4806,-2.7921,0.388,0.293,-0.2303,1,240,363,17,14,32,844,0,0,2,3,2,2,0
20260526-040130-sentence-script-a-transparent-spherical-2682c1,2221,36.8398,48.862,2,1,artistic_mark,0,-0.1103,-0.1715,-2.3824,1,33,20,5,2,travel,-2.8923,-0.442,0.9198,nutrient,1,free,0.2221,3.5637,-2.8481,0.3504,0.3282,-0.1957,1,242,363,17,14,32,884,0,0,2,3,2,2,0
20260526-040130-sentence-script-a-transparent-spherical-2682c1,2233,37.0405,49.126,2,1,artistic_mark,0,0.3612,-0.4775,-2.4483,1,33,20,5,2,travel,-2.3655,-0.3616,0.7207,nutrient,1,free,0.324,3.6541,-2.9075,0.4058,0.3554,-0.2502,1,243,363,17,14,32,919,0,0,2,3,2,2,0
20260526-040130-sentence-script-a-transparent-spherical-2682c1,2245,37.2414,49.39,2,1,artistic_mark,0,0.8494,-0.7591,-2.3931,1,33,20,5,2,travel,-2.0259,-0.277,0.5658,nutrient,1,free,0.4303,3.7477,-2.9744,0.4322,0.3422,-0.2684,1,244,363,17,14,32,943,0,0,2,3,2,2,0
20260526-040130-sentence-script-a-transparent-spherical-2682c1,2257,37.4423,49.654,2,1,artistic_mark,0,1.3469,-0.9029,-2.1777,1,33,20,5,2,travel,-1.8396,-0.1865,0.445,nutrient,1,free,0.5441,3.846,-3.0453,0.4094,0.3796,-0.2697,1,244,363,17,14,32,958,0,0,2,3,2,2,0
20260526-040130-sentence-script-a-transparent-spherical-2682c1,2269,37.6436,49.918,2,1,artistic_mark,0,1.7739,-0.8092,-1.8219,1,33,20,5,2,travel,-1.8066,-0.0657,0.3386,nutrient,1,free,0.6477,3.9429,-3.1229,0.3866,0.3615,-0.3192,1,245,363,17,14,32,979,0,0,2,3,2,2,0
20260526-040130-sentence-script-a-transparent-spherical-2682c1,2281,37.8447,50.182,2,1,artistic_mark,0,2.1035,-0.5837,-1.4204,1,33,20,5,2,travel,-1.9078,0.028,0.2884,nutrient,1,free,0.7594,4.032,-3.2126,0.4192,0.3121,-0.3396,1,246,363,17,14,32,1003,0,0,2,3,2,2,0
20260526-040130-sentence-script-a-transparent-spherical-2682c1,2293,38.0468,50.446,2,1,artistic_mark,0,2.3126,-0.295,-0.9812,2,33,20,5,2,travel,-2.2181,0.1647,0.2563,nutrient,1,free,0.8747,4.1155,-3.3005,0.4683,0.3155,-0.3414,1,248,364,17,14,32,1022,0,0,2,3,2,2,0
20260526-040130-sentence-script-a-transparent-spherical-2682c1,2305,38.2511,50.71,2,1,artistic_mark,0,2.3469,0.0064,-0.5047,1,33,20,5,2,fusing,-2.3648,0.2131,0.2543,nutrient,1,free,0.9968,4.1913,-3.3899,0.4944,0.2758,-0.3214,1,248,364,17,14,32,1028,0,0,2,3,2,2,0
20260526-040130-sentence-script-a-transparent-spherical-2682c1,2317,38.4543,50.974,2,1,artistic_mark,0,2.2114,0.2294,-0.0037,3,33,20,5,2,fusing,-2.3648,0.2131,0.2543,nutrient,1,free,1.1356,4.2645,-3.4808,0.5043,0.2523,-0.3508,1,248,364,17,14,32,1028,0,0,2,3,2,2,0
20260526-040130-sentence-script-a-transparent-spherical-2682c1,2329,38.6563,51.238,2,1,artistic_mark,0,1.962,0.2907,0.499,4,33,20,5,2,fusing,-2.3648,0.2131,0.2543,nutrient,1,free,1.27,4.3295,-3.5735,0.5152,0.2291,-0.3711,1,249,364,17,14,32,1028,0,0,2,3,2,2,0
20260526-040130-sentence-script-a-transparent-spherical-2682c1,2341,38.8576,51.502,2,1,artistic_mark,0,1.6273,0.1928,0.944,4,36,20,2,1,fusing,1.6608,1.3807,0.5048,nutrient,1,free,1.3998,4.3705,-3.6481,0.2483,-0.5312,0.29,1,251,369,17,15,35,1037,0,0,2,6,2,2,0
20260526-040130-sentence-script-a-transparent-spherical-2682c1,2353,39.0564,51.766,2,1,artistic_mark,0,1.2173,0.0031,1.285,5,38,20,0,0,,,,,nutrient,1,free,1.4563,4.238,-3.5697,0.1821,-0.5033,0.2963,1,252,369,17,16,37,1053,0,0,2,6,4,2,0
20260526-040130-sentence-script-a-transparent-spherical-2682c1,2365,39.2481,52.03,2,1,artistic_mark,0,0.7456,-0.2238,1.5,5,38,20,0,0,,,,,nutrient,1,free,1.5033,4.1043,-3.4936,0.1788,-0.5055,0.2839,1,252,369,17,16,37,1078,0,0,2,6,4,2,0
20260526-040130-sentence-script-a-transparent-spherical-2682c1,2377,39.4377,52.294,2,1,artistic_mark,0,0.2201,-0.4235,1.5504,5,38,20,0,0,,,,,nutrient,1,free,1.55,3.9691,-3.4187,0.1908,-0.5203,0.2941,1,252,370,17,16,37,1096,0,0,2,6,4,2,0
20260526-040130-sentence-script-a-transparent-spherical-2682c1,2389,39.6261,52.558,2,1,artistic_mark,0,-0.3246,-0.4844,1.4202,5,38,20,0,0,,,,,nutrient,1,free,1.5985,3.8335,-3.3283,0.167,-0.4766,0.349,1,253,370,17,16,37,1108,0,0,2,6,4,2,0
20260526-040130-sentence-script-a-transparent-spherical-2682c1,2401,39.8133,52.822,2,1,artistic_mark,0,-0.8244,-0.3776,1.1787,5,38,20,0,0,,,,,nutrient,1,free,1.6395,3.7052,-3.2432,0.1366,-0.4894,0.289,1,254,371,17,16,37,1109,0,0,2,6,4,2,0
20260526-040130-sentence-script-a-transparent-spherical-2682c1,2413,40.0142,53.086,2,1,artistic_mark,0,-1.2281,-0.1612,0.8477,4,36,20,2,1,budding,5.1947,0.4156,0.6234,nutrient,1,free,1.676,3.5813,-3.1704,0.1356,-0.4437,0.2556,1,255,371,18,16,37,1121,0,0,2,6,4,2,0
20260526-040130-sentence-script-a-transparent-spherical-2682c1,2425,40.2145,53.35,2,1,artistic_mark,0,-1.4638,0.0973,0.4054,4,36,20,2,1,budding,5.0589,0.4047,0.6071,nutrient,1,free,1.7071,3.4639,-3.1032,0.1278,-0.425,0.2574,1,256,371,18,16,37,1133,0,0,2,6,4,2,0
20260526-040130-sentence-script-a-transparent-spherical-2682c1,2437,40.419,53.614,2,1,artistic_mark,0,-1.5125,0.3096,-0.1158,3,36,20,2,1,budding,4.923,0.3938,0.5908,nutrient,1,free,1.7474,3.3488,-3.03,0.1833,-0.461,0.2818,1,256,371,18,16,37,1142,0,0,2,6,4,2,0
20260526-040130-sentence-script-a-transparent-spherical-2682c1,2449,40.6224,53.878,2,1,artistic_mark,0,-1.4173,0.4049,-0.6641,2,36,20,2,1,budding,4.7871,0.383,0.5745,nutrient,1,free,1.7989,3.2229,-2.9514,0.1917,-0.4799,0.3069,1,258,371,18,16,37,1159,0,0,2,6,4,2,0
20260526-040130-sentence-script-a-transparent-spherical-2682c1,2461,40.8251,54.142,2,1,artistic_mark,0,-1.1606,0.3233,-1.1564,2,36,20,2,1,travel,4.0691,0.291,0.5259,nutrient,1,free,1.8469,3.0991,-2.8688,0.1844,-0.4688,0.3144,1,260,376,18,16,37,1189,0,0,2,6,4,2,0
20260526-040130-sentence-script-a-transparent-spherical-2682c1,2473,41.0266,54.406,2,1,artistic_mark,0,-0.7538,0.0924,-1.4706,2,36,20,2,1,travel,2.937,0.1614,0.4466,nutrient,1,free,1.9001,2.9713,-2.7942,0.1972,-0.5167,0.2723,1,263,376,18,16,37,1210,0,0,2,6,4,2,0
20260526-040130-sentence-script-a-transparent-spherical-2682c1,2485,41.2284,54.67,2,1,artistic_mark,0,-0.2869,-0.1831,-1.6357,1,36,20,2,1,travel,2.1081,0.0971,0.3755,nutrient,1,free,1.9552,2.8271,-2.7293,0.2289,-0.5394,0.2685,1,264,377,18,16,37,1237,0,0,2,6,4,2,0
20260526-040130-sentence-script-a-transparent-spherical-2682c1,2497,41.4306,54.934,2,1,artistic_mark,0,0.2136,-0.4395,-1.7024,2,36,20,2,1,travel,1.4732,0.0931,0.3017,nutrient,1,free,2.0144,2.6868,-2.6533,0.2122,-0.5185,0.2804,1,265,377,18,16,37,1280,0,0,2,6,4,2,0
20260526-040130-sentence-script-a-transparent-spherical-2682c1,2509,41.6327,55.198,2,1,artistic_mark,0,0.753,-0.5698,-1.6147,2,36,20,2,1,travel,1.16,0.1434,0.2431,nutrient,1,free,2.0771,2.5569,-2.576,0.2569,-0.4944,0.275,1,265,377,18,16,37,1316,0,0,2,6,4,2,0
20260526-040130-sentence-script-a-transparent-spherical-2682c1,2521,41.8348,55.462,2,1,curious_sample,0,1.0736,-0.4671,-1.4752,3,36,20,2,1,travel,1.0651,0.274,0.1762,nutrient,1,free,2.1541,2.4185,-2.4988,0.2973,-0.529,0.3124,1,267,377,18,16,37,1349,0,0,2,6,4,2,0
20260526-040130-sentence-script-a-transparent-spherical-2682c1,2533,42.0357,55.726,2,1,curious_sample,0,0.8387,-0.223,-1.6535,3,36,20,2,1,travel,1.2368,0.4499,0.1217,nutrient,1,free,2.2343,2.2801,-2.417,0.3131,-0.5246,0.3169,1,267,378,18,16,37,1349,0,0,2,6,4,2,0
20260526-040130-sentence-script-a-transparent-spherical-2682c1,2545,42.2366,55.99,2,1,curious_sample,0,0.6862,-0.0915,-1.7787,6,36,20,2,1,travel,1.6558,0.6867,0.0707,nutrient,1,free,2.3232,2.1431,-2.3326,0.3568,-0.5045,0.3231,1,268,378,18,16,37,1349,0,0,2,6,4,2,0
20260526-040130-sentence-script-a-transparent-spherical-2682c1,2557,42.438,56.254,2,1,curious_sample,0,0.8768,-0.0685,-1.6475,7,34,20,4,2,fusing,1.7663,0.7396,0.0612,nutrient,1,free,2.4141,2.0028,-2.239,0.3369,-0.5734,0.3286,1,269,378,19,16,37,1350,0,0,2,6,4,2,0
20260526-040130-sentence-script-a-transparent-spherical-2682c1,2569,42.6418,56.518,2,1,curious_sample,0,1.2192,-0.0312,-1.4805,4,34,20,4,2,fusing,1.7663,0.7396,0.0612,nutrient,1,free,2.5001,1.8454,-2.155,0.3382,-0.6074,0.3518,1,271,378,19,16,37,1350,0,0,2,6,4,2,0
20260526-040130-sentence-script-a-transparent-spherical-2682c1,2581,42.8472,56.782,2,1,curious_sample,0,1.5616,0.0062,-1.3134,3,36,20,2,1,budding,4.923,0.3938,0.5908,nutrient,1,free,2.6006,1.6937,-2.0565,0.3851,-0.5698,0.3791,1,273,378,19,17,39,1352,0,0,2,6,6,2,0
20260526-040130-sentence-script-a-transparent-spherical-2682c1,2593,43.0478,57.046,2,1,curious_sample,0,1.904,0.0436,-1.1464,3,36,20,2,1,budding,4.7871,0.383,0.5745,nutrient,1,free,2.7036,1.5488,-1.959,0.3769,-0.5541,0.3668,1,275,378,19,17,39,1352,0,0,2,6,6,2,0
20260526-040130-sentence-script-a-transparent-spherical-2682c1,2605,43.2476,57.31,2,1,curious_sample,0,2.2464,0.0809,-0.9794,2,36,20,2,1,travel,4.1529,0.3059,0.5328,nutrient,1,free,2.8065,1.4023,-1.8641,0.3674,-0.5538,0.3811,1,275,378,19,17,39,1352,0,0,2,6,6,2,0
20260526-040130-sentence-script-a-transparent-spherical-2682c1,2617,43.4478,57.574,2,1,curious_sample,0,2.5888,0.1183,-0.8123,2,36,20,2,1,travel,3.0533,0.2088,0.4708,nutrient,1,free,2.9063,1.2538,-1.756,0.3973,-0.5689,0.4299,1,276,378,19,17,39,1352,0,0,2,6,6,2,0
20260526-040130-sentence-script-a-transparent-spherical-2682c1,2629,43.6479,57.838,2,1,curious_sample,0,2.9312,0.1556,-0.6453,3,36,20,2,1,travel,2.0772,0.1778,0.4197,nutrient,1,free,3.013,1.1034,-1.6379,0.399,-0.5707,0.4604,1,276,378,19,17,39,1352,0,0,2,6,6,2,0
20260526-040130-sentence-script-a-transparent-spherical-2682c1,2641,43.848,58.102,2,1,curious_sample,0,3.2736,0.193,-0.4782,3,36,20,2,1,travel,1.115,0.2121,0.3742,nutrient,1,free,3.1195,0.9487,-1.5128,0.3942,-0.5623,0.4694,1,276,378,19,17,39,1352,0,0,2,6,6,2,0
20260526-040130-sentence-script-a-transparent-spherical-2682c1,2653,44.0492,58.366,2,1,curious_sample,0,3.616,0.2303,-0.3112,2,36,20,2,1,travel,0.2965,0.3055,0.3401,nutrient,1,free,3.2195,0.8008,-1.3876,0.3862,-0.5623,0.5172,1,276,378,19,17,39,1352,0,0,2,6,6,2,0
20260526-040130-sentence-script-a-transparent-spherical-2682c1,2665,44.2496,58.63,2,1,curious_sample,0,3.9584,0.2677,-0.1442,2,36,20,2,1,travel,-0.4959,0.471,0.3126,nutrient,1,free,3.3184,0.6481,-1.2475,0.3544,-0.6228,0.5286,1,278,378,19,17,39,1352,0,0,2,6,6,2,0
20260526-040130-sentence-script-a-transparent-spherical-2682c1,2677,44.4503,58.894,2,1,curious_sample,0,4.3008,0.305,0.0229,3,36,20,2,1,travel,-1.1856,0.6958,0.2945,nutrient,1,free,3.4111,0.4881,-1.1117,0.3765,-0.5925,0.5123,1,281,378,19,17,39,1352,0,0,2,6,6,2,0
20260526-040130-sentence-script-a-transparent-spherical-2682c1,2689,44.6515,59.158,2,1,curious_sample,0,4.6432,0.3424,0.1899,3,36,20,2,1,travel,-1.7914,0.98,0.285,nutrient,1,free,3.518,0.3308,-0.9829,0.4431,-0.6036,0.4597,1,285,378,19,17,39,1352,0,0,2,6,6,2,0
20260526-040130-sentence-script-a-transparent-spherical-2682c1,2701,44.8529,59.422,2,1,curious_sample,0,4.6718,0.3639,0.3185,7,33,20,5,2,travel,-2.352,1.3497,0.2839,nutrient,1,free,3.6341,0.1736,-0.865,0.4369,-0.5889,0.4351,1,286,378,20,17,39,1353,0,0,2,6,6,2,0
20260526-040130-sentence-script-a-transparent-spherical-2682c1,2713,45.0548,59.686,2,1,curious_sample,0,4.3996,0.0968,0.3514,7,33,20,5,2,fusing,-2.6158,1.5742,0.2871,nutrient,1,free,3.7506,0.0158,-0.7464,0.469,-0.5934,0.4675,1,286,378,20,17,39,1353,0,0,2,6,6,2,0
20260526-040130-sentence-script-a-transparent-spherical-2682c1,2725,45.2578,59.95,2,1,curious_sample,0,4.1274,-0.1703,0.3842,5,33,20,5,2,fusing,-2.6158,1.5742,0.2871,nutrient,1,free,3.8756,-0.1525,-0.625,0.491,-0.6312,0.4744,1,287,378,20,17,39,1353,0,0,2,6,6,2,0
20260526-040130-sentence-script-a-transparent-spherical-2682c1,2737,45.4581,60.214,2,1,curious_sample,0,3.8551,-0.4374,0.417,5,33,20,5,2,fusing,-2.6158,1.5742,0.2871,nutrient,1,free,3.9997,-0.3193,-0.4933,0.4713,-0.6306,0.5024,1,287,378,20,17,39,1353,0,0,2,6,6,2,0
20260526-040130-sentence-script-a-transparent-spherical-2682c1,2749,45.6589,60.478,2,1,curious_sample,0,3.5829,-0.7045,0.4499,5,35,20,3,1,budding,-1.0604,-4.5789,0.8676,nutrient,1,free,4.1276,-0.4829,-0.3641,0.516,-0.6132,0.4789,1,287,378,20,18,41,1355,0,0,2,6,6,2,2
20260526-040130-sentence-script-a-transparent-spherical-2682c1,2761,45.8597,60.742,2,1,curious_sample,0,3.3107,-0.9716,0.4827,4,35,20,3,1,travel,-0.9747,-3.7042,0.7479,nutrient,1,free,4.2587,-0.6415,-0.2396,0.5024,-0.5643,0.4784,1,288,378,20,18,41,1355,0,0,2,6,6,2,2
20260526-040130-sentence-script-a-transparent-spherical-2682c1,2773,46.061,61.006,2,1,curious_sample,0,3.0385,-1.2387,0.5156,3,35,20,3,1,travel,-0.9389,-2.8544,0.6509,nutrient,1,free,4.3951,-0.7849,-0.1144,0.5241,-0.5255,0.4877,1,289,378,20,18,41,1355,0,0,2,6,6,2,2
20260526-040130-sentence-script-a-transparent-spherical-2682c1,2785,46.2628,61.27,2,1,curious_sample,0,2.7662,-1.5058,0.5484,2,35,20,3,1,travel,-0.9573,-2.0421,0.5795,nutrient,1,free,4.5349,-0.9334,0.0081,0.5493,-0.6095,0.4383,1,291,378,20,18,41,1355,0,0,2,6,6,2,2
20260526-040130-sentence-script-a-transparent-spherical-2682c1,2797,46.4653,61.534,2,1,curious_sample,0,2.494,-1.7729,0.5813,2,35,20,3,1,travel,-1.0329,-1.2805,0.5363,nutrient,1,free,4.6768,-1.1008,0.1275,0.5255,-0.6529,0.4453,1,291,378,20,18,41,1355,0,0,2,6,6,2,2
20260526-040130-sentence-script-a-transparent-spherical-2682c1,2809,46.6684,61.798,2,1,curious_sample,0,2.2507,-2.0035,0.5965,4,35,20,3,1,travel,-1.1565,-0.6197,0.5222,nutrient,1,free,4.8136,-1.2672,0.249,0.5457,-0.6178,0.486,1,292,378,20,18,41,1355,0,0,2,6,6,2,2
20260526-040130-sentence-script-a-transparent-spherical-2682c1,2821,46.8704,62.062,2,1,curious_sample,0,1.9912,-2.1269,0.6173,6,32,20,6,2,travel,-1.351,0.0399,0.5371,nutrient,1,free,4.9466,-1.4321,0.3729,0.4977,-0.6191,0.4724,1,293,378,21,18,41,1355,0,0,2,6,6,2,2
20260526-040130-sentence-script-a-transparent-spherical-2682c1,2833,47.0719,62.326,2,1,curious_sample,0,1.7248,-2.3997,0.6515,7,32,20,6,2,travel,-1.5777,0.5761,0.577,nutrient,1,free,5.0837,-1.5917,0.4958,0.5371,-0.608,0.4998,1,294,378,21,18,41,1355,0,0,2,6,6,2,2
20260526-040130-sentence-script-a-transparent-spherical-2682c1,2845,47.2739,62.59,2,1,curious_sample,0,1.4585,-2.6725,0.6856,5,32,20,6,2,travel,-1.8842,1.1017,0.6504,nutrient,1,free,5.2241,-1.7517,0.6346,0.5521,-0.5897,0.5352,1,296,378,21,18,41,1355,0,0,2,6,6,2,2
20260526-040130-sentence-script-a-transparent-spherical-2682c1,2857,47.4766,62.854,2,1,curious_sample,0,1.1921,-2.9452,0.7198,5,32,20,6,2,fusing,-2.1973,1.5038,0.7383,nutrient,1,free,5.3738,-1.906,0.7816,0.5937,-0.5719,0.5744,1,297,378,21,18,41,1355,0,0,2,6,6,2,2
20260526-040130-sentence-script-a-transparent-spherical-2682c1,2869,47.6847,63.118,2,1,curious_sample,0,0.9257,-3.218,0.7539,4,32,20,6,2,fusing,-2.1973,1.5038,0.7383,nutrient,1,free,5.3543,-1.9977,0.9066,-0.9205,-0.0453,0.344,1,299,378,21,18,41,1355,0,0,2,6,6,2,2
20260526-040130-sentence-script-a-transparent-spherical-2682c1,2881,47.8909,63.382,2,1,curious_sample,0,0.6593,-3.4908,0.7881,2,32,20,6,2,fusing,-2.1973,1.5038,0.7383,nutrient,1,free,5.1104,-2.0028,0.9938,-0.9113,0.0244,0.3086,1,299,378,21,18,41,1355,0,0,2,6,6,2,2
20260526-040130-sentence-script-a-transparent-spherical-2682c1,2893,48.0922,63.646,2,1,curious_sample,0,0.3929,-3.7636,0.8222,3,35,20,3,1,travel,-0.9865,-2.6506,0.6194,nutrient,1,free,4.8673,-1.9915,1.0724,-0.9204,0.0513,0.2995,1,302,383,21,19,44,1362,0,0,2,6,6,2,5
20260526-040130-sentence-script-a-transparent-spherical-2682c1,2905,48.2941,63.91,2,1,curious_sample,0,0.1265,-4.0363,0.8564,3,35,20,3,1,travel,-1.0662,-1.8948,0.5452,nutrient,1,free,4.627,-1.9839,1.1454,-0.9071,0.0179,0.2949,1,302,395,21,19,44,1368,0,0,2,6,6,2,5
20260526-040130-sentence-script-a-transparent-spherical-2682c1,2917,48.4969,64.174,2,1,curious_sample,0,-0.1399,-4.3091,0.8905,3,35,20,3,1,travel,-1.1977,-1.2464,0.4948,nutrient,1,free,4.3835,-1.9833,1.2253,-0.931,0.006,0.3244,1,306,398,21,19,44,1368,0,0,2,6,6,2,5
20260526-040130-sentence-script-a-transparent-spherical-2682c1,2929,48.7004,64.438,2,1,curious_sample,0,-0.4063,-4.5819,0.9247,3,35,20,3,1,travel,-1.4002,-0.6035,0.4601,nutrient,1,free,4.1354,-1.9811,1.3158,-0.9484,0.0215,0.3437,1,307,398,21,19,44,1368,0,0,2,6,6,2,5
20260526-040130-sentence-script-a-transparent-spherical-2682c1,2941,48.904,64.702,2,1,curious_sample,0,-0.6727,-4.8547,0.9588,4,35,20,3,1,travel,-1.6617,-0.018,0.4448,nutrient,1,free,3.8854,-1.9784,1.4017,-0.9496,-0.0026,0.3141,1,308,398,21,19,44,1368,0,0,2,6,6,2,5
20260526-040130-sentence-script-a-transparent-spherical-2682c1,2953,49.1055,64.966,2,1,curious_sample,0,-0.9391,-5.1274,0.9929,3,35,20,3,1,travel,-1.9724,0.5028,0.4476,nutrient,1,free,3.633,-1.9718,1.4895,-0.962,0.053,0.3391,1,308,398,21,19,44,1368,0,0,2,6,6,2,5
20260526-040130-sentence-script-a-transparent-spherical-2682c1,2965,49.3058,65.23,2,1,curious_sample,0,-1.133,-5.2011,0.9501,4,35,20,3,1,travel,-2.3743,1.0173,0.4705,nutrient,1,free,3.3766,-1.9673,1.5791,-0.9979,-0.0276,0.3323,1,309,398,21,19,44,1368,0,0,2,6,6,2,5
20260526-040130-sentence-script-a-transparent-spherical-2682c1,2977,49.5064,65.494,2,1,careful_import,0,-1.2504,-4.9454,1.0127,1,35,20,3,1,travel,-2.7933,1.4374,0.5084,nutrient,1,free,3.1192,-1.9714,1.664,-0.9539,-0.0233,0.3189,1,310,398,21,19,44,1368,0,0,2,6,6,2,5
20260526-040130-sentence-script-a-transparent-spherical-2682c1,2989,49.707,65.758,2,1,careful_import,0,-1.414,-4.7212,1.1783,1,33,20,5,2,fusing,-3.017,1.6264,0.5329,nutrient,1,free,2.8747,-1.9773,1.7523,-0.9099,-0.0258,0.3444,1,310,398,22,19,44,1368,0,0,2,6,6,2,5
20260526-040130-sentence-script-a-transparent-spherical-2682c1,3001,49.9071,66.022,2,1,careful_import,0,-1.6013,-4.4922,1.2903,1,33,20,5,2,fusing,-3.017,1.6264,0.5329,nutrient,1,free,2.6365,-1.9891,1.8482,-0.8807,-0.073,0.3614,1,311,398,22,19,44,1368,0,0,2,6,6,2,5
20260526-040130-sentence-script-a-transparent-spherical-2682c1,3013,50.1091,66.286,2,1,careful_import,0,-1.7873,-4.2646,1.4021,1,33,20,5,2,fusing,-3.017,1.6264,0.5329,nutrient,1,free,2.4072,-2.0002,1.9453,-0.8769,-0.0224,0.3829,1,312,398,22,19,44,1368,0,0,2,6,6,2,5
20260526-040130-sentence-script-a-transparent-spherical-2682c1,3025,50.3123,66.55,2,1,careful_import,0,-1.9716,-4.0387,1.5137,1,36,20,2,1,budding,-3.1592,-1.3822,3.5047,nutrient,1,free,2.169,-2.0113,2.0446,-0.8946,-0.0538,0.3539,1,313,398,22,20,47,1371,0,0,2,6,6,2,8
20260526-040130-sentence-script-a-transparent-spherical-2682c1,3037,50.5131,66.814,2,1,careful_import,0,-2.154,-3.8148,1.6251,1,36,20,2,1,budding,-3.071,-1.3436,3.4069,nutrient,1,free,1.935,-2.0299,2.1363,-0.8954,-0.0797,0.3357,1,314,398,22,20,47,1371,0,0,2,6,6,2,8
20260526-040130-sentence-script-a-transparent-spherical-2682c1,3049,50.7132,67.078,2,1,careful_import,0,-2.334,-3.5935,1.7362,1,36,20,2,1,travel,-2.6267,-1.1839,2.8627,nutrient,1,free,1.7041,-2.0492,2.2284,-0.844,-0.0482,0.356,1,316,398,22,20,47,1371,0,0,2,6,6,2,8
20260526-040130-sentence-script-a-transparent-spherical-2682c1,3061,50.9131,67.342,2,1,careful_import,0,-2.511,-3.3753,1.8468,1,36,20,2,1,travel,-2.1804,-1.0574,2.3394,nutrient,1,free,1.4836,-2.0674,2.3148,-0.8478,-0.0692,0.3217,1,316,398,22,20,47,1371,0,0,2,6,6,2,8
20260526-040130-sentence-script-a-transparent-spherical-2682c1,3073,51.1138,67.606,2,1,careful_import,0,-2.6844,-3.1611,1.9569,1,36,20,2,1,travel,-1.7282,-0.9659,1.8358,nutrient,1,free,1.2599,-2.0838,2.3971,-0.8555,-0.0587,0.3414,1,317,400,22,20,47,1373,0,0,2,6,6,2,8
20260526-040130-sentence-script-a-transparent-spherical-2682c1,3085,51.3148,67.87,2,1,careful_import,0,-2.8531,-2.9518,2.0662,1,36,20,2,1,travel,-1.2778,-0.9136,1.3621,nutrient,1,free,1.0335,-2.1091,2.4896,-0.8415,-0.1107,0.3541,1,317,400,22,20,47,1373,0,0,2,6,6,2,8
20260526-040130-sentence-script-a-transparent-spherical-2682c1,3097,51.5173,68.134,2,1,careful_import,0,-3.0284,-2.7452,2.1491,1,36,20,2,1,travel,-0.8653,-0.9015,0.9543,nutrient,1,free,0.8231,-2.1425,2.5904,-0.7895,-0.1549,0.3895,1,317,400,22,20,47,1373,0,0,2,6,6,2,8
20260526-040130-sentence-script-a-transparent-spherical-2682c1,3109,51.7204,68.398,2,1,careful_import,0,-3.1842,-2.5501,2.2554,1,36,20,2,1,travel,-0.4169,-0.9304,0.5415,nutrient,1,free,0.6112,-2.1827,2.6928,-0.8365,-0.1548,0.3951,1,317,400,22,20,47,1373,0,0,2,6,6,2,8
20260526-040130-sentence-script-a-transparent-spherical-2682c1,3121,51.9247,68.662,2,1,careful_import,0,-3.3311,-2.3648,2.3592,1,36,20,2,1,travel,-0.0276,-0.9925,0.2099,nutrient,1,free,0.4075,-2.2196,2.7947,-0.7561,-0.1267,0.3539,1,318,400,22,20,47,1373,0,0,2,6,6,2,8
20260526-040130-sentence-script-a-transparent-spherical-2682c1,3133,52.126,68.926,2,1,careful_import,0,-3.4671,-2.1917,2.4594,1,36,20,2,1,travel,0.3957,-1.1027,-0.1198,nutrient,1,free,0.2149,-2.2512,2.8877,-0.7141,-0.1394,0.3602,1,318,400,22,20,47,1373,0,0,2,6,6,2,8
20260526-040130-sentence-script-a-transparent-spherical-2682c1,3145,52.3271,69.19,2,1,careful_import,0,-3.5891,-2.034,2.5564,1,36,20,2,1,travel,0.7857,-1.2456,-0.3937,nutrient,1,free,0.0275,-2.2854,2.9849,-0.7106,-0.1293,0.3918,1,320,400,22,20,47,1373,0,0,2,6,6,2,8
20260526-040130-sentence-script-a-transparent-spherical-2682c1,3157,52.5306,69.454,2,1,careful_import,0,-3.6961,-1.8935,2.6476,1,36,20,2,1,travel,1.1659,-1.4258,-0.631,nutrient,1,free,-0.1567,-2.317,3.0963,-0.6729,-0.0873,0.4438,1,321,400,22,20,47,1373,0,0,2,6,6,2,8
20260526-040130-sentence-script-a-transparent-spherical-2682c1,3169,52.7334,69.718,2,1,careful_import,0,-3.788,-1.7712,2.7306,1,36,20,2,1,fusing,1.4559,-1.5925,-0.7909,nutrient,1,free,-0.3323,-2.3323,3.2111,-0.6624,-0.049,0.4531,1,324,402,22,20,47,1373,0,0,2,6,6,2,8
20260526-040130-sentence-script-a-transparent-spherical-2682c1,3181,52.9357,69.982,2,1,careful_import,0,-3.8648,-1.6674,2.8041,1,36,20,2,1,fusing,1.4559,-1.5925,-0.7909,nutrient,1,free,-0.5083,-2.3354,3.3304,-0.6692,-0.0046,0.4807,1,324,404,22,20,47,1375,0,0,2,6,6,2,8
20260526-040130-sentence-script-a-transparent-spherical-2682c1,3193,53.137,70.246,2,1,careful_import,0,-3.9277,-1.5813,2.8675,1,34,20,4,2,fusing,1.4559,-1.5925,-0.7909,nutrient,1,free,-0.6877,-2.3462,3.4568,-0.6863,-0.0373,0.4692,1,324,404,23,20,47,1375,0,0,2,6,6,2,8
20260526-040130-sentence-script-a-transparent-spherical-2682c1,3205,53.3384,70.51,2,1,careful_import,0,-3.9788,-1.5108,2.9209,1,36,20,2,1,budding,-3.3209,-1.4529,3.6841,nutrient,1,free,-0.873,-2.3512,3.5841,-0.6972,-0.0168,0.4797,1,326,404,23,21,49,1377,0,0,2,6,6,4,8
20260526-040130-sentence-script-a-transparent-spherical-2682c1,3217,53.5401,70.774,2,1,careful_import,0,-3.9914,-1.4671,3.0082,1,36,20,2,1,budding,-3.2327,-1.4143,3.5863,nutrient,1,free,-1.056,-2.3598,3.716,-0.7042,-0.0187,0.5161,1,327,409,23,21,49,1379,0,0,2,6,6,4,8
20260526-040130-sentence-script-a-transparent-spherical-2682c1,3229,53.7424,71.038,2,1,careful_import,0,-3.967,-1.4479,3.1313,1,36,20,2,1,budding,-3.1445,-1.3757,3.4884,nutrient,1,free,-1.2422,-2.3662,3.8503,-0.7421,-0.0259,0.5139,1,328,422,23,21,49,1379,0,0,2,6,6,4,8
20260526-040130-sentence-script-a-transparent-spherical-2682c1,3241,53.9453,71.302,2,1,careful_import,0,-3.8517,-1.4758,3.3812,1,36,20,2,1,travel,-3.0112,-1.3198,3.3332,nutrient,1,free,-1.4382,-2.3764,3.9922,-0.7347,-0.0435,0.5588,1,329,422,23,21,49,1379,0,0,2,6,6,4,8
20260526-040130-sentence-script-a-transparent-spherical-2682c1,3253,54.1471,71.566,2,1,careful_import,0,-3.788,-1.4844,3.5381,1,36,20,2,1,travel,-2.2291,-1.0815,2.4323,nutrient,1,free,-1.63,-2.3925,4.1349,-0.7555,-0.0797,0.5316,1,329,423,23,21,49,1379,0,0,2,6,6,4,8
20260526-040130-sentence-script-a-transparent-spherical-2682c1,3265,54.3485,71.83,2,1,careful_import,0,-3.7753,-1.4751,3.6003,1,36,20,2,1,travel,-1.4902,-0.9684,1.7076,nutrient,1,free,-1.83,-2.4097,4.2779,-0.7374,-0.0652,0.5192,1,331,423,23,21,49,1379,0,0,2,6,6,4,8
20260526-040130-sentence-script-a-transparent-spherical-2682c1,3277,54.5501,72.094,2,1,careful_import,0,-3.7566,-1.474,3.6567,1,36,20,2,1,travel,-0.7155,-0.9671,1.0801,nutrient,1,free,-2.0244,-2.4297,4.4185,-0.7473,-0.0714,0.5355,1,331,423,23,21,49,1379,0,0,2,6,6,4,8
20260526-040130-sentence-script-a-transparent-spherical-2682c1,3289,54.7543,72.358,2,1,careful_import,0,-3.733,-1.4796,3.708,1,36,20,2,1,travel,0.0453,-1.082,0.595,nutrient,1,free,-2.2236,-2.4451,4.5619,-0.7592,-0.0556,0.5704,1,332,423,23,21,49,1379,0,0,2,6,6,4,8
20260526-040130-sentence-script-a-transparent-spherical-2682c1,3301,54.9596,72.622,3,1,ritual_orbit,0,2.8023,2.1881,3.6335,3,38,20,0,0,,,,,signal,1,free,1.8467,-2.66,0.0934,0.2536,-0.7281,0.4831,1,338,427,23,21,49,1379,0,0,3,0,0,0,0
20260526-040130-sentence-script-a-transparent-spherical-2682c1,3313,55.1603,72.886,3,1,ritual_orbit,0,2.5849,2.0251,3.2438,3,38,20,0,0,,,,,signal,1,free,1.9149,-2.8587,0.2154,0.2808,-0.774,0.4506,1,341,427,23,21,49,1379,0,0,3,0,0,0,0
20260526-040130-sentence-script-a-transparent-spherical-2682c1,3325,55.3592,73.15,3,1,ritual_orbit,0,2.3203,1.8628,2.8846,3,38,20,0,0,,,,,signal,1,free,1.9907,-3.0509,0.3296,0.2959,-0.6752,0.428,1,342,427,23,21,49,1379,0,0,3,0,0,0,0
20260526-040130-sentence-script-a-transparent-spherical-2682c1,3337,55.5578,73.414,3,1,ritual_orbit,0,1.9897,1.6932,2.59,3,35,20,3,1,budding,2.8783,2.2503,3.768,signal,1,free,2.0654,-3.2294,0.451,0.2799,-0.68,0.482,1,344,427,24,21,49,1379,0,0,3,0,0,0,0
20260526-040130-sentence-script-a-transparent-spherical-2682c1,3349,55.7561,73.678,3,1,ritual_orbit,0,1.5969,1.5104,2.3983,3,35,20,3,1,budding,2.803,2.1915,3.6694,signal,1,free,2.144,-3.4077,0.5712,0.2895,-0.6393,0.4524,1,345,427,24,21,49,1393,0,0,3,0,0,0,0
20260526-040130-sentence-script-a-transparent-spherical-2682c1,3361,55.9546,73.942,3,1,ritual_orbit,0,1.1734,1.3142,2.3135,3,35,20,3,1,budding,2.7278,2.1326,3.5709,signal,1,free,2.2198,-3.5795,0.6899,0.2791,-0.6682,0.4758,1,349,427,24,21,49,1416,0,0,3,0,0,0,0
20260526-040130-sentence-script-a-transparent-spherical-2682c1,3373,56.1537,74.206,3,1,ritual_orbit,0,0.7466,1.1061,2.2969,3,35,20,3,1,budding,2.6525,2.0738,3.4723,signal,1,free,2.2876,-3.7541,0.8154,0.2377,-0.6541,0.4688,1,353,427,24,21,49,1418,0,0,3,0,0,0,0
20260526-040130-sentence-script-a-transparent-spherical-2682c1,3385,56.3466,74.47,3,1,ritual_orbit,0,0.3243,0.8886,2.3042,3,35,20,3,1,travel,2.2641,1.7831,3.0747,signal,1,free,2.3492,-3.9213,0.9478,0.2417,-0.616,0.5502,1,354,427,24,21,49,1418,0,0,3,0,0,0,0
20260526-040130-sentence-script-a-transparent-spherical-2682c1,3397,56.5364,74.734,3,1,ritual_orbit,0,-0.0955,0.6659,2.304,4,35,20,3,1,travel,1.5949,1.3112,2.4313,signal,1,free,2.4152,-4.086,1.0978,0.2333,-0.6343,0.5672,1,356,427,24,21,49,1418,0,0,3,0,0,0,0
20260526-040130-sentence-script-a-transparent-spherical-2682c1,3409,56.7242,74.998,3,1,ritual_orbit,0,-0.5155,0.4455,2.2763,4,35,20,3,1,travel,1.021,0.9418,1.9076,signal,1,free,2.4797,-4.2564,1.2488,0.2602,-0.6524,0.5879,1,356,427,24,21,49,1418,0,0,3,0,0,0,0
20260526-040130-sentence-script-a-transparent-spherical-2682c1,3421,56.9145,75.262,3,1,ritual_orbit,0,-0.9365,0.2367,2.2071,4,35,20,3,1,travel,0.4676,0.6289,1.4372,signal,1,free,2.5491,-4.4287,1.402,0.2734,-0.6454,0.5662,1,356,427,24,21,49,1430,0,0,3,0,0,0,0
20260526-040130-sentence-script-a-transparent-spherical-2682c1,3433,57.1158,75.526,3,1,ritual_orbit,0,-1.3564,0.0514,2.0856,3,35,20,3,1,travel,0.027,0.423,1.0973,signal,1,free,2.6228,-4.6039,1.558,0.2914,-0.6635,0.5753,1,356,427,24,21,49,1440,0,0,3,0,0,0,0
20260526-040130-sentence-script-a-transparent-spherical-2682c1,3445,57.3167,75.79,3,1,ritual_orbit,0,-1.7685,-0.0971,1.9028,3,35,20,3,1,travel,-0.389,0.2833,0.8199,signal,1,free,2.7079,-4.7817,1.7103,0.3295,-0.6675,0.5527,1,357,427,24,21,49,1440,0,0,3,0,0,0,0
20260526-040130-sentence-script-a-transparent-spherical-2682c1,3457,57.5182,76.054,3,1,ritual_orbit,0,-2.1599,-0.1948,1.6531,2,35,20,3,1,travel,-0.7199,0.2331,0.6481,signal,1,free,2.6833,-4.7795,1.7926,-0.5337,0.7357,0.0615,1,360,427,24,21,49,1440,0,0,3,0,0,0,0
20260526-040130-sentence-script-a-transparent-spherical-2682c1,3469,57.7203,76.318,3,1,ritual_orbit,0,-2.5117,-0.2304,1.3371,2,35,20,3,1,travel,-0.9783,0.2608,0.5673,signal,1,free,2.5418,-4.5832,1.8031,-0.5428,0.7343,0.0161,1,362,427,24,21,49,1440,0,0,3,0,0,0,0
20260526-040130-sentence-script-a-transparent-spherical-2682c1,3481,57.9221,76.582,3,1,ritual_orbit,0,-2.8024,-0.1998,0.9637,2,35,20,3,1,travel,-1.2045,0.3887,0.5793,signal,1,free,2.4032,-4.3831,1.8046,-0.5164,0.7623,-0.0234,1,364,427,24,21,49,1440,0,0,3,0,0,0,0
20260526-040130-sentence-script-a-transparent-spherical-2682c1,3493,58.1239,76.846,3,1,ritual_orbit,0,-3.0133,-0.1097,0.5487,3,35,20,3,1,fusing,-1.2351,0.4197,0.592,signal,1,free,2.2615,-4.1847,1.7955,-0.5458,0.7473,-0.0438,1,365,427,24,21,49,1440,0,0,3,0,0,0,0
20260526-040130-sentence-script-a-transparent-spherical-2682c1,3505,58.3257,77.11,3,1,ritual_orbit,0,-3.1329,0.0246,0.1098,3,32,20,6,2,fusing,-1.2351,0.4197,0.592,signal,1,free,2.1141,-3.984,1.79,-0.5529,0.752,-0.0165,1,366,427,25,21,49,1440,0,0,3,0,0,0,0
20260526-040130-sentence-script-a-transparent-spherical-2682c1,3517,58.5274,77.374,3,1,ritual_orbit,0,-3.1551,0.1821,-0.3371,3,35,20,3,1,budding,3.2812,-2.9108,-2.6462,signal,1,free,1.9665,-3.7873,1.7835,-0.5713,0.7726,-0.0193,1,366,427,25,22,52,1443,0,0,3,3,0,0,0
20260526-040130-sentence-script-a-transparent-spherical-2682c1,3529,58.7293,77.638,3,1,ritual_orbit,0,-3.0763,0.3395,-0.7774,3,35,20,3,1,budding,3.1933,-2.8328,-2.5753,signal,1,free,1.8172,-3.5865,1.7727,-0.5664,0.7608,-0.0285,1,367,427,25,22,52,1443,0,0,3,3,0,0,0
20260526-040130-sentence-script-a-transparent-spherical-2682c1,3541,58.9316,77.902,3,1,ritual_orbit,0,-2.8933,0.4711,-1.1944,3,35,20,3,1,budding,3.1054,-2.7548,-2.5043,signal,1,free,1.672,-3.3804,1.7573,-0.5398,0.7831,-0.0814,1,367,427,25,22,52,1443,0,0,3,3,0,0,0
20260526-040130-sentence-script-a-transparent-spherical-2682c1,3553,59.1331,78.166,3,1,ritual_orbit,0,-2.6073,0.5497,-1.5637,3,35,20,3,1,travel,2.5814,-2.3981,-2.1152,signal,1,free,1.5196,-3.1676,1.7333,-0.5949,0.831,-0.1156,1,369,427,25,22,52,1443,0,0,3,3,0,0,0
20260526-040130-sentence-script-a-transparent-spherical-2682c1,3565,59.3345,78.43,3,1,ritual_orbit,0,-2.2331,0.5517,-1.8534,3,35,20,3,1,travel,1.5016,-1.672,-1.3925,signal,1,free,1.3617,-2.9501,1.6954,-0.5979,0.821,-0.1838,1,371,427,25,22,52,1443,0,0,3,3,0,0,0
20260526-040130-sentence-script-a-transparent-spherical-2682c1,3577,59.539,78.694,3,1,ritual_orbit,0,-1.8037,0.4694,-2.0348,3,35,20,3,1,travel,0.5838,-1.0328,-0.8809,signal,1,free,1.2049,-2.7326,1.6528,-0.5915,0.8166,-0.1598,1,373,427,25,22,52,1443,0,0,3,3,0,0,0
20260526-040130-sentence-script-a-transparent-spherical-2682c1,3589,59.7424,78.958,3,1,ritual_orbit,0,-1.3597,0.3167,-2.0976,2,35,20,3,1,travel,-0.2644,-0.4154,-0.5327,signal,1,free,1.043,-2.5225,1.6008,-0.6275,0.778,-0.2414,1,375,427,25,22,52,1443,0,0,3,3,0,0,0
20260526-040130-sentence-script-a-transparent-spherical-2682c1,3601,59.9457,79.222,3,1,ritual_orbit,0,-0.9308,0.1206,-2.0492,1,35,20,3,1,travel,-0.9439,0.1077,-0.3867,signal,1,free,0.8872,-2.3153,1.5367,-0.5626,0.8076,-0.2173,1,378,427,25,22,52,1443,0,0,3,3,0,0,0
