run_id,frame,elapsed_seconds,simulation_seconds,round_index,ai_enabled,human_override,paused,ai_mode,ai_action,cell_x,cell_y,cell_z,cell_vx,cell_vy,cell_vz,pathogen_x,pathogen_y,pathogen_z,pathogen_vx,pathogen_vy,pathogen_vz,distance,attached,engulfed,digest_complete,wrap_progress,digestion_progress,bacterium_scale,collision_count,attach_count,detach_count,engulf_count,orbit_count,mark_count,spill_count,reset_count,trail_count,enzyme_particle_count,digest_particle_count,stagnation_timer
20260527-224029-sentence-script-a-large-flexible-amoeboi-2376c7,22,0.25412,0.25509,1,1,0,0,seek,boot,-8.85959,1.05,-4.91505,1.01565,0.0,0.61472,8.17208,0.86,5.40703,0.09266,0.0,0.19118,19.9154,0,0,0,0.0,0.0,1.0,0,0,0,0,0,1,0,0,1,0,0,0.0
20260527-224029-sentence-script-a-large-flexible-amoeboi-2376c7,45,0.51152,0.51249,1,1,0,0,seek,boot,-8.48348,1.05,-4.68719,1.84081,0.0,1.11621,8.24741,0.86,5.498,0.46255,0.0,0.50535,19.58726,0,0,0,0.0,0.0,1.0,0,0,0,0,0,2,0,0,2,0,0,0.0
20260527-224029-sentence-script-a-large-flexible-amoeboi-2376c7,66,0.77072,0.7717,1,1,0,0,seek,boot,-7.91257,1.05,-4.34046,2.50622,0.0,1.52428,8.41203,0.86,5.66991,0.78262,0.0,0.78385,19.14942,0,0,0,0.0,0.0,1.0,0,0,0,0,0,4,0,0,4,0,0,0.0
20260527-224029-sentence-script-a-large-flexible-amoeboi-2376c7,81,1.02444,1.02541,1,1,0,0,seek,boot,-7.22908,1.05,-3.92389,2.73097,0.0,1.66787,8.65235,0.86,5.89297,1.09529,0.0,0.95172,18.67058,0,0,0,0.0,0.0,1.0,0,0,0,0,0,5,0,0,5,0,0,0.0
20260527-224029-sentence-script-a-large-flexible-amoeboi-2376c7,96,1.28263,1.28361,1,1,0,0,seek,boot,-6.52449,1.05,-3.49238,2.72708,0.0,1.67423,8.97643,0.86,6.148,1.39422,0.0,1.01373,18.25419,0,0,0,0.0,0.0,1.0,0,0,0,0,0,6,0,0,6,0,0,0.0
20260527-224029-sentence-script-a-large-flexible-amoeboi-2376c7,111,1.53623,1.53721,1,1,0,0,seek,boot,-5.8334,1.05,-3.06697,2.72344,0.0,1.68014,9.3663,0.86,6.41033,1.65488,0.0,1.04734,17.91229,0,0,0,0.0,0.0,1.0,0,0,0,0,0,8,0,0,8,0,0,0.0
20260527-224029-sentence-script-a-large-flexible-amoeboi-2376c7,126,1.79018,1.79116,1,1,0,0,seek,boot,-5.14217,1.05,-2.63968,2.72078,0.0,1.68444,9.82171,0.86,6.68525,1.90441,0.0,1.11988,17.63156,0,0,0,0.0,0.0,1.0,0,0,0,0,0,9,0,0,9,0,0,0.0
20260527-224029-sentence-script-a-large-flexible-amoeboi-2376c7,142,2.05367,2.05465,1,1,0,0,seek,boot,-4.42551,1.05,-2.19549,2.71938,0.0,1.6867,10.35175,0.86,6.99227,2.078,0.0,1.22341,17.40064,0,0,0,0.0,0.0,1.0,0,0,0,0,0,11,0,0,11,0,0,0.0
20260527-224029-sentence-script-a-large-flexible-amoeboi-2376c7,158,2.31031,2.31129,1,1,0,0,seek,boot,-3.72768,1.05,-1.76249,2.71889,0.0,1.68749,10.89841,0.86,7.32682,2.15237,0.0,1.36741,17.22028,0,0,0,0.0,0.0,1.0,0,0,0,0,0,12,0,0,12,0,0,0.0
20260527-224029-sentence-script-a-large-flexible-amoeboi-2376c7,174,2.56387,2.56485,1,1,0,0,seek,boot,-3.03833,1.05,-1.33449,2.71829,0.0,1.68846,11.43597,0.86,7.68603,2.08898,0.0,1.46242,17.05507,0,0,0,0.0,0.0,1.0,0,0,0,0,0,13,0,0,13,0,0,0.0
20260527-224029-sentence-script-a-large-flexible-amoeboi-2376c7,190,2.82444,2.82542,1,1,0,0,seek,boot,-2.33024,1.05,-0.89422,2.71669,0.0,1.69103,11.97528,0.86,8.07413,2.06339,0.0,1.4983,16.88429,0,0,0,0.0,0.0,1.0,0,0,0,0,0,15,0,0,15,0,0,0.0
20260527-224029-sentence-script-a-large-flexible-amoeboi-2376c7,205,3.07563,3.07661,1,1,0,0,seek,boot,-1.64814,1.05,-0.46893,2.71419,0.0,1.69504,12.49724,0.86,8.44541,2.09537,0.0,1.45325,16.71996,0,0,0,0.0,0.0,1.0,0,0,0,0,0,16,0,0,16,0,0,0.0
20260527-224029-sentence-script-a-large-flexible-amoeboi-2376c7,220,3.32809,3.32907,1,1,0,0,seek,boot,-0.96329,1.05,-0.04041,2.71149,0.0,1.69937,13.03281,0.86,8.80254,2.14808,0.0,1.37413,16.55562,0,0,0,0.0,0.0,1.0,0,0,0,0,0,17,0,0,17,0,0,0.0
20260527-224029-sentence-script-a-large-flexible-amoeboi-2376c7,235,3.58159,3.58257,1,1,0,0,seek,boot,-0.27623,1.05,0.39085,2.70949,0.0,1.70255,13.586,0.86,9.13681,2.21344,0.0,1.26616,16.39064,0,0,0,0.0,0.0,1.0,0,0,0,0,0,19,0,0,19,0,0,0.0
20260527-224029-sentence-script-a-large-flexible-amoeboi-2376c7,250,3.84252,3.8435,1,1,0,0,seek,boot,0.43069,1.05,0.8352,2.70947,0.0,1.70259,13.42801,0.86,8.96157,-1.03389,0.0,-0.97788,15.32867,0,0,0,0.0,0.0,1.0,0,0,0,0,0,20,0,0,20,0,0,0.0
20260527-224029-sentence-script-a-large-flexible-amoeboi-2376c7,265,4.09417,4.09515,1,1,0,0,seek,boot,1.11283,1.05,1.26318,2.71205,0.0,1.69847,13.24501,0.86,8.77148,-0.4835,0.0,-0.56842,14.2676,0,0,0,0.0,0.0,1.0,0,0,0,0,0,21,0,0,21,0,0,0.0
20260527-224029-sentence-script-a-large-flexible-amoeboi-2376c7,280,4.36319,4.36417,1,1,0,0,seek,boot,1.84304,1.05,1.71914,2.71639,0.0,1.69152,13.18734,0.86,8.68307,0.00443,0.0,-0.13068,13.31125,0,0,0,0.0,0.0,1.0,0,0,0,0,0,23,0,0,23,0,0,0.0
20260527-224029-sentence-script-a-large-flexible-amoeboi-2376c7,294,4.62989,4.63086,1,1,0,0,seek,boot,2.56811,1.05,2.16924,2.72065,0.0,1.68466,13.24596,0.86,8.70378,0.39169,0.0,0.24434,12.51864,0,0,0,0.0,0.0,1.0,0,0,0,0,0,24,0,0,24,0,0,0.0
20260527-224029-sentence-script-a-large-flexible-amoeboi-2376c7,308,4.88569,4.88667,1,1,0,0,careful_stalk,careful_stalk:timer,3.26449,1.05,2.5995,2.72324,0.0,1.68047,13.39427,0.86,8.80587,0.72277,0.0,0.51581,11.87988,0,0,0,0.0,0.0,1.0,0,0,0,0,0,26,0,0,26,0,0,0.0
20260527-224029-sentence-script-a-large-flexible-amoeboi-2376c7,323,5.14641,5.14739,1,1,0,0,careful_stalk,careful_stalk:timer,3.97275,1.05,3.04042,2.70632,0.0,1.70758,13.60655,0.86,8.96502,0.90158,0.0,0.67572,11.30977,0,0,0,0.0,0.0,1.0,0,0,0,0,0,27,0,0,27,0,0,0.0
20260527-224029-sentence-script-a-large-flexible-amoeboi-2376c7,339,5.41104,5.41202,1,1,0,0,careful_stalk,careful_stalk:timer,4.68341,1.05,3.50088,2.66372,0.0,1.7733,13.70009,0.86,9.0506,-0.80412,0.0,-0.44673,10.58772,0,0,0,0.0,0.0,1.0,0,0,0,0,0,28,0,0,28,0,0,0.0
20260527-224029-sentence-script-a-large-flexible-amoeboi-2376c7,355,5.67123,5.67221,1,1,0,0,careful_stalk,careful_stalk:timer,5.36868,1.05,3.97374,2.60542,0.0,1.8579,13.54486,0.86,8.97152,-0.41079,0.0,-0.18159,9.58269,0,0,0,0.0,0.0,1.0,0,0,0,0,0,30,0,0,30,0,0,0.0
20260527-224029-sentence-script-a-large-flexible-amoeboi-2376c7,371,5.93665,5.93763,1,1,0,0,careful_stalk,careful_stalk:timer,6.05096,1.05,4.47951,2.5398,0.0,1.94664,13.49513,0.86,8.95448,-0.01507,0.0,0.02737,8.68568,0,0,0,0.0,0.0,1.0,0,0,0,0,0,32,0,0,32,0,0,0.0
20260527-224029-sentence-script-a-large-flexible-amoeboi-2376c7,387,6.19861,6.19958,1,1,0,0,careful_stalk,careful_stalk:timer,6.70788,1.05,5.00017,2.4815,0.0,2.02043,13.53689,0.86,8.98251,0.30511,0.0,0.16456,7.90534,0,0,0,0.0,0.0,1.0,0,0,0,0,0,34,0,0,34,0,0,0.0
20260527-224029-sentence-script-a-large-flexible-amoeboi-2376c7,403,6.4534,6.45438,1,1,0,0,careful_stalk,careful_stalk:timer,7.33447,1.05,5.52183,2.44335,0.0,2.0664,13.65343,0.86,9.03683,0.58357,0.0,0.24946,7.2308,0,0,0,0.0,0.0,1.0,0,0,0,0,0,35,0,0,35,0,0,0.0
20260527-224029-sentence-script-a-large-flexible-amoeboi-2376c7,419,6.70498,6.70596,1,1,0,0,careful_stalk,careful_stalk:timer,7.94724,1.05,6.044,2.43386,0.0,2.07757,13.74538,0.86,9.04957,-0.42384,0.0,-0.52166,6.53084,0,0,0,0.0,0.0,1.0,0,0,0,0,0,36,0,0,36,0,0,0.0
20260527-224029-sentence-script-a-large-flexible-amoeboi-2376c7,435,6.97109,6.97207,1,1,0,0,careful_stalk,careful_stalk:timer,8.59811,1.05,6.59306,2.4633,0.0,2.04259,13.69308,0.86,8.93944,0.00055,0.0,-0.32451,5.6093,0,0,0,0.0,0.0,1.0,0,0,0,0,0,38,0,0,38,0,0,0.0
20260527-224029-sentence-script-a-large-flexible-amoeboi-2376c7,450,7.2246,7.22557,1,1,0,0,careful_stalk,careful_stalk:timer,9.23097,1.05,7.1005,2.53127,0.0,1.95772,13.73379,0.86,8.87815,0.30304,0.0,-0.16538,4.84102,0,0,0,0.0,0.0,1.0,0,0,0,0,0,39,0,0,39,0,0,0.0
20260527-224029-sentence-script-a-large-flexible-amoeboi-2376c7,465,7.48937,7.49035,1,1,0,0,careful_stalk,careful_stalk:timer,9.91533,1.05,7.59936,2.63425,0.0,1.80922,13.85539,0.86,8.86051,0.59627,0.0,0.00179,4.13698,0,0,0,0.0,0.0,1.0,0,0,0,0,0,40,0,0,39,0,0,0.0
20260527-224029-sentence-script-a-large-flexible-amoeboi-2376c7,479,7.76057,7.76154,1,1,0,0,careful_stalk,careful_stalk:timer,10.64652,1.05,8.05915,2.75041,0.0,1.58476,13.88866,0.86,8.77127,-0.10416,0.0,-0.50489,3.31942,0,0,0,0.0,0.0,1.0,0,0,0,0,0,43,0,0,42,0,0,0.0
20260527-224029-sentence-script-a-large-flexible-amoeboi-2376c7,494,8.01239,8.01337,1,1,0,0,wrap,wrap:contact,11.36844,1.05,8.41505,2.94145,0.0,1.2601,13.20161,1.00111,8.63133,0.00015,0.0,-0.00207,1.84588,1,0,0,0.30641,0.0,1.0,10,1,0,0,0,44,3,0,43,3,0,0.0
20260527-224029-sentence-script-a-large-flexible-amoeboi-2376c7,510,8.26336,8.26434,1,1,0,0,wrap,wrap:contact,12.04008,1.05,8.63056,-1.28177,0.0,-2.19329,13.60699,1.04562,8.67465,0.0,0.0,-0.0,1.56754,1,0,0,0.8071,0.0,1.0,26,1,0,0,0,46,6,0,44,6,0,0.0
20260527-224029-sentence-script-a-large-flexible-amoeboi-2376c7,526,8.51648,8.51746,1,1,0,0,digest,digest:inside,11.90227,1.05,8.23169,-0.25234,0.0,-1.12783,11.65255,0.88549,8.26383,0.0,0.0,0.0,0.25177,0,1,0,1.04118,0.01429,0.98628,33,1,0,1,0,46,22,0,44,22,34,0.0
20260527-224029-sentence-script-a-large-flexible-amoeboi-2376c7,542,8.76829,8.76927,1,1,0,0,digest,digest:inside,11.86164,1.05,7.9923,-0.09402,0.0,-0.79822,11.74427,0.91913,8.15415,0.0,0.0,0.0,0.19993,0,1,0,1.06636,0.03948,0.9621,33,1,0,1,0,46,27,0,43,27,34,0.0
20260527-224029-sentence-script-a-large-flexible-amoeboi-2376c7,557,9.0208,9.02178,1,1,0,0,digest,digest:inside,11.84941,1.05,7.83154,-0.02221,0.0,-0.5025,11.87539,0.96088,8.10274,0.0,0.0,0.0,0.27244,0,1,0,1.09161,0.06473,0.93786,33,1,0,1,0,46,34,0,43,34,34,0.0
20260527-224029-sentence-script-a-large-flexible-amoeboi-2376c7,572,9.28248,9.28346,1,1,0,0,digest,digest:inside,11.84369,1.05,7.73571,-0.0336,0.0,-0.25912,12.01036,1.00068,8.08662,0.0,0.0,0.0,0.38848,0,1,0,1.11778,0.09089,0.91274,33,1,0,1,0,46,36,0,42,36,34,0.0
20260527-224029-sentence-script-a-large-flexible-amoeboi-2376c7,587,9.53737,9.53834,1,1,0,0,digest,digest:inside,11.82649,1.05,7.69237,-0.10343,0.0,-0.10619,12.10528,1.02564,8.08043,0.0,0.0,0.0,0.47782,0,1,0,1.14327,0.11638,0.88827,33,1,0,1,0,46,41,0,42,41,34,0.0
20260527-224029-sentence-script-a-large-flexible-amoeboi-2376c7,602,9.79681,9.79778,1,1,0,0,digest,digest:inside,11.78696,1.05,7.67534,-0.19505,0.0,-0.0446,12.14076,1.03066,8.05723,0.0,0.0,0.0,0.52059,0,1,0,1.16921,0.14233,0.86337,33,1,0,1,0,46,46,0,42,46,34,0.0
20260527-224029-sentence-script-a-large-flexible-amoeboi-2376c7,617,10.04803,10.049,1,1,0,0,digest,digest:inside,11.72792,1.05,7.66285,-0.26421,0.0,-0.0647,12.10874,1.01553,7.99832,0.0,0.0,0.0,0.5075,0,1,0,1.19434,0.16745,0.83925,33,1,0,1,0,46,46,0,42,46,34,0.0
20260527-224029-sentence-script-a-large-flexible-amoeboi-2376c7,632,10.30175,10.30272,1,1,0,0,digest,digest:inside,11.65694,1.05,7.63741,-0.28397,0.0,-0.13664,12.01745,0.98543,7.89184,0.0,0.0,0.0,0.44126,0,1,0,1.21971,0.19282,0.81489,33,1,0,1,0,46,48,0,42,44,34,0.0
20260527-224029-sentence-script-a-large-flexible-amoeboi-2376c7,647,10.56139,10.56237,1,1,0,0,digest,digest:inside,11.58807,1.05,7.58971,-0.23862,0.0,-0.22363,11.88247,0.94865,7.73581,0.0,0.0,0.0,0.32866,0,1,0,1.24567,0.21879,0.78997,33,1,0,1,0,46,48,0,42,43,34,0.0
20260527-224029-sentence-script-a-large-flexible-amoeboi-2376c7,662,10.81929,10.82027,1,1,0,0,digest,digest:inside,11.53958,1.05,7.52293,-0.13658,0.0,-0.28287,11.73276,0.91706,7.54868,0.0,0.0,0.0,0.19488,0,1,0,1.25,0.24458,0.76521,33,1,0,1,0,46,48,0,42,42,34,0.0
20260527-224029-sentence-script-a-large-flexible-amoeboi-2376c7,677,11.07387,11.07484,1,1,0,0,digest,digest:inside,11.52216,1.05,7.4491,-0.00713,0.0,-0.28652,11.5944,0.89971,7.35702,0.0,0.0,0.0,0.11704,0,1,0,1.25,0.27003,0.74077,33,1,0,1,0,46,52,0,38,41,34,0.0
20260527-224029-sentence-script-a-large-flexible-amoeboi-2376c7,692,11.32812,11.32909,1,1,0,0,digest,digest:inside,11.53736,1.05,7.38304,0.1142,0.0,-0.22704,11.48377,0.90084,7.18693,0.0,0.0,0.0,0.2033,0,1,0,1.25,0.29546,0.71636,33,1,0,1,0,46,56,0,35,45,34,0.0
20260527-224029-sentence-script-a-large-flexible-amoeboi-2376c7,707,11.58086,11.58183,1,1,0,0,digest,digest:inside,11.57798,1.05,7.33961,0.1927,0.0,-0.11763,11.40994,0.91973,7.06425,0.0,0.0,0.0,0.32258,0,1,0,1.25,0.32073,0.6921,33,1,0,1,0,46,60,0,35,45,34,0.0
20260527-224029-sentence-script-a-large-flexible-amoeboi-2376c7,722,11.83733,11.83831,1,1,0,0,digest,digest:inside,11.63087,1.05,7.32752,0.20696,0.0,0.01514,11.37165,0.95152,7.00422,0.0,0.0,0.0,0.41438,0,1,0,1.25,0.34638,0.66748,33,1,0,1,0,46,60,0,35,40,34,0.0
20260527-224029-sentence-script-a-large-flexible-amoeboi-2376c7,737,12.08951,12.09048,1,1,0,0,digest,digest:inside,11.67721,1.05,7.34756,0.15392,0.0,0.13061,11.36318,0.98656,7.01303,0.0,0.0,0.0,0.45883,0,1,0,1.25,0.3716,0.64327,33,1,0,1,0,46,60,0,35,33,34,0.0
20260527-224029-sentence-script-a-large-flexible-amoeboi-2376c7,752,12.35133,12.35231,1,1,0,0,digest,digest:inside,11.70336,1.05,7.39286,0.04673,0.0,0.20003,11.37488,1.01698,7.08427,0.0,0.0,0.0,0.45069,0,1,0,1.25,0.39778,0.61813,33,1,0,1,0,46,66,0,30,31,34,0.0
20260527-224029-sentence-script-a-large-flexible-amoeboi-2376c7,767,12.60692,12.6079,1,1,0,0,digest,digest:inside,11.6986,1.05,7.44538,-0.07541,0.0,0.19923,11.3981,1.03306,7.19501,0.0,0.0,0.0,0.39114,0,1,0,1.25,0.42334,0.59359,33,1,0,1,0,46,66,0,29,25,34,0.0
20260527-224029-sentence-script-a-large-flexible-amoeboi-2376c7,782,12.8622,12.86317,1,1,0,0,digest,digest:inside,11.6648,1.05,7.48837,-0.17625,0.0,0.13235,11.42873,1.03206,7.32105,0.0,0.0,0.0,0.28936,0,1,0,1.25,0.44887,0.56909,33,1,0,1,0,46,66,0,26,22,34,0.0
20260527-224029-sentence-script-a-large-flexible-amoeboi-2376c7,797,13.11336,13.11433,1,1,0,0,digest,digest:inside,11.61281,1.05,7.50756,-0.22427,0.0,0.02311,11.46663,1.01565,7.43665,0.0,0.0,0.0,0.16247,0,1,0,1.25,0.47398,0.54498,33,1,0,1,0,46,68,0,26,23,34,0.0
20260527-224029-sentence-script-a-large-flexible-amoeboi-2376c7,812,13.36551,13.36649,1,1,0,0,digest,digest:inside,11.55724,1.05,7.49715,-0.20648,0.0,-0.09621,11.51574,0.98918,7.5269,0.0,0.0,0.0,0.05107,0,1,0,1.25,0.4992,0.52077,33,1,0,1,0,46,68,0,26,18,34,0.0
20260527-224029-sentence-script-a-large-flexible-amoeboi-2376c7,827,13.61974,13.62072,1,1,0,0,digest,digest:inside,11.51444,1.05,7.45913,-0.12679,0.0,-0.18935,11.57957,0.96034,7.58337,0.0,0.0,0.0,0.14027,0,1,0,1.25,0.52462,0.49636,33,1,0,1,0,46,73,0,23,22,34,0.0
20260527-224029-sentence-script-a-large-flexible-amoeboi-2376c7,841,13.87313,13.8741,1,1,0,0,digest,digest:inside,11.4978,1.05,7.40478,-0.00951,0.0,-0.22619,11.65719,0.93772,7.60643,0.0,0.0,0.0,0.25704,0,1,0,1.25,0.54996,0.47204,33,1,0,1,0,46,76,0,21,22,34,0.0
20260527-224029-sentence-script-a-large-flexible-amoeboi-2376c7,856,14.12577,14.12675,1,1,0,0,digest,digest:inside,11.51181,1.05,7.35029,0.10976,0.0,-0.1962,11.74192,0.92766,7.60467,0.0,0.0,0.0,0.34302,0,1,0,1.25,0.57522,0.44778,33,1,0,1,0,46,78,0,18,23,34,0.0
20260527-224029-sentence-script-a-large-flexible-amoeboi-2376c7,871,14.37682,14.3778,1,1,0,0,digest,digest:inside,11.55181,1.05,7.31176,0.19523,0.0,-0.10873,11.82164,0.93249,7.58994,0.0,0.0,0.0,0.38755,0,1,0,1.25,0.60033,0.42368,33,1,0,1,0,46,85,0,16,27,34,0.0
20260527-224029-sentence-script-a-large-flexible-amoeboi-2376c7,886,14.63177,14.63275,1,1,0,0,digest,digest:inside,11.6067,1.05,7.30019,0.22222,0.0,0.01234,11.88194,0.951,7.5719,0.0,0.0,0.0,0.38676,0,1,0,1.25,0.62582,0.39921,33,1,0,1,0,46,85,0,16,25,34,0.0
20260527-224029-sentence-script-a-large-flexible-amoeboi-2376c7,901,14.88541,14.88639,1,1,0,0,digest,digest:inside,11.65889,1.05,7.31953,0.18128,0.0,0.12857,11.90533,0.97781,7.55609,0.0,0.0,0.0,0.3416,0,1,0,1.25,0.65119,0.37486,33,1,0,1,0,46,89,0,15,27,34,0.0
20260527-224029-sentence-script-a-large-flexible-amoeboi-2376c7,916,15.13968,15.14066,1,1,0,0,digest,digest:inside,11.69283,1.05,7.3638,0.08488,0.0,0.20551,11.88121,1.00575,7.54138,0.0,0.0,0.0,0.25889,0,1,0,1.25,0.67661,0.35045,33,1,0,1,0,46,93,0,15,31,34,0.0
20260527-224029-sentence-script-a-large-flexible-amoeboi-2376c7,931,15.39281,15.39379,1,1,0,0,digest,digest:inside,11.69802,1.05,7.41915,-0.03697,0.0,0.21958,11.80799,1.02738,7.52172,0.0,0.0,0.0,0.15037,0,1,0,1.25,0.70193,0.32615,33,1,0,1,0,46,93,0,15,31,34,0.0
20260527-224029-sentence-script-a-large-flexible-amoeboi-2376c7,946,15.64817,15.64914,1,1,0,0,digest,digest:inside,11.67275,1.05,7.46931,-0.14856,0.0,0.16632,11.6935,1.03762,7.48858,0.0,0.0,0.0,0.02833,0,1,0,1.25,0.72746,0.30163,33,1,0,1,0,46,98,0,14,35,34,0.0
20260527-224029-sentence-script-a-large-flexible-amoeboi-2376c7,961,15.90306,15.90403,1,1,0,0,digest,digest:inside,11.62467,1.05,7.4983,-0.2145,0.0,0.06198,11.55787,1.03434,7.43616,0.0,0.0,0.0,0.09124,0,1,0,1.25,0.75295,0.27717,33,1,0,1,0,46,98,0,13,35,34,0.0
20260527-224029-sentence-script-a-large-flexible-amoeboi-2376c7,976,16.15593,16.15691,1,1,0,0,digest,digest:inside,11.56892,1.05,7.49746,-0.21508,0.0,-0.06053,11.42744,1.01964,7.36486,0.0,0.0,0.0,0.1939,0,1,0,1.25,0.77824,0.25289,33,1,0,1,0,46,106,0,13,40,34,0.0
20260527-224029-sentence-script-a-large-flexible-amoeboi-2376c7,991,16.41246,16.41344,1,1,0,0,digest,digest:inside,11.52144,1.05,7.4667,-0.14947,0.0,-0.16608,11.32553,0.99811,7.28039,0.0,0.0,0.0,0.27036,0,1,0,1.25,0.80389,0.22826,33,1,0,1,0,46,114,0,11,43,34,0.0
20260527-224029-sentence-script-a-large-flexible-amoeboi-2376c7,1006,16.66877,16.66974,1,1,0,0,digest,digest:inside,11.49776,1.05,7.41539,-0.03766,0.0,-0.22018,11.27472,0.97662,7.19827,0.0,0.0,0.0,0.31127,0,1,0,1.25,0.82952,0.20366,33,1,0,1,0,46,122,0,11,48,34,0.0
20260527-224029-sentence-script-a-large-flexible-amoeboi-2376c7,1021,16.93409,16.93506,1,1,0,0,digest,digest:inside,11.50602,1.05,7.35758,0.08981,0.0,-0.20428,11.28578,0.96116,7.13499,0.0,0.0,0.0,0.31313,0,1,0,1.25,0.85606,0.17819,33,1,0,1,0,46,123,0,11,47,34,0.0
20260527-224029-sentence-script-a-large-flexible-amoeboi-2376c7,1037,17.19638,17.19735,1,1,0,0,digest,digest:inside,11.54414,1.05,7.3142,0.18683,0.0,-0.12224,11.35559,0.95719,7.11194,0.0,0.0,0.0,0.27651,0,1,0,1.25,0.88228,0.15301,33,1,0,1,0,46,125,0,9,49,34,0.0
20260527-224029-sentence-script-a-large-flexible-amoeboi-2376c7,1053,17.45367,17.45464,1,1,0,0,digest,digest:inside,11.59865,1.05,7.2986,0.22338,0.0,-0.00304,11.46357,0.96517,7.13749,0.0,0.0,0.0,0.21024,0,1,0,1.25,0.90801,0.12831,33,1,0,1,0,46,129,0,6,52,34,0.0
20260527-224029-sentence-script-a-large-flexible-amoeboi-2376c7,1069,17.7089,17.70988,1,1,0,0,digest,digest:inside,11.65268,1.05,7.3144,0.19081,0.0,0.11634,11.58462,0.98228,7.2093,0.0,0.0,0.0,0.12521,0,1,0,1.25,0.93354,0.1038,33,1,0,1,0,46,132,0,4,48,34,0.0
20260527-224029-sentence-script-a-large-flexible-amoeboi-2376c7,1085,17.96705,17.96803,1,1,0,0,digest,digest:inside,11.69029,1.05,7.35713,0.09836,0.0,0.20065,11.69476,1.00394,7.31695,0.0,0.0,0.0,0.04043,0,1,0,1.25,0.95935,0.07902,33,1,0,1,0,46,141,0,4,55,34,0.0
20260527-224029-sentence-script-a-large-flexible-amoeboi-2376c7,1100,18.21974,18.22072,1,1,0,0,digest,digest:inside,11.69913,1.05,7.41215,-0.02232,0.0,0.22218,11.77003,1.02372,7.4362,0.0,0.0,0.0,0.07486,0,1,0,1.25,0.98462,0.05476,33,1,0,1,0,46,144,0,3,54,34,0.0
20260527-224029-sentence-script-a-large-flexible-amoeboi-2376c7,1115,18.47234,18.47331,1,1,0,0,reset_pause,reset_pause:completion,11.68291,1.05,7.46359,-0.06809,0.0,0.18118,11.80893,1.037,7.54637,0.0,0.0,0.0,0.15078,0,1,1,1.25,1.0,0.04,33,1,0,1,0,46,146,0,2,52,34,0.0
20260527-224029-sentence-script-a-large-flexible-amoeboi-2376c7,1130,18.72792,18.7289,1,1,0,0,reset_pause,reset_pause:completion,11.6678,1.05,7.50379,-0.05194,0.0,0.1382,11.83517,1.04093,7.63746,0.0,0.0,0.0,0.2142,0,1,1,1.25,1.0,0.04,33,1,0,1,0,46,146,0,2,49,34,0.0
20260527-224029-sentence-script-a-large-flexible-amoeboi-2376c7,1145,18.98367,18.98464,1,1,0,0,reset_pause,reset_pause:completion,11.65627,1.05,7.53447,-0.03961,0.0,0.10539,11.84379,1.03476,7.70443,0.0,0.0,0.0,0.25309,0,1,1,1.25,1.0,0.04,33,1,0,1,0,46,146,0,2,45,34,0.0
20260527-224029-sentence-script-a-large-flexible-amoeboi-2376c7,1160,19.23662,19.2376,1,1,0,0,reset_pause,reset_pause:completion,11.64755,1.05,7.55765,-0.0303,0.0,0.08062,11.83162,1.02039,7.7452,0.0,0.0,0.0,0.26278,0,1,1,1.25,1.0,0.04,33,1,0,1,0,46,146,0,1,38,34,0.0
20260527-224029-sentence-script-a-large-flexible-amoeboi-2376c7,1175,19.49078,19.49175,1,1,0,0,reset_pause,reset_pause:completion,11.64086,1.05,7.57545,-0.02315,0.0,0.06159,11.79844,1.00169,7.76043,0.0,0.0,0.0,0.243,0,1,1,1.25,1.0,0.04,33,1,0,1,0,46,146,0,1,36,34,0.0
20260527-224029-sentence-script-a-large-flexible-amoeboi-2376c7,1190,19.74545,19.74643,1,1,0,0,reset_pause,reset_pause:completion,11.63574,1.05,7.58907,-0.01767,0.0,0.04702,11.74699,0.98388,7.75141,0.0,0.0,0.0,0.1968,0,1,1,1.25,1.0,0.04,33,1,0,1,0,46,146,0,0,32,34,0.0
20260527-224029-sentence-script-a-large-flexible-amoeboi-2376c7,1205,19.99943,20.00041,1,1,0,0,reset_pause,reset_pause:completion,11.63184,1.05,7.59945,-0.0135,0.0,0.03593,11.68294,0.97199,7.72164,0.0,0.0,0.0,0.13245,0,1,1,1.25,1.0,0.04,33,1,0,1,0,46,146,0,0,28,34,0.0
20260527-224029-sentence-script-a-large-flexible-amoeboi-2376c7,1220,20.25851,20.25948,1,1,0,0,reset_pause,reset_pause:completion,11.62881,1.05,7.60752,-0.01026,0.0,0.0273,11.61202,0.96932,7.67519,0.0,0.0,0.0,0.06973,0,1,1,1.25,1.0,0.04,33,1,0,1,0,46,146,0,0,24,34,0.0
20260527-224029-sentence-script-a-large-flexible-amoeboi-2376c7,1235,20.51916,20.52014,1,1,0,0,reset_pause,reset_pause:completion,11.6265,1.05,7.61368,-0.00779,0.0,0.02071,11.54363,0.97703,7.61885,0.0,0.0,0.0,0.08303,0,1,1,1.25,1.0,0.04,33,1,0,1,0,46,146,0,0,19,34,0.0
20260527-224029-sentence-script-a-large-flexible-amoeboi-2376c7,1250,20.77686,20.77784,2,1,0,0,seek,seek:reset,-7.59068,1.05,-1.36358,1.03697,0.0,0.17732,9.47066,0.86,1.55643,0.28741,0.0,0.07143,17.30941,0,0,0,0.0,0.0,1.0,33,1,0,1,0,48,146,1,2,0,0,0.0
20260527-224029-sentence-script-a-large-flexible-amoeboi-2376c7,1265,21.02828,21.02925,2,1,0,0,seek,seek:reset,-7.19785,1.05,-1.29636,1.99081,0.0,0.34094,9.60272,0.86,1.59308,0.72645,0.0,0.22886,17.04723,0,0,0,0.0,0.0,1.0,33,1,0,1,0,49,146,1,3,0,0,0.0
20260527-224029-sentence-script-a-large-flexible-amoeboi-2376c7,1280,21.2791,21.28007,2,1,0,0,seek,seek:reset,-6.59221,1.05,-1.19242,2.76001,0.0,0.47469,9.83593,0.86,1.67275,1.09594,0.0,0.39173,16.67613,0,0,0,0.0,0.0,1.0,33,1,0,1,0,50,146,1,4,0,0,0.0
20260527-224029-sentence-script-a-large-flexible-amoeboi-2376c7,1295,21.53075,21.53173,2,1,0,0,seek,seek:reset,-5.82474,1.05,-1.05988,3.15295,0.0,0.54673,10.1566,0.86,1.78574,1.41978,0.0,0.49778,16.2327,0,0,0,0.0,0.0,1.0,33,1,0,1,0,52,146,1,6,0,0,0.0
20260527-224029-sentence-script-a-large-flexible-amoeboi-2376c7,1310,21.78308,21.78406,2,1,0,0,seek,seek:reset,-5.02931,1.05,-0.92106,3.15177,0.0,0.55348,10.55305,0.86,1.91382,1.69832,0.0,0.51125,15.83814,0,0,0,0.0,0.0,1.0,33,1,0,1,0,53,146,1,7,0,0,0.0
20260527-224029-sentence-script-a-large-flexible-amoeboi-2376c7,1325,22.0362,22.03718,2,1,0,0,seek,seek:reset,-4.23171,1.05,-0.77988,3.15034,0.0,0.56159,11.0168,0.86,2.04067,1.94085,0.0,0.47407,15.50718,0,0,0,0.0,0.0,1.0,33,1,0,1,0,54,146,1,8,0,0,0.0
20260527-224029-sentence-script-a-large-flexible-amoeboi-2376c7,1339,22.29718,22.29816,2,1,0,0,seek,seek:reset,-3.40975,1.05,-0.63219,3.14893,0.0,0.56943,11.5606,0.86,2.15632,2.20183,0.0,0.40232,15.22784,0,0,0,0.0,0.0,1.0,33,1,0,1,0,56,146,1,10,0,0,0.0
20260527-224029-sentence-script-a-large-flexible-amoeboi-2376c7,1353,22.54762,22.5486,2,1,0,0,seek,seek:reset,-2.62126,1.05,-0.48882,3.14797,0.0,0.57469,12.13978,0.86,2.25187,2.40462,0.0,0.37259,15.01332,0,0,0,0.0,0.0,1.0,33,1,0,1,0,57,146,1,11,0,0,0.0
20260527-224029-sentence-script-a-large-flexible-amoeboi-2376c7,1368,22.80837,22.80935,2,1,0,0,seek,seek:reset,-1.80052,1.05,-0.33855,3.14751,0.0,0.5772,12.78836,0.86,2.34886,2.52199,0.0,0.37695,14.83433,0,0,0,0.0,0.0,1.0,33,1,0,1,0,59,146,1,13,0,0,0.0
20260527-224029-sentence-script-a-large-flexible-amoeboi-2376c7,1383,23.06104,23.06202,2,1,0,0,seek,seek:reset,-1.00524,1.05,-0.19265,3.14747,0.0,0.57742,13.42437,0.86,2.4517,2.50877,0.0,0.45671,14.66991,0,0,0,0.0,0.0,1.0,33,1,0,1,0,60,146,1,14,0,0,0.0
20260527-224029-sentence-script-a-large-flexible-amoeboi-2376c7,1398,23.31209,23.31306,2,1,0,0,seek,seek:reset,-0.21509,1.05,-0.0477,3.14744,0.0,0.57757,14.05112,0.86,2.58179,2.48589,0.0,0.56819,14.50651,0,0,0,0.0,0.0,1.0,33,1,0,1,0,61,146,1,15,0,0,0.0
20260527-224029-sentence-script-a-large-flexible-amoeboi-2376c7,1413,23.56489,23.56586,2,1,0,0,seek,seek:reset,0.58054,1.05,0.09854,3.14707,0.0,0.57964,14.67758,0.86,2.73374,2.47241,0.0,0.62425,14.34122,0,0,0,0.0,0.0,1.0,33,1,0,1,0,63,146,1,17,0,0,0.0
20260527-224029-sentence-script-a-large-flexible-amoeboi-2376c7,1428,23.82981,23.83078,2,1,0,0,seek,seek:reset,1.41415,1.05,0.2527,3.14621,0.0,0.58425,15.33263,0.86,2.89886,2.47611,0.0,0.60939,14.16779,0,0,0,0.0,0.0,1.0,33,1,0,1,0,64,146,1,18,0,0,0.0
20260527-224029-sentence-script-a-large-flexible-amoeboi-2376c7,1443,24.08585,24.08682,2,1,0,0,seek,seek:reset,2.21957,1.05,0.40307,3.14514,0.0,0.59001,15.96857,0.86,3.04659,2.4932,0.0,0.53522,14.00084,0,0,0,0.0,0.0,1.0,33,1,0,1,0,65,146,1,19,0,0,0.0
20260527-224029-sentence-script-a-large-flexible-amoeboi-2376c7,1458,24.33829,24.33927,2,1,0,0,seek,seek:reset,3.0134,1.05,0.55273,3.14418,0.0,0.59508,15.93939,0.86,3.04341,-1.56445,0.0,-0.33304,13.16377,0,0,0,0.0,0.0,1.0,33,1,0,1,0,67,146,1,21,0,0,0.0
20260527-224029-sentence-script-a-large-flexible-amoeboi-2376c7,1473,24.59695,24.59793,2,1,0,0,seek,seek:reset,3.82658,1.05,0.70711,3.14364,0.0,0.59796,15.63497,0.86,2.96408,-0.84198,0.0,-0.26854,12.02214,0,0,0,0.0,0.0,1.0,33,1,0,1,0,68,146,1,22,0,0,0.0
20260527-224029-sentence-script-a-large-flexible-amoeboi-2376c7,1488,24.85549,24.85647,2,1,0,0,seek,seek:reset,4.63934,1.05,0.86173,3.1437,0.0,0.59765,15.50804,0.86,2.91315,-0.20287,0.0,-0.11943,11.0606,0,0,0,0.0,0.0,1.0,33,1,0,1,0,69,146,1,23,0,0,0.0
20260527-224029-sentence-script-a-large-flexible-amoeboi-2376c7,1503,25.11302,25.114,2,1,0,0,seek,seek:reset,5.449,1.05,1.01537,3.14409,0.0,0.59556,15.52786,0.86,2.90779,0.31178,0.0,0.06131,10.25499,0,0,0,0.0,0.0,1.0,33,1,0,1,0,71,146,1,25,0,0,0.0
20260527-224029-sentence-script-a-large-flexible-amoeboi-2376c7,1518,25.36387,25.36484,2,1,0,0,seek,seek:reset,6.23771,1.05,1.16456,3.14431,0.0,0.59441,15.66302,0.86,2.94897,0.74165,0.0,0.24799,9.59274,0,0,0,0.0,0.0,1.0,33,1,0,1,0,72,146,1,26,0,0,0.0
20260527-224029-sentence-script-a-large-flexible-amoeboi-2376c7,1533,25.61562,25.6166,2,1,0,0,seek,seek:reset,7.02927,1.05,1.31443,3.14385,0.0,0.59681,15.89699,0.86,3.03474,1.10162,0.0,0.40845,9.03305,0,0,0,0.0,0.0,1.0,33,1,0,1,0,74,146,1,28,0,0,0.0
20260527-224029-sentence-script-a-large-flexible-amoeboi-2376c7,1548,25.86827,25.86925,2,1,0,0,seek,seek:reset,7.8234,1.05,1.46609,3.14248,0.0,0.60399,16.19863,0.86,3.13917,-1.26727,0.0,-0.08776,8.5407,0,0,0,0.0,0.0,1.0,33,1,0,1,0,75,146,1,29,0,0,0.0
20260527-224029-sentence-script-a-large-flexible-amoeboi-2376c7,1563,26.12127,26.12225,2,1,0,0,seek,seek:reset,8.61818,1.05,1.62024,3.1405,0.0,0.6142,15.97027,0.86,3.12376,-0.5951,0.0,-0.04036,7.50425,0,0,0,0.0,0.0,1.0,33,1,0,1,0,76,146,1,30,0,0,0.0
20260527-224029-sentence-script-a-large-flexible-amoeboi-2376c7,1578,26.37222,26.3732,2,1,0,0,seek,seek:reset,9.40602,1.05,1.77577,3.1385,0.0,0.62437,15.90021,0.86,3.11544,-0.0111,0.0,-0.03216,6.63092,0,0,0,0.0,0.0,1.0,33,1,0,1,0,78,146,1,32,0,0,0.0
20260527-224029-sentence-script-a-large-flexible-amoeboi-2376c7,1593,26.63817,26.63915,2,1,0,0,seek,seek:reset,10.24049,1.05,1.94289,3.13721,0.0,0.63081,15.97554,0.86,3.10757,0.52124,0.0,-0.01259,5.85211,0,0,0,0.0,0.0,1.0,33,1,0,1,0,79,146,1,33,0,0,0.0
20260527-224029-sentence-script-a-large-flexible-amoeboi-2376c7,1607,26.89143,26.89241,2,1,0,0,seek,seek:reset,11.035,1.05,2.10267,3.13738,0.0,0.62998,16.16425,0.86,3.11442,0.9303,0.0,0.07241,5.22808,0,0,0,0.0,0.0,1.0,33,1,0,1,0,80,146,1,34,0,0,0.0
20260527-224029-sentence-script-a-large-flexible-amoeboi-2376c7,1622,27.15782,27.1588,2,1,0,0,seek,seek:reset,11.87093,1.05,2.26966,3.13866,0.0,0.62357,16.07613,0.86,3.07997,-0.36859,0.0,-0.09821,4.28256,0,0,0,0.0,0.0,1.0,33,1,0,1,0,82,146,1,36,0,0,0.0
20260527-224029-sentence-script-a-large-flexible-amoeboi-2376c7,1637,27.40787,27.40885,2,1,0,0,curious_dip,curious_dip:timer,12.65133,1.05,2.43196,3.09172,0.0,0.71692,16.04065,0.86,3.07233,-0.00089,0.0,-0.00275,3.44928,0,0,0,0.0,0.0,1.0,33,1,0,1,0,83,148,1,37,2,0,0.0
20260527-224029-sentence-script-a-large-flexible-amoeboi-2376c7,1652,27.65948,27.66046,2,1,0,0,wrap,wrap:contact,13.43371,1.05,2.61815,3.11549,0.0,0.73057,15.45893,0.97313,2.97052,0.00443,0.0,0.0008,2.05564,1,0,0,0.21756,0.0,1.0,40,2,0,1,0,85,150,1,39,4,0,0.0
20260527-224029-sentence-script-a-large-flexible-amoeboi-2376c7,1667,27.9106,27.91158,2,1,0,0,wrap,wrap:contact,14.21621,1.05,2.80102,3.11794,0.0,0.72002,15.69168,1.042,3.01327,0.0,0.0,0.0,1.49066,1,0,0,0.71855,0.0,1.0,55,2,0,1,0,87,157,1,41,11,0,0.0
20260527-224029-sentence-script-a-large-flexible-amoeboi-2376c7,1682,28.16616,28.16714,2,1,0,0,digest,digest:inside,14.35972,1.05,2.84449,-1.16846,0.0,-0.20529,14.77214,0.99136,3.04085,0.0,0.0,0.0,0.45678,0,1,0,1.03173,0.01038,0.99004,64,2,0,2,0,88,173,1,41,27,34,0.0
20260527-224029-sentence-script-a-large-flexible-amoeboi-2376c7,1698,28.42711,28.42809,2,1,0,0,digest,digest:inside,14.11194,1.05,2.8052,-0.77924,0.0,-0.09595,14.4675,0.95123,3.10868,0.0,0.0,0.0,0.46746,0,1,0,1.05782,0.03647,0.96499,64,2,0,2,0,88,175,1,41,29,34,0.0
20260527-224029-sentence-script-a-large-flexible-amoeboi-2376c7,1714,28.68121,28.68219,2,1,0,0,digest,digest:inside,13.94924,1.05,2.79805,-0.5383,0.0,0.03216,14.20636,0.9134,3.1701,0.0,0.0,0.0,0.45224,0,1,0,1.08323,0.06188,0.94059,64,2,0,2,0,88,177,1,40,31,34,0.0
20260527-224029-sentence-script-a-large-flexible-amoeboi-2376c7,1730,28.93613,28.93711,2,1,0,0,digest,digest:inside,13.83055,1.05,2.8222,-0.41862,0.0,0.14457,13.95975,0.88757,3.22107,0.0,0.0,0.0,0.41928,0,1,0,1.10872,0.08738,0.91612,64,2,0,2,0,88,183,1,40,37,34,0.0
20260527-224029-sentence-script-a-large-flexible-amoeboi-2376c7,1746,29.19431,29.19529,2,1,0,0,digest,digest:inside,13.72795,1.05,2.86962,-0.38996,0.0,0.20828,13.71506,0.88113,3.25114,0.0,0.0,0.0,0.38173,0,1,0,1.13454,0.11319,0.89133,64,2,0,2,0,88,194,1,39,48,34,0.0
20260527-224029-sentence-script-a-large-flexible-amoeboi-2376c7,1761,29.44766,29.44864,2,1,0,0,digest,digest:inside,13.62704,1.05,2.9232,-0.40924,0.0,0.20349,13.48031,0.89569,3.2472,0.0,0.0,0.0,0.35567,0,1,0,1.15988,0.13853,0.86701,64,2,0,2,0,88,194,1,39,48,34,0.0
20260527-224029-sentence-script-a-large-flexible-amoeboi-2376c7,1776,29.70419,29.70517,2,1,0,0,digest,digest:inside,13.51872,1.05,2.96701,-0.43066,0.0,0.13315,13.25899,0.92718,3.19945,0.0,0.0,0.0,0.34855,0,1,0,1.18553,0.16418,0.84239,64,2,0,2,0,88,197,1,38,49,34,0.0
20260527-224029-sentence-script-a-large-flexible-amoeboi-2376c7,1791,29.95879,29.95977,2,1,0,0,digest,digest:inside,13.4099,1.05,2.98616,-0.41716,0.0,0.02033,13.07378,0.96633,3.10541,0.0,0.0,0.0,0.35665,0,1,0,1.21099,0.18964,0.81794,64,2,0,2,0,88,204,1,37,51,34,0.0
20260527-224029-sentence-script-a-large-flexible-amoeboi-2376c7,1806,30.21873,30.2197,2,1,0,0,digest,digest:inside,13.30979,1.05,2.97412,-0.34806,0.0,-0.10264,12.94121,1.00333,2.9683,0.0,0.0,0.0,0.36862,0,1,0,1.23698,0.21563,0.79299,64,2,0,2,0,88,210,1,37,54,34,0.0
20260527-224029-sentence-script-a-large-flexible-amoeboi-2376c7,1821,30.47163,30.4726,2,1,0,0,digest,digest:inside,13.23674,1.05,2.93509,-0.2306,0.0,-0.19246,12.88335,1.02687,2.81191,0.0,0.0,0.0,0.37424,0,1,0,1.25,0.24092,0.76871,64,2,0,2,0,88,216,1,34,54,34,0.0
20260527-224029-sentence-script-a-large-flexible-amoeboi-2376c7,1836,30.72731,30.72828,2,1,0,0,digest,digest:inside,13.19749,1.05,2.88,-0.08431,0.0,-0.2251,12.90298,1.03236,2.65524,0.0,0.0,0.0,0.37048,0,1,0,1.25,0.26649,0.74417,64,2,0,2,0,88,220,1,33,56,34,0.0
20260527-224029-sentence-script-a-large-flexible-amoeboi-2376c7,1851,30.98475,30.98572,2,1,0,0,digest,digest:inside,13.19557,1.05,2.82561,0.05576,0.0,-0.18861,12.99565,1.01877,2.52648,0.0,0.0,0.0,0.35979,0,1,0,1.25,0.29224,0.71945,64,2,0,2,0,88,222,1,33,56,34,0.0
20260527-224029-sentence-script-a-large-flexible-amoeboi-2376c7,1866,31.24081,31.24178,2,1,0,0,digest,digest:inside,13.22429,1.05,2.78921,0.15258,0.0,-0.0944,13.14053,0.99102,2.45108,0.0,0.0,0.0,0.34834,0,1,0,1.25,0.31784,0.69487,64,2,0,2,0,88,227,1,33,54,34,0.0
20260527-224029-sentence-script-a-large-flexible-amoeboi-2376c7,1881,31.49849,31.49947,2,1,0,0,digest,digest:inside,13.26935,1.05,2.78166,0.18295,0.0,0.02935,13.30915,0.95747,2.44265,0.0,0.0,0.0,0.34134,0,1,0,1.25,0.34361,0.67013,64,2,0,2,0,88,230,1,31,54,34,0.0
20260527-224029-sentence-script-a-large-flexible-amoeboi-2376c7,1896,31.75444,31.75542,2,1,0,0,digest,digest:inside,13.31197,1.05,2.80529,0.14177,0.0,0.14295,13.46532,0.92846,2.50229,0.0,0.0,0.0,0.33959,0,1,0,1.25,0.36921,0.64556,64,2,0,2,0,88,231,1,29,51,34,0.0
20260527-224029-sentence-script-a-large-flexible-amoeboi-2376c7,1911,32.02046,32.02143,2,1,0,0,digest,digest:inside,13.33636,1.05,2.85473,0.0411,0.0,0.21352,13.583,0.9118,2.62253,0.0,0.0,0.0,0.33875,0,1,0,1.25,0.39581,0.62002,64,2,0,2,0,88,237,1,26,52,34,0.0
20260527-224029-sentence-script-a-large-flexible-amoeboi-2376c7,1926,32.27575,32.27673,2,1,0,0,digest,digest:inside,13.33075,1.05,2.91085,-0.07741,0.0,0.21442,13.63245,0.91327,2.76982,0.0,0.0,0.0,0.33303,0,1,0,1.25,0.42134,0.59552,64,2,0,2,0,88,243,1,26,55,34,0.0
20260527-224029-sentence-script-a-large-flexible-amoeboi-2376c7,1941,32.53126,32.53224,2,1,0,0,digest,digest:inside,13.29642,1.05,2.958,-0.1786,0.0,0.14919,13.61358,0.93126,2.92016,0.0,0.0,0.0,0.3194,0,1,0,1.25,0.44689,0.57099,64,2,0,2,0,88,248,1,26,55,34,0.0
20260527-224029-sentence-script-a-large-flexible-amoeboi-2376c7,1956,32.78626,32.78724,2,1,0,0,digest,digest:inside,13.24262,1.05,2.98159,-0.22971,0.0,0.03816,13.53512,0.96054,3.04706,0.0,0.0,0.0,0.29974,0,1,0,1.25,0.47239,0.54651,64,2,0,2,0,88,256,1,25,58,34,0.0
20260527-224029-sentence-script-a-large-flexible-amoeboi-2376c7,1971,33.03947,33.04045,2,1,0,0,digest,digest:inside,13.18509,1.05,2.97463,-0.21449,0.0,-0.08385,13.41799,0.99279,3.13194,0.0,0.0,0.0,0.28106,0,1,0,1.25,0.49771,0.5222,64,2,0,2,0,88,262,1,24,60,34,0.0
20260527-224029-sentence-script-a-large-flexible-amoeboi-2376c7,1986,33.29656,33.29753,2,1,0,0,digest,digest:inside,13.13958,1.05,2.93872,-0.13562,0.0,-0.18167,13.28509,1.02,3.16864,0.0,0.0,0.0,0.27209,0,1,0,1.25,0.52342,0.49752,64,2,0,2,0,88,268,1,23,60,34,0.0
20260527-224029-sentence-script-a-large-flexible-amoeboi-2376c7,2001,33.54993,33.55091,2,1,0,0,digest,digest:inside,13.12056,1.05,2.88576,-0.01859,0.0,-0.2229,13.16519,1.03456,3.15992,0.0,0.0,0.0,0.27778,0,1,0,1.25,0.54876,0.47319,64,2,0,2,0,88,268,1,22,55,34,0.0
20260527-224029-sentence-script-a-large-flexible-amoeboi-2376c7,2016,33.81701,33.81799,2,1,0,0,digest,digest:inside,13.13407,1.05,2.82881,0.10833,0.0,-0.19323,13.07098,1.03332,3.11622,0.0,0.0,0.0,0.29426,0,1,0,1.25,0.57546,0.44756,64,2,0,2,0,88,271,1,21,52,34,0.0
20260527-224029-sentence-script-a-large-flexible-amoeboi-2376c7,2031,34.07475,34.07573,2,1,0,0,digest,digest:inside,13.17507,1.05,2.79036,0.19545,0.0,-0.10299,13.0203,1.01742,3.05791,0.0,0.0,0.0,0.3091,0,1,0,1.25,0.60124,0.42281,64,2,0,2,0,88,273,1,19,46,34,0.0
20260527-224029-sentence-script-a-large-flexible-amoeboi-2376c7,2046,34.33736,34.33834,2,1,0,0,digest,digest:inside,13.23143,1.05,2.78053,0.22005,0.0,0.02189,13.00746,0.99207,2.9985,0.0,0.0,0.0,0.31253,0,1,0,1.25,0.6275,0.3976,64,2,0,2,0,88,278,1,17,48,34,0.0
20260527-224029-sentence-script-a-large-flexible-amoeboi-2376c7,2068,34.58783,34.5888,2,1,0,0,digest,digest:inside,13.28223,1.05,2.80138,0.1771,0.0,0.13535,13.02254,0.96681,2.95078,0.0,0.0,0.0,0.29959,0,1,0,1.25,0.65254,0.37356,64,2,0,2,0,88,287,1,15,54,34,0.0
20260527-224029-sentence-script-a-large-flexible-amoeboi-2376c7,2100,34.8441,34.84507,2,1,0,0,digest,digest:inside,13.31551,1.05,2.84722,0.07857,0.0,0.21069,13.05302,0.94738,2.91356,0.0,0.0,0.0,0.27075,0,1,0,1.25,0.67817,0.34896,64,2,0,2,0,88,289,1,12,51,34,0.0
20260527-224029-sentence-script-a-large-flexible-amoeboi-2376c7,2116,35.10382,35.1048,2,1,0,0,digest,digest:inside,13.31868,1.05,2.90471,-0.04698,0.0,0.21948,13.08684,0.93983,2.88331,0.0,0.0,0.0,0.23283,0,1,0,1.25,0.70414,0.32402,64,2,0,2,0,88,289,1,10,46,34,0.0
20260527-224029-sentence-script-a-large-flexible-amoeboi-2376c7,2131,35.35812,35.3591,2,1,0,0,digest,digest:inside,13.2913,1.05,2.95386,-0.15564,0.0,0.16084,13.11729,0.94636,2.8526,0.0,0.0,0.0,0.20133,0,1,0,1.25,0.72957,0.29961,64,2,0,2,0,88,292,1,8,45,34,0.0
20260527-224029-sentence-script-a-large-flexible-amoeboi-2376c7,2146,35.61377,35.61474,2,1,0,0,digest,digest:inside,13.24187,1.05,2.98099,-0.2169,0.0,0.05288,13.145,0.96471,2.81404,0.0,0.0,0.0,0.19302,0,1,0,1.25,0.75514,0.27507,64,2,0,2,0,88,300,1,6,49,34,0.0
20260527-224029-sentence-script-a-large-flexible-amoeboi-2376c7,2161,35.87131,35.87229,2,1,0,0,digest,digest:inside,13.18531,1.05,2.97739,-0.21097,0.0,-0.07195,13.17468,0.98982,2.76561,0.0,0.0,0.0,0.21204,0,1,0,1.25,0.78089,0.25034,64,2,0,2,0,88,311,1,6,53,34,0.0
20260527-224029-sentence-script-a-large-flexible-amoeboi-2376c7,2176,36.12382,36.1248,2,1,0,0,digest,digest:inside,13.14028,1.05,2.94485,-0.14103,0.0,-0.17254,13.21154,1.0142,2.71374,0.0,0.0,0.0,0.24185,0,1,0,1.25,0.80614,0.2261,64,2,0,2,0,88,318,1,6,56,34,0.0
20260527-224029-sentence-script-a-large-flexible-amoeboi-2376c7,2191,36.37737,36.37834,2,1,0,0,digest,digest:inside,13.11922,1.05,2.8932,-0.02811,0.0,-0.22114,13.25996,1.03215,2.6681,0.0,0.0,0.0,0.26547,0,1,0,1.25,0.8315,0.20176,64,2,0,2,0,88,320,1,5,53,34,0.0
20260527-224029-sentence-script-a-large-flexible-amoeboi-2376c7,2206,36.63235,36.63333,2,1,0,0,digest,digest:inside,13.12889,1.05,2.83793,0.094,0.0,-0.20226,13.31856,1.03938,2.64267,0.0,0.0,0.0,0.27222,0,1,0,1.25,0.857,0.17728,64,2,0,2,0,88,321,1,2,51,34,0.0
20260527-224029-sentence-script-a-large-flexible-amoeboi-2376c7,2221,36.88842,36.8894,2,1,0,0,digest,digest:inside,13.16672,1.05,2.79613,0.1876,0.0,-0.12084,13.37929,1.03467,2.65038,0.0,0.0,0.0,0.25773,0,1,0,1.25,0.8826,0.1527,64,2,0,2,0,88,325,1,2,53,34,0.0
20260527-224029-sentence-script-a-large-flexible-amoeboi-2376c7,2237,37.1523,37.15327,2,1,0,0,digest,digest:inside,13.2228,1.05,2.78098,0.22334,0.0,0.0018,13.42986,1.01975,2.69993,0.0,0.0,0.0,0.22235,0,1,0,1.25,0.90899,0.12737,64,2,0,2,0,88,330,1,2,54,34,0.0
20260527-224029-sentence-script-a-large-flexible-amoeboi-2376c7,2253,37.41013,37.4111,2,1,0,0,digest,digest:inside,13.27695,1.05,2.79827,0.1876,0.0,0.1215,13.45238,1.00041,2.78596,0.0,0.0,0.0,0.17585,0,1,0,1.25,0.93477,0.10262,64,2,0,2,0,88,333,1,2,55,34,0.0
20260527-224029-sentence-script-a-large-flexible-amoeboi-2376c7,2269,37.66422,37.6652,2,1,0,0,digest,digest:inside,13.31305,1.05,2.84118,0.0948,0.0,0.20251,13.43726,0.98273,2.89416,0.0,0.0,0.0,0.13503,0,1,0,1.25,0.96018,0.07822,64,2,0,2,0,88,342,1,2,61,34,0.0
20260527-224029-sentence-script-a-large-flexible-amoeboi-2376c7,2285,37.92337,37.92435,2,1,0,0,digest,digest:inside,13.32076,1.05,2.89782,-0.02936,0.0,0.22159,13.38007,0.97143,3.00767,0.0,0.0,0.0,0.12484,0,1,0,1.25,0.9861,0.05334,64,2,0,2,0,88,347,1,1,59,34,0.0
20260527-224029-sentence-script-a-large-flexible-amoeboi-2376c7,2300,38.17845,38.17943,2,1,0,0,reset_pause,reset_pause:completion,13.30395,1.05,2.94911,-0.06624,0.0,0.17806,13.29561,0.96908,3.10158,0.0,0.0,0.0,0.1527,0,1,1,1.25,1.0,0.04,64,2,0,2,0,88,347,1,0,52,34,0.0
20260527-224029-sentence-script-a-large-flexible-amoeboi-2376c7,2315,38.43403,38.435,2,1,0,0,reset_pause,reset_pause:completion,13.28925,1.05,2.98862,-0.05053,0.0,0.13582,13.21532,0.97535,3.16918,0.0,0.0,0.0,0.19511,0,1,1,1.25,1.0,0.04,64,2,0,2,0,88,347,1,0,42,34,0.0
20260527-224029-sentence-script-a-large-flexible-amoeboi-2376c7,2330,38.69251,38.69349,2,1,0,0,reset_pause,reset_pause:completion,13.27793,1.05,3.01905,-0.03842,0.0,0.10328,13.1472,0.99015,3.20793,0.0,0.0,0.0,0.2297,0,1,1,1.25,1.0,0.04,64,2,0,2,0,88,347,1,0,40,34,0.0
20260527-224029-sentence-script-a-large-flexible-amoeboi-2376c7,2345,38.94923,38.95021,2,1,0,0,reset_pause,reset_pause:completion,13.26937,1.05,3.04206,-0.02927,0.0,0.07869,13.09899,1.0091,3.21828,0.0,0.0,0.0,0.24512,0,1,1,1.25,1.0,0.04,64,2,0,2,0,88,347,1,0,36,34,0.0
20260527-224029-sentence-script-a-large-flexible-amoeboi-2376c7,2361,39.20884,39.20981,2,1,0,0,reset_pause,reset_pause:completion,13.26279,1.05,3.05976,-0.02224,0.0,0.05977,13.07446,1.02705,3.20343,0.0,0.0,0.0,0.23687,0,1,1,1.25,1.0,0.04,64,2,0,2,0,88,347,1,0,32,34,0.0
20260527-224029-sentence-script-a-large-flexible-amoeboi-2376c7,2377,39.46712,39.4681,2,1,0,0,reset_pause,reset_pause:completion,13.2578,1.05,3.07316,-0.01691,0.0,0.04547,13.07603,1.03857,3.16834,0.0,0.0,0.0,0.20518,0,1,1,1.25,1.0,0.04,64,2,0,2,0,88,347,1,0,26,34,0.0
20260527-224029-sentence-script-a-large-flexible-amoeboi-2376c7,2393,39.72377,39.72475,2,1,0,0,reset_pause,reset_pause:completion,13.25404,1.05,3.08329,-0.01289,0.0,0.03465,13.10208,1.04048,3.11974,0.0,0.0,0.0,0.15627,0,1,1,1.25,1.0,0.04,64,2,0,2,0,88,347,1,0,23,34,0.0
20260527-224029-sentence-script-a-large-flexible-amoeboi-2376c7,2409,39.98466,39.98564,2,1,0,0,reset_pause,reset_pause:completion,13.25112,1.05,3.09112,-0.00978,0.0,0.02628,13.14933,1.03212,3.0638,0.0,0.0,0.0,0.1054,0,1,1,1.25,1.0,0.04,64,2,0,2,0,88,347,1,0,19,34,0.0
20260527-224029-sentence-script-a-large-flexible-amoeboi-2376c7,2424,40.24165,40.24263,2,1,0,0,reset_pause,reset_pause:completion,13.24894,1.05,3.09698,-0.00745,0.0,0.02002,13.20973,1.0161,3.00985,0.0,0.0,0.0,0.09555,0,1,1,1.25,1.0,0.04,64,2,0,2,0,88,347,1,0,19,34,0.0
20260527-224029-sentence-script-a-large-flexible-amoeboi-2376c7,2438,40.50265,40.50362,3,1,0,0,artistic_mark,artistic_mark:reset,3.75765,1.05,4.61526,-0.08399,0.0,-0.44245,-3.01326,0.86,-8.08523,0.19342,0.0,-0.38094,14.39262,0,0,0,0.0,0.0,1.0,64,2,0,2,0,104,347,2,16,0,0,0.0
20260527-224029-sentence-script-a-large-flexible-amoeboi-2376c7,2453,40.75528,40.75625,3,1,0,0,artistic_mark,artistic_mark:reset,3.74979,1.05,4.44357,0.0409,0.0,-0.88795,-2.94739,0.86,-8.22645,0.29096,0.0,-0.69474,14.33113,0,0,0,0.0,0.0,1.0,64,2,0,2,0,120,359,2,32,12,0,0.0
20260527-224029-sentence-script-a-large-flexible-amoeboi-2376c7,2468,41.00652,41.00749,3,1,0,0,artistic_mark,artistic_mark:reset,3.79145,1.05,4.16178,0.2875,0.0,-1.32256,-2.87591,0.86,-8.43496,0.25501,0.0,-0.93799,14.25242,0,0,0,0.0,0.0,1.0,64,2,0,2,0,137,363,2,49,16,0,0.0
20260527-224029-sentence-script-a-large-flexible-amoeboi-2376c7,2483,41.25864,41.25962,3,1,0,0,artistic_mark,artistic_mark:reset,3.90222,1.05,3.77355,0.571,0.0,-1.72213,-2.83627,0.86,-8.68534,0.05347,0.0,-1.03618,14.16443,0,0,0,0.0,0.0,1.0,64,2,0,2,0,153,364,2,65,17,0,0.0
20260527-224029-sentence-script-a-large-flexible-amoeboi-2376c7,2498,41.51231,41.51328,3,1,0,0,artistic_mark,artistic_mark:reset,4.08089,1.05,3.28937,0.8073,0.0,-2.05992,-2.86324,0.86,-8.95052,-0.26155,0.0,-1.03655,14.07252,0,0,0,0.0,0.0,1.0,64,2,0,2,0,169,369,2,81,22,0,0.0
20260527-224029-sentence-script-a-large-flexible-amoeboi-2376c7,2513,41.7715,41.77248,3,1,0,0,artistic_mark,artistic_mark:reset,4.30964,1.05,2.71833,0.92418,0.0,-2.31151,-2.98344,0.86,-9.21113,-0.6457,0.0,-0.97202,13.98217,0,0,0,0.0,0.0,1.0,64,2,0,2,0,186,373,2,98,26,0,0.0
20260527-224029-sentence-script-a-large-flexible-amoeboi-2376c7,2527,42.02596,42.02694,3,1,0,0,artistic_mark,artistic_mark:reset,4.54123,1.05,2.10981,0.87032,0.0,-2.44141,-3.20376,0.86,-9.44186,-1.04432,0.0,-0.86155,13.90776,0,0,0,0.0,0.0,1.0,64,2,0,2,0,201,373,2,113,26,0,0.0
20260527-224029-sentence-script-a-large-flexible-amoeboi-2376c7,2542,42.27747,42.27845,3,1,0,0,artistic_mark,artistic_mark:reset,4.73303,1.05,1.49334,0.64191,0.0,-2.43788,-3.51029,0.86,-9.64418,-1.35776,0.0,-0.75953,13.85629,0,0,0,0.0,0.0,1.0,64,2,0,2,0,217,377,2,129,30,0,0.0
20260527-224029-sentence-script-a-large-flexible-amoeboi-2376c7,2557,42.53023,42.53121,3,1,0,0,artistic_mark,artistic_mark:reset,4.84621,1.05,0.89371,0.25651,0.0,-2.29328,-3.88712,0.86,-9.82636,-1.5751,0.0,-0.6944,13.82718,0,0,0,0.0,0.0,1.0,64,2,0,2,0,234,377,2,146,29,0,0.0
20260527-224029-sentence-script-a-large-flexible-amoeboi-2376c7,2572,42.7811,42.78208,3,1,0,0,artistic_mark,artistic_mark:reset,4.84635,1.05,0.35232,-0.23626,0.0,-2.02183,-4.29348,0.86,-9.99753,-1.63997,0.0,-0.69572,13.80782,0,0,0,0.0,0.0,1.0,64,2,0,2,0,250,381,2,162,32,0,0.0
20260527-224029-sentence-script-a-large-flexible-amoeboi-2376c7,2587,43.03557,43.03655,3,1,0,0,artistic_mark,artistic_mark:reset,4.71155,1.05,-0.11349,-0.79022,0.0,-1.65253,-4.70312,0.86,-10.19359,-1.55964,0.0,-0.85777,13.79291,0,0,0,0.0,0.0,1.0,64,2,0,2,0,266,382,2,178,30,0,0.0
20260527-224029-sentence-script-a-large-flexible-amoeboi-2376c7,2603,43.29437,43.29535,3,1,0,0,artistic_mark,artistic_mark:reset,4.42963,1.05,-0.48458,-1.34758,0.0,-1.2407,-5.08578,0.86,-10.44551,-1.39077,0.0,-1.08578,13.77546,0,0,0,0.0,0.0,1.0,64,2,0,2,0,284,388,2,196,35,0,0.0
20260527-224029-sentence-script-a-large-flexible-amoeboi-2376c7,2619,43.55111,43.55208,3,1,0,0,artistic_mark,artistic_mark:reset,4.01493,1.05,-0.75068,-1.83764,0.0,-0.8674,-5.41076,0.86,-10.76416,-1.14303,0.0,-1.37954,13.75185,0,0,0,0.0,0.0,1.0,64,2,0,2,0,301,399,2,213,45,0,0.0
20260527-224029-sentence-script-a-large-flexible-amoeboi-2376c7,2635,43.80835,43.80932,3,1,0,0,artistic_mark,artistic_mark:reset,3.48758,1.05,-0.93384,-2.21638,0.0,-0.59524,-5.66939,0.86,-11.15644,-0.89059,0.0,-1.65921,13.72412,0,0,0,0.0,0.0,1.0,64,2,0,2,0,318,401,2,230,41,0,0.0
20260527-224029-sentence-script-a-large-flexible-amoeboi-2376c7,2651,44.07199,44.07296,3,1,0,0,artistic_mark,artistic_mark:reset,2.86736,1.05,-1.0695,-2.44431,0.0,-0.46976,-5.87085,0.86,-11.62812,-0.67214,0.0,-1.88924,13.70551,0,0,0,0.0,0.0,1.0,64,2,0,2,0,336,404,2,240,43,0,0.0
20260527-224029-sentence-script-a-large-flexible-amoeboi-2376c7,2666,44.32385,44.32483,3,1,0,0,artistic_mark,artistic_mark:reset,2.24289,1.05,-1.18993,-2.4812,0.0,-0.50926,-6.02531,0.86,-12.12275,-0.56631,0.0,-2.01284,13.70729,0,0,0,0.0,0.0,1.0,64,2,0,2,0,352,407,2,240,44,0,0.0
20260527-224029-sentence-script-a-large-flexible-amoeboi-2376c7,2681,44.58248,44.58346,3,1,0,0,artistic_mark,artistic_mark:reset,1.61866,1.05,-1.3445,-2.32428,0.0,-0.69535,-6.17163,0.86,-12.64631,-0.58817,0.0,-2.03069,13.7266,0,0,0,0.0,0.0,1.0,64,2,0,2,0,369,412,2,240,46,0,0.0
20260527-224029-sentence-script-a-large-flexible-amoeboi-2376c7,2696,44.84082,44.8418,3,1,0,0,artistic_mark,artistic_mark:reset,1.06113,1.05,-1.5629,-1.98758,0.0,-0.98994,-6.34224,0.86,-13.15983,-0.74458,0.0,-1.938,13.75859,0,0,0,0.0,0.0,1.0,64,2,0,2,0,385,415,2,240,45,0,0.0
20260527-224029-sentence-script-a-large-flexible-amoeboi-2376c7,2711,45.0975,45.09847,3,1,0,0,artistic_mark,artistic_mark:reset,0.61263,1.05,-1.86463,-1.52182,0.0,-1.34385,-6.56912,0.86,-13.63966,-1.00816,0.0,-1.80624,13.79234,0,0,0,0.0,0.0,1.0,64,2,0,2,0,401,415,2,240,39,0,0.0
20260527-224029-sentence-script-a-large-flexible-amoeboi-2376c7,2726,45.35535,45.35632,3,1,0,0,artistic_mark,artistic_mark:reset,0.29239,1.05,-2.26248,-0.99425,0.0,-1.71685,-6.87515,0.86,-14.08015,-1.34132,0.0,-1.62219,13.82139,0,0,0,0.0,0.0,1.0,64,2,0,2,0,418,417,2,240,39,0,0.0
20260527-224029-sentence-script-a-large-flexible-amoeboi-2376c7,2741,45.61419,45.61516,3,1,0,0,artistic_mark,artistic_mark:reset,0.10612,1.05,-2.75652,-0.49004,0.0,-2.07044,-7.26671,0.86,-14.47267,-1.65825,0.0,-1.42432,13.84293,0,0,0,0.0,0.0,1.0,64,2,0,2,0,434,420,2,240,38,0,0.0
20260527-224029-sentence-script-a-large-flexible-amoeboi-2376c7,2756,45.879,45.87997,3,1,0,0,ritual_orbit,ritual_orbit:timer,0.04289,1.05,-3.35491,0.00027,0.0,-2.45228,-7.56065,0.86,-14.48241,-0.27214,0.0,1.7433,13.47721,0,0,0,0.0,0.0,1.0,64,2,0,2,7,445,423,2,240,37,0,0.0
20260527-224029-sentence-script-a-large-flexible-amoeboi-2376c7,2771,46.14575,46.14673,3,1,0,0,ritual_orbit,ritual_orbit:timer,0.10788,1.05,-4.06771,0.43155,0.0,-2.8551,-7.6737,0.86,-14.07712,-0.55068,0.0,1.33474,12.67838,0,0,0,0.0,0.0,1.0,64,2,0,2,22,449,423,2,240,33,0,0.0
20260527-224029-sentence-script-a-large-flexible-amoeboi-2376c7,2786,46.40077,46.40175,3,1,0,0,ritual_orbit,ritual_orbit:timer,0.25709,1.05,-4.8402,0.68805,0.0,-3.12515,-7.84428,0.86,-13.78274,-0.77548,0.0,1.01212,12.06654,0,0,0,0.0,0.0,1.0,64,2,0,2,37,450,423,2,240,32,0,0.0
20260527-224029-sentence-script-a-large-flexible-amoeboi-2376c7,2801,46.66096,46.66193,3,1,0,0,ritual_orbit,ritual_orbit:timer,0.44851,1.05,-5.65047,0.75951,0.0,-3.10856,-8.07832,0.86,-13.55559,-1.01053,0.0,0.76865,11.62746,0,0,0,0.0,0.0,1.0,64,2,0,2,52,453,423,2,240,29,0,0.0
20260527-224029-sentence-script-a-large-flexible-amoeboi-2376c7,2816,46.9236,46.92458,3,1,0,0,ritual_orbit,ritual_orbit:timer,0.64571,1.05,-6.46747,0.72931,0.0,-3.11578,-8.36871,0.86,-13.37745,-1.19369,0.0,0.61007,11.35815,0,0,0,0.0,0.0,1.0,64,2,0,2,67,455,423,2,240,23,0,0.0
20260527-224029-sentence-script-a-large-flexible-amoeboi-2376c7,2831,47.17785,47.17882,3,1,0,0,ritual_orbit,ritual_orbit:timer,0.81847,1.05,-7.26246,0.6262,0.0,-3.13813,-8.69499,0.86,-13.24081,-1.36046,0.0,0.47636,11.23595,0,0,0,0.0,0.0,1.0,64,2,0,2,82,460,423,2,240,21,0,0.0
20260527-224029-sentence-script-a-large-flexible-amoeboi-2376c7,2846,47.43173,47.4327,3,1,0,0,ritual_orbit,ritual_orbit:timer,0.95719,1.05,-8.06285,0.46949,0.0,-3.16537,-9.06126,0.86,-13.12783,-1.51368,0.0,0.41369,11.22602,0,0,0,0.0,0.0,1.0,64,2,0,2,97,462,423,2,240,16,0,0.0
20260527-224029-sentence-script-a-large-flexible-amoeboi-2376c7,2861,47.69576,47.69674,3,1,0,0,ritual_orbit,ritual_orbit:timer,1.05317,1.05,-8.90216,0.26557,0.0,-3.18896,-9.48298,0.86,-13.02329,-1.65907,0.0,0.38217,11.31345,0,0,0,0.0,0.0,1.0,64,2,0,2,112,465,423,2,240,13,0,0.0
20260527-224029-sentence-script-a-large-flexible-amoeboi-2376c7,2875,47.94653,47.94751,3,1,0,0,ritual_orbit,ritual_orbit:timer,1.09063,1.05,-9.70359,0.04564,0.0,-3.19967,-9.91376,0.86,-12.92918,-1.76014,0.0,0.38626,11.4674,0,0,0,0.0,0.0,1.0,64,2,0,2,126,468,423,2,240,8,0,0.0
20260527-224029-sentence-script-a-large-flexible-amoeboi-2376c7,2890,48.19943,48.20041,3,1,0,0,ritual_orbit,ritual_orbit:timer,1.07035,1.05,-10.51243,-0.19207,0.0,-3.19423,-10.3682,0.86,-12.82697,-1.82863,0.0,0.433,11.67037,0,0,0,0.0,0.0,1.0,64,2,0,2,141,470,423,2,240,6,0,0.0
20260527-224029-sentence-script-a-large-flexible-amoeboi-2376c7,2906,48.45904,48.46002,3,1,0,0,ritual_orbit,ritual_orbit:timer,0.98504,1.05,-11.33856,-0.45282,0.0,-3.1678,-10.62438,0.86,-12.42877,-1.04295,0.0,1.53261,11.6605,0,0,0,0.0,0.0,1.0,64,2,0,2,157,474,423,2,240,6,0,0.0
20260527-224029-sentence-script-a-large-flexible-amoeboi-2376c7,2922,48.71604,48.71702,3,1,0,0,ritual_orbit,ritual_orbit:timer,0.83132,1.05,-12.14619,-0.72795,0.0,-3.1161,-10.91648,0.86,-12.04697,-1.20654,0.0,1.45548,11.74823,0,0,0,0.0,0.0,1.0,64,2,0,2,173,475,423,2,240,4,0,0.0
20260527-224029-sentence-script-a-large-flexible-amoeboi-2376c7,2938,48.97605,48.97703,3,1,0,0,ritual_orbit,ritual_orbit:timer,0.60293,1.05,-12.94596,-1.01113,0.0,-3.03605,-11.2464,0.86,-11.67015,-1.31224,0.0,1.43411,11.91781,0,0,0,0.0,0.0,1.0,64,2,0,2,189,481,423,2,240,4,0,0.0
20260527-224029-sentence-script-a-large-flexible-amoeboi-2376c7,2954,49.23919,49.24017,3,1,0,0,ritual_orbit,ritual_orbit:timer,0.29732,1.05,-13.73025,-1.2925,0.0,-2.92736,-11.60509,0.86,-11.29105,-1.40768,0.0,1.44732,12.14977,0,0,0,0.0,0.0,1.0,64,2,0,2,205,482,423,2,240,3,0,0.0
20260527-224029-sentence-script-a-large-flexible-amoeboi-2376c7,2970,49.49687,49.49784,3,1,0,0,ritual_orbit,ritual_orbit:timer,-0.07207,1.05,-14.46712,-1.5556,0.0,-2.79645,-11.97356,0.86,-10.91231,-1.44511,0.0,1.48505,12.42104,0,0,0,0.0,0.0,1.0,64,2,0,2,221,484,423,2,240,2,0,0.0
20260527-224029-sentence-script-a-large-flexible-amoeboi-2376c7,2986,49.75181,49.75279,3,1,0,0,ritual_orbit,ritual_orbit:timer,-0.49549,1.05,-14.63012,-1.77634,0.0,1.74581,-12.34731,0.86,-10.53117,-1.47409,0.0,1.50451,12.54062,0,0,0,0.0,0.0,1.0,64,2,0,2,237,485,423,2,240,0,0,0.0
20260527-224029-sentence-script-a-large-flexible-amoeboi-2376c7,3002,50.00959,50.01056,3,1,0,0,ritual_orbit,ritual_orbit:timer,-1.0052,1.05,-14.321,-2.14323,0.0,0.75187,-12.7304,0.86,-10.13845,-1.49696,0.0,1.52931,12.44886,0,0,0,0.0,0.0,1.0,64,2,0,2,253,487,423,2,240,0,0,0.0
20260527-224029-sentence-script-a-large-flexible-amoeboi-2376c7,3017,50.26121,50.26219,3,1,0,0,ritual_orbit,ritual_orbit:timer,-1.58576,1.05,-14.2388,-2.44387,0.0,-0.01638,-13.10908,0.86,-9.74613,-1.50663,0.0,1.58245,12.36815,0,0,0,0.0,0.0,1.0,64,2,0,2,268,490,423,2,240,0,0,0.0
20260527-224029-sentence-script-a-large-flexible-amoeboi-2376c7,3032,50.5167,50.51767,3,1,0,0,careful_stalk,careful_stalk:timer,-2.22967,1.05,-14.22506,-2.57628,0.0,0.15807,-13.51223,0.86,-9.35812,-1.64489,0.0,1.45568,12.28752,0,0,0,0.0,0.0,1.0,64,2,0,2,269,491,423,2,240,0,0,0.0
20260527-224029-sentence-script-a-large-flexible-amoeboi-2376c7,3047,50.7722,50.77317,3,1,0,0,careful_stalk,careful_stalk:timer,-2.90324,1.05,-14.16067,-2.68703,0.0,0.32545,-13.80645,0.86,-8.90718,-0.78061,0.0,1.99903,12.10285,0,0,0,0.0,0.0,1.0,64,2,0,2,269,493,423,2,240,0,0,0.0
20260527-224029-sentence-script-a-large-flexible-amoeboi-2376c7,3062,51.03861,51.03959,3,1,0,0,careful_stalk,careful_stalk:timer,-3.634,1.05,-14.0548,-2.78937,0.0,0.45457,-14.04412,0.86,-8.39564,-0.97857,0.0,1.85766,11.84891,0,0,0,0.0,0.0,1.0,64,2,0,2,269,495,423,2,240,0,0,0.0
20260527-224029-sentence-script-a-large-flexible-amoeboi-2376c7,3082,51.29648,51.29746,3,1,0,0,careful_stalk,careful_stalk:timer,-4.36557,1.05,-13.92354,-2.87811,0.0,0.55583,-14.3192,0.86,-7.92844,-1.14017,0.0,1.76951,11.61964,0,0,0,0.0,0.0,1.0,64,2,0,2,269,496,423,2,240,0,0,0.0
20260527-224029-sentence-script-a-large-flexible-amoeboi-2376c7,3111,51.55244,51.55342,3,1,0,0,careful_stalk,careful_stalk:timer,-5.11241,1.05,-13.76893,-2.95202,0.0,0.64899,-14.62718,0.86,-7.4788,-1.25553,0.0,1.74362,11.40598,0,0,0,0.0,0.0,1.0,64,2,0,2,269,497,423,2,240,0,0,0.0
20260527-224029-sentence-script-a-large-flexible-amoeboi-2376c7,3132,51.81919,51.82016,3,1,0,0,careful_stalk,careful_stalk:timer,-5.90769,1.05,-13.58167,-3.00275,0.0,0.75163,-14.91498,0.86,-6.98776,-0.53681,0.0,2.11114,11.16293,0,0,0,0.0,0.0,1.0,64,2,0,2,269,499,423,2,240,0,0,0.0
20260527-224029-sentence-script-a-large-flexible-amoeboi-2376c7,3147,52.07412,52.0751,3,1,0,0,careful_stalk,careful_stalk:timer,-6.60381,1.05,-13.21562,-2.63124,0.0,1.72324,-15.07585,0.86,-6.46086,-0.70044,0.0,2.04705,10.83523,0,0,0,0.0,0.0,1.0,64,2,0,2,269,501,423,2,240,0,0,0.0
20260527-224029-sentence-script-a-large-flexible-amoeboi-2376c7,3162,52.32922,52.33019,3,1,0,0,careful_stalk,careful_stalk:timer,-7.28446,1.05,-12.78081,-2.69279,0.0,1.69709,-15.27156,0.86,-5.9417,-0.82736,0.0,2.02094,10.51509,0,0,0,0.0,0.0,1.0,64,2,0,2,269,503,423,2,239,0,0,0.0
20260527-224029-sentence-script-a-large-flexible-amoeboi-2376c7,3177,52.59182,52.5928,3,1,0,0,careful_stalk,careful_stalk:timer,-7.99383,1.05,-12.33236,-2.69657,0.0,1.72293,-15.50452,0.86,-5.41404,-0.94213,0.0,2.00234,10.21144,0,0,0,0.0,0.0,1.0,64,2,0,2,269,504,423,2,237,0,0,0.0
20260527-224029-sentence-script-a-large-flexible-amoeboi-2376c7,3192,52.85005,52.85103,3,1,0,0,careful_stalk,careful_stalk:timer,-8.68433,1.05,-11.8785,-2.64863,0.0,1.79576,-15.74949,0.86,-4.89443,-0.2245,0.0,2.2272,9.93446,0,0,0,0.0,0.0,1.0,64,2,0,2,269,505,423,2,234,0,0,0.0
20260527-224029-sentence-script-a-large-flexible-amoeboi-2376c7,3207,53.10453,53.10551,3,1,0,0,careful_stalk,careful_stalk:timer,-9.34763,1.05,-11.40623,-2.56344,0.0,1.91511,-15.83658,0.86,-4.34056,-0.44856,0.0,2.1245,9.59323,0,0,0,0.0,0.0,1.0,64,2,0,2,269,509,423,2,235,0,0,0.0
20260527-224029-sentence-script-a-large-flexible-amoeboi-2376c7,3222,53.35823,53.35921,3,1,0,0,careful_stalk,careful_stalk:timer,-9.98186,1.05,-10.90057,-2.43868,0.0,2.06453,-15.97923,0.86,-3.81281,-0.65178,0.0,2.04397,9.28466,0,0,0,0.0,0.0,1.0,64,2,0,2,269,510,423,2,232,0,0,0.0
20260527-224029-sentence-script-a-large-flexible-amoeboi-2376c7,3237,53.61463,53.6156,3,1,0,0,careful_stalk,careful_stalk:timer,-10.58632,1.05,-10.34901,-2.28311,0.0,2.22775,-16.16791,0.86,-3.29373,0.03421,0.0,2.17596,8.99618,0,0,0,0.0,0.0,1.0,64,2,0,2,269,514,423,2,233,0,0,0.0
20260527-224029-sentence-script-a-large-flexible-amoeboi-2376c7,3252,53.88115,53.88212,3,1,0,0,careful_stalk,careful_stalk:timer,-11.16927,1.05,-9.73096,-2.1005,0.0,2.3979,-16.19471,0.86,-2.72094,-0.23227,0.0,2.12949,8.62529,0,0,0,0.0,0.0,1.0,64,2,0,2,269,516,423,2,231,0,0,0.0
20260527-224029-sentence-script-a-large-flexible-amoeboi-2376c7,3267,54.13937,54.14035,3,1,0,0,careful_stalk,careful_stalk:timer,-11.68629,1.05,-9.09008,-1.91679,0.0,2.55284,-16.28093,0.86,-2.17713,-0.42032,0.0,2.08725,8.30058,0,0,0,0.0,0.0,1.0,64,2,0,2,269,517,423,2,229,0,0,0.0
20260527-224029-sentence-script-a-large-flexible-amoeboi-2376c7,3282,54.39552,54.39649,3,1,0,0,careful_stalk,careful_stalk:timer,-12.15357,1.05,-8.41766,-1.74514,0.0,2.68226,-16.40397,0.86,-1.64461,-0.521,0.0,2.07475,7.99626,0,0,0,0.0,0.0,1.0,64,2,0,2,269,519,423,2,223,0,0,0.0
20260527-224029-sentence-script-a-large-flexible-amoeboi-2376c7,3297,54.65649,54.65747,3,1,0,0,careful_stalk,careful_stalk:timer,-12.58679,1.05,-7.70383,-1.58942,0.0,2.77736,-16.40181,0.86,-1.08498,0.06862,0.0,2.16275,7.6396,0,0,0,0.0,0.0,1.0,64,2,0,2,269,522,423,2,218,0,0,0.0
20260527-224029-sentence-script-a-large-flexible-amoeboi-2376c7,3312,54.91297,54.91395,3,1,0,0,careful_stalk,careful_stalk:timer,-12.97682,1.05,-6.98176,-1.4661,0.0,2.84439,-16.4039,0.86,-0.53118,-0.06536,0.0,2.15781,7.30444,0,0,0,0.0,0.0,1.0,64,2,0,2,269,523,423,2,213,0,0,0.0
20260527-224029-sentence-script-a-large-flexible-amoeboi-2376c7,3327,55.16551,55.16648,3,1,0,0,careful_stalk,careful_stalk:timer,-13.33502,1.05,-6.25741,-1.38306,0.0,2.88568,-16.43545,0.86,0.01694,-0.17884,0.0,2.18671,6.99858,0,0,0,0.0,0.0,1.0,64,2,0,2,269,526,423,2,202,0,0,0.0
20260527-224029-sentence-script-a-large-flexible-amoeboi-2376c7,3342,55.41906,55.42003,3,1,0,0,careful_stalk,careful_stalk:timer,-13.6792,1.05,-5.52267,-1.34148,0.0,2.90524,-16.48968,0.86,0.57639,-0.24817,0.0,2.21207,6.71546,0,0,0,0.0,0.0,1.0,64,2,0,2,269,529,423,2,186,0,0,0.0
20260527-224029-sentence-script-a-large-flexible-amoeboi-2376c7,3357,55.67114,55.67212,3,1,0,0,curious_dip,curious_dip:timer,-14.0034,1.05,-4.78889,-1.21082,0.0,2.94283,-16.39732,0.86,1.12606,0.29878,0.0,2.164,6.38102,0,0,0,0.0,0.0,1.0,64,2,0,2,269,531,423,2,175,0,0,0.0
20260527-224029-sentence-script-a-large-flexible-amoeboi-2376c7,3372,55.92371,55.92469,3,1,0,0,curious_dip,curious_dip:timer,-14.28383,1.05,-4.03131,-1.01986,0.0,3.03313,-16.34295,0.86,1.67526,0.13759,0.0,2.1923,6.06671,0,0,0,0.0,0.0,1.0,64,2,0,2,269,533,423,2,172,0,0,0.0
20260527-224029-sentence-script-a-large-flexible-amoeboi-2376c7,3387,56.1765,56.17747,3,1,0,0,curious_dip,curious_dip:timer,-14.45318,1.05,-3.24177,-0.57301,0.0,3.14828,-16.32882,0.86,2.23551,-0.00248,0.0,2.22649,5.78952,0,0,0,0.0,0.0,1.0,64,2,0,2,269,536,431,2,168,8,0,0.0
20260527-224029-sentence-script-a-large-flexible-amoeboi-2376c7,3402,56.43067,56.43165,3,1,0,0,curious_dip,curious_dip:timer,-14.61106,1.05,-2.44393,-0.67681,0.0,3.12761,-16.2044,0.86,2.78294,0.59848,0.0,2.13461,5.46433,0,0,0,0.0,0.0,1.0,64,2,0,2,269,538,431,2,157,8,0,0.0
20260527-224029-sentence-script-a-large-flexible-amoeboi-2376c7,3416,56.69382,56.6948,3,1,0,0,curious_dip,curious_dip:timer,-14.72832,1.05,-1.62131,-0.15144,0.0,3.10053,-16.0712,0.86,3.33964,0.43197,0.0,2.08088,5.13949,0,0,0,0.0,0.0,1.0,64,2,0,2,269,539,432,2,153,9,0,0.0
20260527-224029-sentence-script-a-large-flexible-amoeboi-2376c7,3431,56.95903,56.96001,3,1,0,0,curious_dip,curious_dip:timer,-14.80878,1.05,-0.83982,-0.41848,0.0,2.8004,-15.97673,0.86,3.88132,0.28252,0.0,2.02624,4.86346,0,0,0,0.0,0.0,1.0,64,2,0,2,269,541,433,2,145,10,0,0.0
20260527-224029-sentence-script-a-large-flexible-amoeboi-2376c7,3446,57.21174,57.21271,3,1,0,0,curious_dip,curious_dip:timer,-14.80189,1.05,-0.16727,0.10895,0.0,2.53291,-15.89461,0.86,4.38166,0.86534,0.0,1.80107,4.67834,0,0,0,0.0,0.0,1.0,64,2,0,2,269,543,436,2,134,13,0,0.0
20260527-224029-sentence-script-a-large-flexible-amoeboi-2376c7,3461,57.46614,57.46711,3,1,0,0,curious_dip,curious_dip:timer,-14.78819,1.05,0.44737,0.03388,0.0,2.3385,-15.69551,0.86,4.83563,0.69332,0.0,1.77399,4.48109,0,0,0,0.0,0.0,1.0,64,2,0,2,269,546,440,2,127,17,0,0.0
20260527-224029-sentence-script-a-large-flexible-amoeboi-2376c7,3476,57.72493,57.72591,3,1,0,0,curious_dip,curious_dip:timer,-14.7725,1.05,1.04624,0.09736,0.0,2.32238,-15.5384,0.86,5.29281,0.54194,0.0,1.76344,4.31508,0,0,0,0.0,0.0,1.0,64,2,0,2,269,548,440,2,110,17,0,0.0
20260527-224029-sentence-script-a-large-flexible-amoeboi-2376c7,3491,57.9863,57.98727,3,1,0,0,curious_dip,curious_dip:timer,-14.7356,1.05,1.67744,0.16803,0.0,2.53681,-15.41259,0.86,5.75662,0.42716,0.0,1.80197,4.13498,0,0,0,0.0,0.0,1.0,64,2,0,2,269,549,440,2,102,16,0,0.0
20260527-224029-sentence-script-a-large-flexible-amoeboi-2376c7,3506,58.23831,58.23929,3,1,0,0,curious_dip,curious_dip:timer,-14.63622,1.05,2.3563,0.58978,0.0,2.83671,-15.26107,0.86,6.19599,0.98097,0.0,1.59409,3.8902,0,0,0,0.0,0.0,1.0,64,2,0,2,269,550,442,2,94,18,0,0.0
20260527-224029-sentence-script-a-large-flexible-amoeboi-2376c7,3521,58.49235,58.49333,3,1,0,0,curious_dip,curious_dip:timer,-14.51768,1.05,3.12403,1.07204,0.0,3.0038,-15.04061,0.86,6.61695,0.78218,0.0,1.71619,3.53185,0,0,0,0.0,0.0,1.0,64,2,0,2,269,552,442,2,88,17,0,0.0
20260527-224029-sentence-script-a-large-flexible-amoeboi-2376c7,3535,58.7564,58.75738,3,1,0,0,wrap,wrap:contact,-14.30724,1.05,3.94111,0.5493,0.0,3.1525,-14.85893,0.86,7.08605,0.61349,0.0,1.80777,3.19296,0,0,0,0.0,0.0,1.0,64,2,0,2,269,555,446,2,87,18,0,0.0
20260527-224029-sentence-script-a-large-flexible-amoeboi-2376c7,3550,59.01622,59.01719,3,1,0,0,wrap,wrap:contact,-14.07436,1.05,4.73655,1.45067,0.0,2.85933,-14.60329,0.98389,6.67392,0.01806,0.0,0.02293,2.00827,1,0,0,0.25448,0.0,1.0,72,3,0,2,269,558,447,2,84,17,0,0.0
20260527-224029-sentence-script-a-large-flexible-amoeboi-2376c7,3565,59.26862,59.26959,3,1,0,0,wrap,wrap:contact,-13.78227,1.05,5.48712,1.2622,0.0,2.94055,-14.60809,1.04312,6.83648,0.0,0.0,0.0,1.58201,1,0,0,0.75802,0.0,1.0,87,3,0,2,269,560,450,2,83,18,0,0.0
20260527-224029-sentence-script-a-large-flexible-amoeboi-2376c7,3580,59.52914,59.53012,3,1,0,0,digest,digest:inside,-13.54807,1.05,6.0306,0.5766,0.0,1.09221,-13.13218,0.90241,5.86027,0.0,0.0,0.0,0.44942,0,1,0,1.03973,0.01256,0.98794,95,3,0,3,269,561,466,2,77,32,34,0.0
20260527-224029-sentence-script-a-large-flexible-amoeboi-2376c7,3594,59.7864,59.78737,3,1,0,0,digest,digest:inside,-13.40388,1.05,6.28181,0.54181,0.0,0.89525,-13.03332,0.94339,5.99991,0.0,0.0,0.0,0.4656,0,1,0,1.06546,0.03829,0.96324,95,3,0,3,269,561,468,2,74,32,34,0.0
